0.41851,0,0,0,0.17015,0,0,0,0.18418,0,0,0,0.14463,0,0,0,0.067164,0,0,0,0.015373
0.44127,0,0,0,0.24463,0,0,0,0.16896,0,0,0,0.094552,0,0,0,0.042239,0,0,0,0.0083582
0.35657,0,0,0,0.12784,0,0,0,0.1859,0,0,0,0.18978,0,0,0,0.10507,0,0,0,0.034851
0.38216,0,0,0,0.12284,0,0,0,0.1541,0,0,0,0.16672,0,0,0,0.12866,0,0,0,0.045522
0.35918,0,0,0,0.10672,0,0,0,0.20336,0,0,0,0.21097,0,0,0,0.10381,0,0,0,0.01597
0.39149,0,0,0,0.14433,0,0,0,0.18276,0,0,0,0.17209,0,0,0,0.08694,0,0,0,0.022388
0.35791,0,0,0,0.12993,0,0,0,0.17515,0,0,0,0.18507,0,0,0,0.11269,0,0,0,0.039254
0.43836,0,0,0,0.14963,0,0,0,0.15813,0,0,0,0.15739,0,0,0,0.079328,0,0,0,0.017164
0.39351,0,0,0,0.16604,0,0,0,0.19925,0,0,0,0.15336,0,0,0,0.071269,0,0,0,0.016567
0.41187,0,0,0,0.15045,0,0,0,0.18015,0,0,0,0.15373,0,0,0,0.081045,0,0,0,0.022761
0.4297,0,0,0,0.13821,0,0,0,0.17993,0,0,0,0.15888,0,0,0,0.076567,0,0,0,0.016716
0.43,0,0,0,0.14022,0,0,0,0.14776,0,0,0,0.15336,0,0,0,0.10291,0,0,0,0.025746
0.41343,0,0,0,0.17425,0,0,0,0.17776,0,0,0,0.13813,0,0,0,0.079179,0,0,0,0.017239
0.41343,0,0,0,0.17425,0,0,0,0.17776,0,0,0,0.13813,0,0,0,0.079179,0,0,0,0.017239
0.39866,0,0,0,0.17672,0,0,0,0.1956,0,0,0,0.14418,0,0,0,0.068731,0,0,0,0.016119
0.40201,0,0,0,0.1397,0,0,0,0.1809,0,0,0,0.16179,0,0,0,0.092985,0,0,0,0.022612
0.41843,0,0,0,0.14306,0,0,0,0.17388,0,0,0,0.14754,0,0,0,0.093209,0,0,0,0.023881
0.43634,0,0,0,0.12925,0,0,0,0.15015,0,0,0,0.16291,0,0,0,0.093209,0,0,0,0.028134
0.41045,0,0,0,0.12851,0,0,0,0.16843,0,0,0,0.16754,0,0,0,0.099851,0,0,0,0.025224
0.39179,0,0,0,0.16799,0,0,0,0.19127,0,0,0,0.1547,0,0,0,0.076269,0,0,0,0.017985
0.43269,0,0,0,0.12806,0,0,0,0.165,0,0,0,0.16149,0,0,0,0.091045,0,0,0,0.021716
0.40582,0,0,0,0.13619,0,0,0,0.16672,0,0,0,0.16925,0,0,0,0.09597,0,0,0,0.026045
0.5009,0,0,0,0.20978,0,0,0,0.15575,0,0,0,0.090896,0,0,0,0.036119,0,0,0,0.0065672
0.4259,0,0,0,0.12672,0,0,0,0.15082,0,0,0,0.16179,0,0,0,0.10299,0,0,0,0.031791
0.40903,0,0,0,0.12321,0,0,0,0.16873,0,0,0,0.17537,0,0,0,0.099925,0,0,0,0.023731
0.38888,0,0,0,0.1444,0,0,0,0.18813,0,0,0,0.17119,0,0,0,0.087313,0,0,0,0.020075
0.61388,0,0,0,0.14418,0,0,0,0.12201,0,0,0,0.081716,0,0,0,0.029328,0,0,0,0.0088806
0.425,0,0,0,0.13649,0,0,0,0.15903,0,0,0,0.16179,0,0,0,0.092537,0,0,0,0.025149
0.42597,0,0,0,0.11978,0,0,0,0.15784,0,0,0,0.15724,0,0,0,0.10336,0,0,0,0.035821
0.38239,0,0,0,0.14216,0,0,0,0.19396,0,0,0,0.16381,0,0,0,0.089179,0,0,0,0.028507
0.42276,0,0,0,0.14119,0,0,0,0.1691,0,0,0,0.16396,0,0,0,0.080522,0,0,0,0.022463
0.41336,0,0,0,0.12299,0,0,0,0.17754,0,0,0,0.16709,0,0,0,0.099478,0,0,0,0.019552
0.41231,0,0,0,0.1503,0,0,0,0.18448,0,0,0,0.14821,0,0,0,0.084254,0,0,0,0.020448
0.43963,0,0,0,0.155,0,0,0,0.16112,0,0,0,0.12955,0,0,0,0.084776,0,0,0,0.029925
0.4091,0,0,0,0.16351,0,0,0,0.16948,0,0,0,0.14925,0,0,0,0.083358,0,0,0,0.025299
0.39873,0,0,0,0.1256,0,0,0,0.18918,0,0,0,0.1709,0,0,0,0.091866,0,0,0,0.023731
0.41776,0,0,0,0.16075,0,0,0,0.18127,0,0,0,0.15194,0,0,0,0.073806,0,0,0,0.014478
0.40291,0,0,0,0.13866,0,0,0,0.1656,0,0,0,0.15224,0,0,0,0.10112,0,0,0,0.039478
0.37866,0,0,0,0.13097,0,0,0,0.17925,0,0,0,0.1747,0,0,0,0.10948,0,0,0,0.02694
0.4053,0,0,0,0.14373,0,0,0,0.17037,0,0,0,0.15896,0,0,0,0.09403,0,0,0,0.027612
0.42455,0,0,0,0.15172,0,0,0,0.19082,0,0,0,0.15358,0,0,0,0.068806,0,0,0,0.010522
0.42821,0,0,0,0.21619,0,0,0,0.19582,0,0,0,0.11037,0,0,0,0.038433,0,0,0,0.01097
0.43045,0,0,0,0.14709,0,0,0,0.19321,0,0,0,0.15194,0,0,0,0.065896,0,0,0,0.011418
0.4703,0,0,0,0.15179,0,0,0,0.16157,0,0,0,0.13201,0,0,0,0.068284,0,0,0,0.016045
0.40724,0,0,0,0.15336,0,0,0,0.17784,0,0,0,0.15112,0,0,0,0.086567,0,0,0,0.023881
0.45649,0,0,0,0.13067,0,0,0,0.20022,0,0,0,0.14172,0,0,0,0.054104,0,0,0,0.016791
0.42828,0,0,0,0.14955,0,0,0,0.16209,0,0,0,0.14425,0,0,0,0.090224,0,0,0,0.025597
0.45239,0,0,0,0.19007,0,0,0,0.1759,0,0,0,0.11709,0,0,0,0.054179,0,0,0,0.010373
0.38007,0,0,0,0.15567,0,0,0,0.18918,0,0,0,0.15799,0,0,0,0.093731,0,0,0,0.023358
0.4653,0,0,0,0.24321,0,0,0,0.15724,0,0,0,0.09403,0,0,0,0.033657,0,0,0,0.0065672
0.41142,0,0,0,0.15291,0,0,0,0.1694,0,0,0,0.14896,0,0,0,0.088881,0,0,0,0.028433
0.4294,0,0,0,0.12627,0,0,0,0.15418,0,0,0,0.15948,0,0,0,0.10373,0,0,0,0.02694
0.41858,0,0,0,0.15351,0,0,0,0.18336,0,0,0,0.15642,0,0,0,0.073881,0,0,0,0.014254
0.38903,0,0,0,0.11851,0,0,0,0.18597,0,0,0,0.16963,0,0,0,0.10366,0,0,0,0.033209
0.39746,0,0,0,0.1597,0,0,0,0.19418,0,0,0,0.15201,0,0,0,0.079104,0,0,0,0.017537
0.43246,0,0,0,0.13858,0,0,0,0.17403,0,0,0,0.15716,0,0,0,0.081194,0,0,0,0.016567
0.44276,0,0,0,0.11784,0,0,0,0.15604,0,0,0,0.15843,0,0,0,0.097687,0,0,0,0.027239
0.43963,0,0,0,0.1559,0,0,0,0.16284,0,0,0,0.1409,0,0,0,0.079254,0,0,0,0.021493
0.41866,0,0,0,0.16604,0,0,0,0.17463,0,0,0,0.12873,0,0,0,0.083731,0,0,0,0.028209
0.44082,0,0,0,0.14112,0,0,0,0.17694,0,0,0,0.14164,0,0,0,0.076045,0,0,0,0.023433
0.39291,0,0,0,0.14082,0,0,0,0.16485,0,0,0,0.17239,0,0,0,0.10373,0,0,0,0.025299
0.4003,0,0,0,0.14776,0,0,0,0.1753,0,0,0,0.1641,0,0,0,0.090149,0,0,0,0.022388
0.54075,0,0,0,0.1953,0,0,0,0.13313,0,0,0,0.095075,0,0,0,0.030672,0,0,0,0.0050746
0.54045,0,0,0,0.16179,0,0,0,0.14955,0,0,0,0.1003,0,0,0,0.040224,0,0,0,0.0076866
0.36358,0,0,0,0.19507,0,0,0,0.21567,0,0,0,0.14694,0,0,0,0.066343,0,0,0,0.012388
0.54358,0,0,0,0.15657,0,0,0,0.11784,0,0,0,0.093134,0,0,0,0.062836,0,0,0,0.026045
0.50828,0,0,0,0.16045,0,0,0,0.13791,0,0,0,0.10373,0,0,0,0.068358,0,0,0,0.021269
0.43216,0,0,0,0.17604,0,0,0,0.18575,0,0,0,0.14507,0,0,0,0.052015,0,0,0,0.0089552
0.43104,0,0,0,0.15813,0,0,0,0.18754,0,0,0,0.15,0,0,0,0.060746,0,0,0,0.012537
0.44485,0,0,0,0.15627,0,0,0,0.13784,0,0,0,0.135,0,0,0,0.10276,0,0,0,0.023284
0.38754,0,0,0,0.19791,0,0,0,0.21104,0,0,0,0.14194,0,0,0,0.053433,0,0,0,0.0081343
0.36351,0,0,0,0.185,0,0,0,0.1903,0,0,0,0.16381,0,0,0,0.080896,0,0,0,0.016493
0.40873,0,0,0,0.19231,0,0,0,0.19784,0,0,0,0.14127,0,0,0,0.05,0,0,0,0.0098507
0.44896,0,0,0,0.19873,0,0,0,0.16672,0,0,0,0.10828,0,0,0,0.058582,0,0,0,0.018731
0.3794,0,0,0,0.15418,0,0,0,0.19537,0,0,0,0.16478,0,0,0,0.084328,0,0,0,0.02194
0.40075,0,0,0,0.15313,0,0,0,0.19313,0,0,0,0.15918,0,0,0,0.075149,0,0,0,0.018657
0.45806,0,0,0,0.19403,0,0,0,0.17955,0,0,0,0.11142,0,0,0,0.045522,0,0,0,0.011418
0.37507,0,0,0,0.18127,0,0,0,0.20716,0,0,0,0.15321,0,0,0,0.07097,0,0,0,0.012313
0.53873,0,0,0,0.22097,0,0,0,0.1159,0,0,0,0.07709,0,0,0,0.040224,0,0,0,0.0070896
0.39843,0,0,0,0.155,0,0,0,0.19851,0,0,0,0.15455,0,0,0,0.078433,0,0,0,0.015075
0.41709,0,0,0,0.12836,0,0,0,0.16813,0,0,0,0.17127,0,0,0,0.090448,0,0,0,0.024701
0.4194,0,0,0,0.15299,0,0,0,0.17246,0,0,0,0.14104,0,0,0,0.078806,0,0,0,0.035299
0.5397,0,0,0,0.18687,0,0,0,0.14679,0,0,0,0.06903,0,0,0,0.040522,0,0,0,0.01709
0.40209,0,0,0,0.17634,0,0,0,0.17358,0,0,0,0.14015,0,0,0,0.082836,0,0,0,0.025
0.50724,0,0,0,0.15567,0,0,0,0.13149,0,0,0,0.10761,0,0,0,0.069478,0,0,0,0.028507
0.39328,0,0,0,0.18843,0,0,0,0.19246,0,0,0,0.14179,0,0,0,0.06903,0,0,0,0.015
0.53187,0,0,0,0.19888,0,0,0,0.15052,0,0,0,0.084254,0,0,0,0.030299,0,0,0,0.0041791
0.38507,0,0,0,0.14709,0,0,0,0.19104,0,0,0,0.15866,0,0,0,0.091567,0,0,0,0.026567
0.37925,0,0,0,0.17351,0,0,0,0.20612,0,0,0,0.16007,0,0,0,0.069776,0,0,0,0.011269
0.4456,0,0,0,0.20179,0,0,0,0.17858,0,0,0,0.11866,0,0,0,0.049403,0,0,0,0.0059701
0.3994,0,0,0,0.20328,0,0,0,0.17978,0,0,0,0.13187,0,0,0,0.065896,0,0,0,0.019776
0.38097,0,0,0,0.18328,0,0,0,0.18522,0,0,0,0.15396,0,0,0,0.075746,0,0,0,0.020821
0.38179,0,0,0,0.10164,0,0,0,0.15545,0,0,0,0.18448,0,0,0,0.13142,0,0,0,0.045224
0.42343,0,0,0,0.17291,0,0,0,0.16806,0,0,0,0.13567,0,0,0,0.077836,0,0,0,0.02209
0.39843,0,0,0,0.18515,0,0,0,0.20806,0,0,0,0.15328,0,0,0,0.047164,0,0,0,0.0079104
0.34791,0,0,0,0.12351,0,0,0,0.16843,0,0,0,0.18769,0,0,0,0.1309,0,0,0,0.041567
0.61507,0,0,0,0.18254,0,0,0,0.089627,0,0,0,0.071343,0,0,0,0.031194,0,0,0,0.010224
0.44918,0,0,0,0.17336,0,0,0,0.20522,0,0,0,0.11828,0,0,0,0.045373,0,0,0,0.0085821
0.49396,0,0,0,0.15694,0,0,0,0.14843,0,0,0,0.11701,0,0,0,0.065672,0,0,0,0.017985
0.43343,0,0,0,0.1847,0,0,0,0.19485,0,0,0,0.12112,0,0,0,0.055299,0,0,0,0.010597
0.42291,0,0,0,0.16731,0,0,0,0.18216,0,0,0,0.13328,0,0,0,0.074254,0,0,0,0.020075
0.41597,0,0,0,0.16799,0,0,0,0.19,0,0,0,0.13769,0,0,0,0.07209,0,0,0,0.016269
0.35231,0,0,0,0.15299,0,0,0,0.17716,0,0,0,0.17485,0,0,0,0.10769,0,0,0,0.035
0.44552,0,0,0,0.19657,0,0,0,0.15478,0,0,0,0.11291,0,0,0,0.06694,0,0,0,0.023284
0.4159,0,0,0,0.12112,0,0,0,0.16933,0,0,0,0.16978,0,0,0,0.099179,0,0,0,0.024701
0.38716,0,0,0,0.13157,0,0,0,0.17075,0,0,0,0.16769,0,0,0,0.11142,0,0,0,0.031418
0.4059,0,0,0,0.12828,0,0,0,0.16276,0,0,0,0.16112,0,0,0,0.10485,0,0,0,0.03709
0.38873,0,0,0,0.14978,0,0,0,0.17425,0,0,0,0.15896,0,0,0,0.10172,0,0,0,0.026567
0.43612,0,0,0,0.11627,0,0,0,0.15731,0,0,0,0.15985,0,0,0,0.10351,0,0,0,0.02694
0.39246,0,0,0,0.135,0,0,0,0.17731,0,0,0,0.17552,0,0,0,0.094104,0,0,0,0.025597
0.38903,0,0,0,0.1291,0,0,0,0.15799,0,0,0,0.1756,0,0,0,0.10955,0,0,0,0.038731
0.4694,0,0,0,0.24224,0,0,0,0.16373,0,0,0,0.071418,0,0,0,0.039925,0,0,0,0.013284
0.3959,0,0,0,0.17052,0,0,0,0.18687,0,0,0,0.14567,0,0,0,0.074179,0,0,0,0.026866
0.42657,0,0,0,0.17604,0,0,0,0.14634,0,0,0,0.12754,0,0,0,0.091493,0,0,0,0.032015
0.40843,0,0,0,0.13045,0,0,0,0.17269,0,0,0,0.1647,0,0,0,0.098209,0,0,0,0.025522
0.37463,0,0,0,0.17694,0,0,0,0.21791,0,0,0,0.15231,0,0,0,0.065672,0,0,0,0.012537
0.40522,0,0,0,0.15045,0,0,0,0.17403,0,0,0,0.15433,0,0,0,0.08903,0,0,0,0.02694
0.43276,0,0,0,0.14276,0,0,0,0.16761,0,0,0,0.14142,0,0,0,0.090299,0,0,0,0.025149
0.44179,0,0,0,0.22791,0,0,0,0.17903,0,0,0,0.10552,0,0,0,0.042015,0,0,0,0.0037313
0.41888,0,0,0,0.20299,0,0,0,0.19209,0,0,0,0.12104,0,0,0,0.055522,0,0,0,0.0094776
0.37843,0,0,0,0.15754,0,0,0,0.20246,0,0,0,0.165,0,0,0,0.080597,0,0,0,0.01597
0.39209,0,0,0,0.14254,0,0,0,0.18963,0,0,0,0.15739,0,0,0,0.091567,0,0,0,0.026791
0.43388,0,0,0,0.1197,0,0,0,0.17858,0,0,0,0.15985,0,0,0,0.087388,0,0,0,0.020597
0.41381,0,0,0,0.17731,0,0,0,0.20425,0,0,0,0.13993,0,0,0,0.055224,0,0,0,0.0094776
0.40582,0,0,0,0.13537,0,0,0,0.15575,0,0,0,0.16731,0,0,0,0.10276,0,0,0,0.032985
0.31522,0,0,0,0.11687,0,0,0,0.18299,0,0,0,0.20239,0,0,0,0.14246,0,0,0,0.040075
0.39701,0,0,0,0.1456,0,0,0,0.17776,0,0,0,0.1553,0,0,0,0.098358,0,0,0,0.02597
0.3441,0,0,0,0.11866,0,0,0,0.22821,0,0,0,0.18082,0,0,0,0.1003,0,0,0,0.02791
0.36246,0,0,0,0.11149,0,0,0,0.19963,0,0,0,0.19269,0,0,0,0.1056,0,0,0,0.028134
0.3591,0,0,0,0.12381,0,0,0,0.17209,0,0,0,0.18619,0,0,0,0.12075,0,0,0,0.03806
0.34455,0,0,0,0.10463,0,0,0,0.18918,0,0,0,0.22291,0,0,0,0.12075,0,0,0,0.017985
0.46373,0,0,0,0.14179,0,0,0,0.13418,0,0,0,0.12664,0,0,0,0.090896,0,0,0,0.042761
0.38672,0,0,0,0.18649,0,0,0,0.2047,0,0,0,0.13866,0,0,0,0.066866,0,0,0,0.016567
0.39769,0,0,0,0.1494,0,0,0,0.1847,0,0,0,0.16537,0,0,0,0.088284,0,0,0,0.014552
0.40187,0,0,0,0.18933,0,0,0,0.19366,0,0,0,0.14739,0,0,0,0.058955,0,0,0,0.008806
0.43388,0,0,0,0.1197,0,0,0,0.17858,0,0,0,0.15985,0,0,0,0.087388,0,0,0,0.020597
0.4056,0,0,0,0.14045,0,0,0,0.16104,0,0,0,0.14276,0,0,0,0.10545,0,0,0,0.044701
0.38075,0,0,0,0.16112,0,0,0,0.1897,0,0,0,0.16664,0,0,0,0.084254,0,0,0,0.017537
0.39881,0,0,0,0.15104,0,0,0,0.18187,0,0,0,0.16769,0,0,0,0.082239,0,0,0,0.018358
0.36866,0,0,0,0.15261,0,0,0,0.22657,0,0,0,0.17604,0,0,0,0.066045,0,0,0,0.010075
0.43485,0,0,0,0.13582,0,0,0,0.15284,0,0,0,0.15836,0,0,0,0.095448,0,0,0,0.022687
0.43978,0,0,0,0.21022,0,0,0,0.12552,0,0,0,0.10231,0,0,0,0.079701,0,0,0,0.042463
0.36418,0,0,0,0.18037,0,0,0,0.20761,0,0,0,0.1594,0,0,0,0.073582,0,0,0,0.014851
0.4347,0,0,0,0.12627,0,0,0,0.15321,0,0,0,0.14739,0,0,0,0.098134,0,0,0,0.040299
0.41366,0,0,0,0.17299,0,0,0,0.18993,0,0,0,0.15328,0,0,0,0.061791,0,0,0,0.0083582
0.38963,0,0,0,0.21112,0,0,0,0.19343,0,0,0,0.13216,0,0,0,0.061791,0,0,0,0.011866
0.36082,0,0,0,0.16799,0,0,0,0.20276,0,0,0,0.17373,0,0,0,0.077164,0,0,0,0.017537
0.35649,0,0,0,0.18731,0,0,0,0.18828,0,0,0,0.17552,0,0,0,0.080075,0,0,0,0.012313
0.42373,0,0,0,0.11679,0,0,0,0.17485,0,0,0,0.17545,0,0,0,0.09,0,0,0,0.019179
0.36336,0,0,0,0.14851,0,0,0,0.19216,0,0,0,0.18493,0,0,0,0.090821,0,0,0,0.020224
0.39679,0,0,0,0.15351,0,0,0,0.16903,0,0,0,0.15963,0,0,0,0.095075,0,0,0,0.02597
0.44493,0,0,0,0.18224,0,0,0,0.18701,0,0,0,0.14,0,0,0,0.040746,0,0,0,0.0050746
0.4394,0,0,0,0.1659,0,0,0,0.17351,0,0,0,0.13634,0,0,0,0.067761,0,0,0,0.01709
0.43873,0,0,0,0.11754,0,0,0,0.16993,0,0,0,0.15918,0,0,0,0.094776,0,0,0,0.019851
0.42694,0,0,0,0.17269,0,0,0,0.17843,0,0,0,0.13164,0,0,0,0.066194,0,0,0,0.024104
0.43567,0,0,0,0.16851,0,0,0,0.16739,0,0,0,0.13224,0,0,0,0.072463,0,0,0,0.023731
0.35179,0,0,0,0.11664,0,0,0,0.15582,0,0,0,0.18881,0,0,0,0.13948,0,0,0,0.047463
0.44209,0,0,0,0.17366,0,0,0,0.17858,0,0,0,0.1259,0,0,0,0.062463,0,0,0,0.017313
0.43903,0,0,0,0.17194,0,0,0,0.17127,0,0,0,0.14269,0,0,0,0.063955,0,0,0,0.011119
0.37104,0,0,0,0.17254,0,0,0,0.20739,0,0,0,0.15619,0,0,0,0.074627,0,0,0,0.018209
0.40784,0,0,0,0.16291,0,0,0,0.18903,0,0,0,0.14507,0,0,0,0.073582,0,0,0,0.021567
0.37642,0,0,0,0.14254,0,0,0,0.20806,0,0,0,0.17366,0,0,0,0.085075,0,0,0,0.014254
0.41231,0,0,0,0.14597,0,0,0,0.16784,0,0,0,0.15537,0,0,0,0.091716,0,0,0,0.026791
0.37776,0,0,0,0.14246,0,0,0,0.18142,0,0,0,0.1741,0,0,0,0.099627,0,0,0,0.024627
0.43164,0,0,0,0.15567,0,0,0,0.19134,0,0,0,0.145,0,0,0,0.066866,0,0,0,0.0094776
0.41418,0,0,0,0.17119,0,0,0,0.16373,0,0,0,0.14776,0,0,0,0.079403,0,0,0,0.023731
0.47164,0,0,0,0.21784,0,0,0,0.15933,0,0,0,0.10597,0,0,0,0.03694,0,0,0,0.0082836
0.44127,0,0,0,0.15418,0,0,0,0.17701,0,0,0,0.13657,0,0,0,0.069254,0,0,0,0.021716
0.42799,0,0,0,0.14381,0,0,0,0.15254,0,0,0,0.14425,0,0,0,0.09903,0,0,0,0.032388
0.44664,0,0,0,0.12799,0,0,0,0.15851,0,0,0,0.15933,0,0,0,0.089925,0,0,0,0.017612
0.43022,0,0,0,0.12634,0,0,0,0.16724,0,0,0,0.16522,0,0,0,0.089701,0,0,0,0.021269
0.44522,0,0,0,0.1303,0,0,0,0.17209,0,0,0,0.13649,0,0,0,0.08791,0,0,0,0.027985
0.40157,0,0,0,0.15216,0,0,0,0.18448,0,0,0,0.15851,0,0,0,0.08097,0,0,0,0.022313
0.4103,0,0,0,0.14201,0,0,0,0.15925,0,0,0,0.1691,0,0,0,0.099403,0,0,0,0.019925
0.39343,0,0,0,0.18463,0,0,0,0.17254,0,0,0,0.15119,0,0,0,0.077015,0,0,0,0.021194
0.39284,0,0,0,0.12552,0,0,0,0.17858,0,0,0,0.18761,0,0,0,0.095896,0,0,0,0.019552
0.45321,0,0,0,0.12522,0,0,0,0.15306,0,0,0,0.15567,0,0,0,0.089851,0,0,0,0.022985
0.40463,0,0,0,0.18351,0,0,0,0.19007,0,0,0,0.15336,0,0,0,0.059328,0,0,0,0.0091045
0.43619,0,0,0,0.1697,0,0,0,0.17604,0,0,0,0.13097,0,0,0,0.070149,0,0,0,0.01694
0.44522,0,0,0,0.10209,0,0,0,0.14731,0,0,0,0.16306,0,0,0,0.10978,0,0,0,0.032537
0.44836,0,0,0,0.13045,0,0,0,0.15612,0,0,0,0.14955,0,0,0,0.088881,0,0,0,0.026642
0.39313,0,0,0,0.16112,0,0,0,0.16873,0,0,0,0.1597,0,0,0,0.095373,0,0,0,0.02194
0.41306,0,0,0,0.11769,0,0,0,0.15828,0,0,0,0.16925,0,0,0,0.11276,0,0,0,0.028955
0.38112,0,0,0,0.17582,0,0,0,0.1809,0,0,0,0.15187,0,0,0,0.08694,0,0,0,0.023358
0.44112,0,0,0,0.11769,0,0,0,0.16134,0,0,0,0.16343,0,0,0,0.092463,0,0,0,0.023955
0.42828,0,0,0,0.11918,0,0,0,0.16388,0,0,0,0.16291,0,0,0,0.097537,0,0,0,0.028209
0.42366,0,0,0,0.13276,0,0,0,0.17224,0,0,0,0.16037,0,0,0,0.089851,0,0,0,0.021119
0.42179,0,0,0,0.11328,0,0,0,0.14604,0,0,0,0.16157,0,0,0,0.11716,0,0,0,0.040149
0.41179,0,0,0,0.10164,0,0,0,0.14619,0,0,0,0.17306,0,0,0,0.1259,0,0,0,0.041418
0.43037,0,0,0,0.13612,0,0,0,0.16045,0,0,0,0.15172,0,0,0,0.094179,0,0,0,0.027164
0.38866,0,0,0,0.15127,0,0,0,0.18985,0,0,0,0.16448,0,0,0,0.08709,0,0,0,0.018657
0.40649,0,0,0,0.12433,0,0,0,0.16067,0,0,0,0.17866,0,0,0,0.11082,0,0,0,0.01903
0.39672,0,0,0,0.12925,0,0,0,0.17896,0,0,0,0.16351,0,0,0,0.10493,0,0,0,0.026642
0.4394,0,0,0,0.12672,0,0,0,0.1494,0,0,0,0.14336,0,0,0,0.10284,0,0,0,0.038284
0.44425,0,0,0,0.16679,0,0,0,0.16888,0,0,0,0.13119,0,0,0,0.071343,0,0,0,0.017537
0.39224,0,0,0,0.14216,0,0,0,0.18246,0,0,0,0.16537,0,0,0,0.093433,0,0,0,0.024328
0.51978,0,0,0,0.14396,0,0,0,0.14851,0,0,0,0.11455,0,0,0,0.063507,0,0,0,0.0097015
0.43142,0,0,0,0.13396,0,0,0,0.18358,0,0,0,0.145,0,0,0,0.082985,0,0,0,0.02306
0.42172,0,0,0,0.20201,0,0,0,0.18784,0,0,0,0.12373,0,0,0,0.048582,0,0,0,0.016119
0.52948,0,0,0,0.1553,0,0,0,0.12754,0,0,0,0.09403,0,0,0,0.063134,0,0,0,0.030522
0.42888,0,0,0,0.13948,0,0,0,0.15097,0,0,0,0.14284,0,0,0,0.10246,0,0,0,0.035373
0.44687,0,0,0,0.13552,0,0,0,0.15313,0,0,0,0.14634,0,0,0,0.093507,0,0,0,0.024627
0.42507,0,0,0,0.11813,0,0,0,0.13687,0,0,0,0.16291,0,0,0,0.11321,0,0,0,0.043806
0.42343,0,0,0,0.10149,0,0,0,0.14582,0,0,0,0.18328,0,0,0,0.11,0,0,0,0.03597
0.40828,0,0,0,0.091791,0,0,0,0.15701,0,0,0,0.18179,0,0,0,0.12231,0,0,0,0.038806
0.49799,0,0,0,0.097761,0,0,0,0.12022,0,0,0,0.12933,0,0,0,0.10866,0,0,0,0.046045
0.45836,0,0,0,0.1547,0,0,0,0.16149,0,0,0,0.13373,0,0,0,0.073881,0,0,0,0.017836
0.50224,0,0,0,0.13918,0,0,0,0.13097,0,0,0,0.11881,0,0,0,0.085149,0,0,0,0.023657
0.44716,0,0,0,0.16343,0,0,0,0.1809,0,0,0,0.125,0,0,0,0.066418,0,0,0,0.01709
0.38784,0,0,0,0.1094,0,0,0,0.16604,0,0,0,0.18634,0,0,0,0.11537,0,0,0,0.035
0.43336,0,0,0,0.15821,0,0,0,0.1647,0,0,0,0.13657,0,0,0,0.081567,0,0,0,0.025597
0.455,0,0,0,0.2,0,0,0,0.17985,0,0,0,0.12045,0,0,0,0.039627,0,0,0,0.0050746
0.37328,0,0,0,0.092537,0,0,0,0.16172,0,0,0,0.19209,0,0,0,0.13619,0,0,0,0.044179
0.39097,0,0,0,0.11254,0,0,0,0.16037,0,0,0,0.18067,0,0,0,0.11813,0,0,0,0.037313
0.42843,0,0,0,0.14612,0,0,0,0.16507,0,0,0,0.14321,0,0,0,0.088881,0,0,0,0.028284
0.37873,0,0,0,0.10769,0,0,0,0.16701,0,0,0,0.1906,0,0,0,0.12328,0,0,0,0.032687
0.38216,0,0,0,0.089701,0,0,0,0.1556,0,0,0,0.20776,0,0,0,0.12642,0,0,0,0.038358
0.45709,0,0,0,0.10925,0,0,0,0.14978,0,0,0,0.14799,0,0,0,0.10612,0,0,0,0.029776
0.43082,0,0,0,0.15687,0,0,0,0.18179,0,0,0,0.14739,0,0,0,0.070075,0,0,0,0.01306
0.46478,0,0,0,0.17545,0,0,0,0.18082,0,0,0,0.11754,0,0,0,0.048881,0,0,0,0.012537
0.42045,0,0,0,0.12858,0,0,0,0.17179,0,0,0,0.17,0,0,0,0.089478,0,0,0,0.019701
0.42925,0,0,0,0.13,0,0,0,0.16455,0,0,0,0.16209,0,0,0,0.091866,0,0,0,0.022239
0.46052,0,0,0,0.1094,0,0,0,0.15388,0,0,0,0.145,0,0,0,0.098657,0,0,0,0.032537
0.37642,0,0,0,0.12463,0,0,0,0.1594,0,0,0,0.18321,0,0,0,0.12672,0,0,0,0.029627
0.44045,0,0,0,0.13037,0,0,0,0.15522,0,0,0,0.15813,0,0,0,0.092239,0,0,0,0.023582
0.43149,0,0,0,0.13388,0,0,0,0.16597,0,0,0,0.15112,0,0,0,0.092537,0,0,0,0.025
0.49463,0,0,0,0.1853,0,0,0,0.14515,0,0,0,0.097015,0,0,0,0.058881,0,0,0,0.01903
0.51045,0,0,0,0.15918,0,0,0,0.14507,0,0,0,0.10097,0,0,0,0.059104,0,0,0,0.025224
0.44313,0,0,0,0.11993,0,0,0,0.15246,0,0,0,0.15993,0,0,0,0.099776,0,0,0,0.024776
0.42657,0,0,0,0.14888,0,0,0,0.1506,0,0,0,0.15343,0,0,0,0.098284,0,0,0,0.022239
0.44918,0,0,0,0.10313,0,0,0,0.15112,0,0,0,0.16955,0,0,0,0.098134,0,0,0,0.028881
0.37903,0,0,0,0.097388,0,0,0,0.15142,0,0,0,0.18612,0,0,0,0.14082,0,0,0,0.045224
0.45052,0,0,0,0.12463,0,0,0,0.15403,0,0,0,0.15821,0,0,0,0.092388,0,0,0,0.020224
0.44276,0,0,0,0.10701,0,0,0,0.15478,0,0,0,0.16261,0,0,0,0.097164,0,0,0,0.035672
0.43194,0,0,0,0.11075,0,0,0,0.17,0,0,0,0.1544,0,0,0,0.10754,0,0,0,0.025373
0.39425,0,0,0,0.1794,0,0,0,0.17552,0,0,0,0.13985,0,0,0,0.083582,0,0,0,0.027388
0.40045,0,0,0,0.15142,0,0,0,0.19978,0,0,0,0.15754,0,0,0,0.073284,0,0,0,0.017537
0.40343,0,0,0,0.12164,0,0,0,0.17075,0,0,0,0.17978,0,0,0,0.10187,0,0,0,0.022537
0.34866,0,0,0,0.15276,0,0,0,0.20067,0,0,0,0.18201,0,0,0,0.095448,0,0,0,0.020448
0.375,0,0,0,0.15955,0,0,0,0.1841,0,0,0,0.16993,0,0,0,0.091418,0,0,0,0.02
0.40724,0,0,0,0.12164,0,0,0,0.17119,0,0,0,0.17231,0,0,0,0.10209,0,0,0,0.025522
0.45366,0,0,0,0.1109,0,0,0,0.14515,0,0,0,0.15724,0,0,0,0.10627,0,0,0,0.026791
0.38075,0,0,0,0.14045,0,0,0,0.20552,0,0,0,0.17075,0,0,0,0.085224,0,0,0,0.017313
0.39478,0,0,0,0.12873,0,0,0,0.18194,0,0,0,0.17903,0,0,0,0.094851,0,0,0,0.020672
0.39679,0,0,0,0.14336,0,0,0,0.18194,0,0,0,0.1709,0,0,0,0.090149,0,0,0,0.016866
0.38776,0,0,0,0.14388,0,0,0,0.18373,0,0,0,0.17037,0,0,0,0.094925,0,0,0,0.019328
0.40507,0,0,0,0.10694,0,0,0,0.15172,0,0,0,0.19254,0,0,0,0.11552,0,0,0,0.028209
0.41134,0,0,0,0.14955,0,0,0,0.18037,0,0,0,0.14873,0,0,0,0.085075,0,0,0,0.024925
0.36642,0,0,0,0.17761,0,0,0,0.18463,0,0,0,0.14522,0,0,0,0.089925,0,0,0,0.036194
0.3606,0,0,0,0.19216,0,0,0,0.20784,0,0,0,0.15948,0,0,0,0.06806,0,0,0,0.011866
0.39963,0,0,0,0.13351,0,0,0,0.17261,0,0,0,0.17194,0,0,0,0.09903,0,0,0,0.023284
0.39627,0,0,0,0.12597,0,0,0,0.1903,0,0,0,0.17388,0,0,0,0.089254,0,0,0,0.024328
0.41873,0,0,0,0.145,0,0,0,0.16284,0,0,0,0.16373,0,0,0,0.085149,0,0,0,0.024552
0.42388,0,0,0,0.14724,0,0,0,0.15903,0,0,0,0.14575,0,0,0,0.092836,0,0,0,0.031269
0.37851,0,0,0,0.13925,0,0,0,0.19276,0,0,0,0.19082,0,0,0,0.083134,0,0,0,0.015522
0.41828,0,0,0,0.14201,0,0,0,0.1606,0,0,0,0.15791,0,0,0,0.093358,0,0,0,0.027836
0.42276,0,0,0,0.17134,0,0,0,0.19157,0,0,0,0.14358,0,0,0,0.05791,0,0,0,0.012836
0.40313,0,0,0,0.13948,0,0,0,0.18284,0,0,0,0.15918,0,0,0,0.092463,0,0,0,0.02291
0.37993,0,0,0,0.1597,0,0,0,0.20157,0,0,0,0.16866,0,0,0,0.079478,0,0,0,0.010672
0.41918,0,0,0,0.15769,0,0,0,0.16739,0,0,0,0.14731,0,0,0,0.085373,0,0,0,0.02306
0.49948,0,0,0,0.1909,0,0,0,0.17933,0,0,0,0.10597,0,0,0,0.023358,0,0,0,0.00097015
0.43731,0,0,0,0.1491,0,0,0,0.17396,0,0,0,0.14082,0,0,0,0.079104,0,0,0,0.019701
0.36142,0,0,0,0.13418,0,0,0,0.18821,0,0,0,0.18701,0,0,0,0.10388,0,0,0,0.025299
0.39313,0,0,0,0.12022,0,0,0,0.18463,0,0,0,0.18433,0,0,0,0.095896,0,0,0,0.021791
0.39925,0,0,0,0.12493,0,0,0,0.17321,0,0,0,0.18164,0,0,0,0.10142,0,0,0,0.019552
0.38493,0,0,0,0.11299,0,0,0,0.17687,0,0,0,0.18209,0,0,0,0.11881,0,0,0,0.024328
0.41291,0,0,0,0.17403,0,0,0,0.18134,0,0,0,0.14649,0,0,0,0.067985,0,0,0,0.017239
0.455,0,0,0,0.1947,0,0,0,0.17813,0,0,0,0.11776,0,0,0,0.044627,0,0,0,0.0097761
0.47231,0,0,0,0.16687,0,0,0,0.16224,0,0,0,0.13612,0,0,0,0.053507,0,0,0,0.0089552
0.39299,0,0,0,0.12769,0,0,0,0.16985,0,0,0,0.16373,0,0,0,0.11097,0,0,0,0.034776
0.52799,0,0,0,0.15366,0,0,0,0.14373,0,0,0,0.10627,0,0,0,0.055522,0,0,0,0.012836
0.3506,0,0,0,0.16955,0,0,0,0.17694,0,0,0,0.15575,0,0,0,0.1103,0,0,0,0.036866
0.46858,0,0,0,0.12418,0,0,0,0.12358,0,0,0,0.13067,0,0,0,0.1091,0,0,0,0.043881
0.39112,0,0,0,0.15679,0,0,0,0.19433,0,0,0,0.16291,0,0,0,0.07903,0,0,0,0.015821
0.37799,0,0,0,0.1591,0,0,0,0.17724,0,0,0,0.17045,0,0,0,0.095522,0,0,0,0.019701
0.44082,0,0,0,0.12485,0,0,0,0.16343,0,0,0,0.15493,0,0,0,0.091866,0,0,0,0.024104
0.3906,0,0,0,0.13351,0,0,0,0.18067,0,0,0,0.17336,0,0,0,0.096642,0,0,0,0.025224
0.43328,0,0,0,0.11082,0,0,0,0.18216,0,0,0,0.16343,0,0,0,0.088657,0,0,0,0.021642
0.43724,0,0,0,0.15276,0,0,0,0.18157,0,0,0,0.14724,0,0,0,0.066642,0,0,0,0.014552
0.42709,0,0,0,0.10328,0,0,0,0.15582,0,0,0,0.17082,0,0,0,0.11104,0,0,0,0.03194
0.35851,0,0,0,0.14657,0,0,0,0.20806,0,0,0,0.18097,0,0,0,0.08709,0,0,0,0.018806
0.43672,0,0,0,0.15022,0,0,0,0.16985,0,0,0,0.15194,0,0,0,0.072313,0,0,0,0.018955
0.41149,0,0,0,0.22396,0,0,0,0.18784,0,0,0,0.11888,0,0,0,0.047761,0,0,0,0.010075
0.3744,0,0,0,0.13246,0,0,0,0.18463,0,0,0,0.18201,0,0,0,0.1059,0,0,0,0.020597
0.41067,0,0,0,0.13306,0,0,0,0.16657,0,0,0,0.16216,0,0,0,0.10276,0,0,0,0.024776
0.39104,0,0,0,0.13739,0,0,0,0.20388,0,0,0,0.16896,0,0,0,0.082313,0,0,0,0.016418
0.46993,0,0,0,0.1953,0,0,0,0.15761,0,0,0,0.10358,0,0,0,0.058507,0,0,0,0.015075
0.40985,0,0,0,0.12731,0,0,0,0.17172,0,0,0,0.16321,0,0,0,0.10231,0,0,0,0.025597
0.40448,0,0,0,0.15948,0,0,0,0.19724,0,0,0,0.15127,0,0,0,0.070597,0,0,0,0.01694
0.4247,0,0,0,0.16485,0,0,0,0.17955,0,0,0,0.15142,0,0,0,0.066045,0,0,0,0.013433
0.42522,0,0,0,0.13127,0,0,0,0.16067,0,0,0,0.15634,0,0,0,0.096493,0,0,0,0.03
0.42134,0,0,0,0.17978,0,0,0,0.17836,0,0,0,0.14231,0,0,0,0.064179,0,0,0,0.01403
0.41903,0,0,0,0.18604,0,0,0,0.1597,0,0,0,0.12343,0,0,0,0.08,0,0,0,0.031791
0.41358,0,0,0,0.12642,0,0,0,0.18067,0,0,0,0.1756,0,0,0,0.081343,0,0,0,0.022388
0.43754,0,0,0,0.10866,0,0,0,0.1659,0,0,0,0.16604,0,0,0,0.095224,0,0,0,0.026642
0.38724,0,0,0,0.14478,0,0,0,0.19634,0,0,0,0.1747,0,0,0,0.082239,0,0,0,0.014701
0.37216,0,0,0,0.15896,0,0,0,0.20634,0,0,0,0.16097,0,0,0,0.083731,0,0,0,0.017836
0.56433,0,0,0,0.21299,0,0,0,0.11507,0,0,0,0.072537,0,0,0,0.029925,0,0,0,0.0051493
0.36425,0,0,0,0.18142,0,0,0,0.1856,0,0,0,0.16612,0,0,0,0.079328,0,0,0,0.023284
0.41881,0,0,0,0.12888,0,0,0,0.1656,0,0,0,0.16769,0,0,0,0.093582,0,0,0,0.025448
0.41246,0,0,0,0.17627,0,0,0,0.19813,0,0,0,0.13821,0,0,0,0.061119,0,0,0,0.013806
0.40254,0,0,0,0.18582,0,0,0,0.1797,0,0,0,0.1356,0,0,0,0.073955,0,0,0,0.022388
0.60627,0,0,0,0.12313,0,0,0,0.092015,0,0,0,0.073657,0,0,0,0.062836,0,0,0,0.04209
0.51284,0,0,0,0.13836,0,0,0,0.11851,0,0,0,0.10545,0,0,0,0.082836,0,0,0,0.042015
0.59164,0,0,0,0.13582,0,0,0,0.1053,0,0,0,0.088134,0,0,0,0.054701,0,0,0,0.024403
0.50754,0,0,0,0.18694,0,0,0,0.10888,0,0,0,0.095075,0,0,0,0.072463,0,0,0,0.029104
0.54948,0,0,0,0.14097,0,0,0,0.1459,0,0,0,0.10903,0,0,0,0.045522,0,0,0,0.0091045
0.41045,0,0,0,0.15858,0,0,0,0.18351,0,0,0,0.15963,0,0,0,0.075,0,0,0,0.012836
0.40351,0,0,0,0.12067,0,0,0,0.16597,0,0,0,0.17037,0,0,0,0.10619,0,0,0,0.033284
0.47649,0,0,0,0.14963,0,0,0,0.15216,0,0,0,0.12239,0,0,0,0.073955,0,0,0,0.025373
0.38299,0,0,0,0.12993,0,0,0,0.1909,0,0,0,0.18515,0,0,0,0.091194,0,0,0,0.019851
0.43642,0,0,0,0.16007,0,0,0,0.16381,0,0,0,0.14828,0,0,0,0.075821,0,0,0,0.015597
0.39052,0,0,0,0.15843,0,0,0,0.19351,0,0,0,0.16328,0,0,0,0.078284,0,0,0,0.01597
0.42425,0,0,0,0.12328,0,0,0,0.15925,0,0,0,0.16843,0,0,0,0.10007,0,0,0,0.024701
0.42552,0,0,0,0.15455,0,0,0,0.17373,0,0,0,0.15075,0,0,0,0.077463,0,0,0,0.017985
0.40657,0,0,0,0.098955,0,0,0,0.14672,0,0,0,0.17679,0,0,0,0.14179,0,0,0,0.029179
0.42306,0,0,0,0.1444,0,0,0,0.17396,0,0,0,0.16493,0,0,0,0.079627,0,0,0,0.01403
0.40216,0,0,0,0.1706,0,0,0,0.1791,0,0,0,0.15403,0,0,0,0.076866,0,0,0,0.017239
0.37246,0,0,0,0.18216,0,0,0,0.20022,0,0,0,0.15231,0,0,0,0.074925,0,0,0,0.01791
0.35731,0,0,0,0.14642,0,0,0,0.2056,0,0,0,0.17672,0,0,0,0.099104,0,0,0,0.014851
0.42425,0,0,0,0.18597,0,0,0,0.17776,0,0,0,0.13164,0,0,0,0.066343,0,0,0,0.01403
0.43246,0,0,0,0.21224,0,0,0,0.17194,0,0,0,0.10209,0,0,0,0.055373,0,0,0,0.025896
0.36933,0,0,0,0.12627,0,0,0,0.16731,0,0,0,0.1756,0,0,0,0.12545,0,0,0,0.036045
0.41231,0,0,0,0.1559,0,0,0,0.18007,0,0,0,0.15194,0,0,0,0.081716,0,0,0,0.01806
0.39478,0,0,0,0.090672,0,0,0,0.17366,0,0,0,0.2091,0,0,0,0.10433,0,0,0,0.027463
0.38888,0,0,0,0.1197,0,0,0,0.16813,0,0,0,0.19082,0,0,0,0.1147,0,0,0,0.017761
0.42612,0,0,0,0.15694,0,0,0,0.15291,0,0,0,0.13634,0,0,0,0.096642,0,0,0,0.031045
0.39455,0,0,0,0.14403,0,0,0,0.16993,0,0,0,0.16761,0,0,0,0.097537,0,0,0,0.026343
0.38627,0,0,0,0.14455,0,0,0,0.18067,0,0,0,0.17007,0,0,0,0.096343,0,0,0,0.02209
0.37142,0,0,0,0.15664,0,0,0,0.18724,0,0,0,0.16881,0,0,0,0.091567,0,0,0,0.024328
0.40351,0,0,0,0.11799,0,0,0,0.16194,0,0,0,0.17881,0,0,0,0.10791,0,0,0,0.029851
0.39746,0,0,0,0.11761,0,0,0,0.16784,0,0,0,0.17963,0,0,0,0.11067,0,0,0,0.026791
0.38582,0,0,0,0.13463,0,0,0,0.18784,0,0,0,0.17433,0,0,0,0.094478,0,0,0,0.02291
0.45784,0,0,0,0.12769,0,0,0,0.15896,0,0,0,0.15515,0,0,0,0.078134,0,0,0,0.022239
0.37321,0,0,0,0.16343,0,0,0,0.18007,0,0,0,0.17276,0,0,0,0.088358,0,0,0,0.022164
0.47425,0,0,0,0.16022,0,0,0,0.14679,0,0,0,0.12522,0,0,0,0.069776,0,0,0,0.023731
0.37328,0,0,0,0.12306,0,0,0,0.16746,0,0,0,0.18343,0,0,0,0.12336,0,0,0,0.029403
0.36463,0,0,0,0.16381,0,0,0,0.19731,0,0,0,0.16896,0,0,0,0.083955,0,0,0,0.021343
0.42015,0,0,0,0.15425,0,0,0,0.17896,0,0,0,0.14955,0,0,0,0.082239,0,0,0,0.014851
0.47134,0,0,0,0.16284,0,0,0,0.15463,0,0,0,0.11993,0,0,0,0.071418,0,0,0,0.019851
0.38687,0,0,0,0.1453,0,0,0,0.17336,0,0,0,0.16567,0,0,0,0.10239,0,0,0,0.026418
0.40619,0,0,0,0.15858,0,0,0,0.18619,0,0,0,0.15754,0,0,0,0.077164,0,0,0,0.014328
0.38769,0,0,0,0.10582,0,0,0,0.16209,0,0,0,0.18903,0,0,0,0.12657,0,0,0,0.028806
0.45231,0,0,0,0.11918,0,0,0,0.13642,0,0,0,0.15381,0,0,0,0.10201,0,0,0,0.036269
0.40134,0,0,0,0.14493,0,0,0,0.17642,0,0,0,0.16313,0,0,0,0.092537,0,0,0,0.021642
0.47157,0,0,0,0.20396,0,0,0,0.16933,0,0,0,0.10022,0,0,0,0.044179,0,0,0,0.010746
0.39134,0,0,0,0.12328,0,0,0,0.17649,0,0,0,0.17754,0,0,0,0.10485,0,0,0,0.026493
0.35903,0,0,0,0.13918,0,0,0,0.19022,0,0,0,0.18925,0,0,0,0.096866,0,0,0,0.025448
0.42687,0,0,0,0.14896,0,0,0,0.16731,0,0,0,0.14366,0,0,0,0.08597,0,0,0,0.027239
0.38493,0,0,0,0.18978,0,0,0,0.15851,0,0,0,0.14478,0,0,0,0.090821,0,0,0,0.031194
0.36754,0,0,0,0.15888,0,0,0,0.17552,0,0,0,0.16955,0,0,0,0.10067,0,0,0,0.027836
0.37381,0,0,0,0.14224,0,0,0,0.19448,0,0,0,0.17791,0,0,0,0.095373,0,0,0,0.016194
0.41485,0,0,0,0.16716,0,0,0,0.18067,0,0,0,0.14493,0,0,0,0.077388,0,0,0,0.015
0.40127,0,0,0,0.15627,0,0,0,0.1753,0,0,0,0.14955,0,0,0,0.086119,0,0,0,0.031493
0.42381,0,0,0,0.10739,0,0,0,0.13149,0,0,0,0.16216,0,0,0,0.12328,0,0,0,0.051866
0.45269,0,0,0,0.17246,0,0,0,0.16037,0,0,0,0.12388,0,0,0,0.069851,0,0,0,0.020746
0.57433,0,0,0,0.20209,0,0,0,0.1497,0,0,0,0.059328,0,0,0,0.013806,0,0,0,0.00074627
0.44642,0,0,0,0.18358,0,0,0,0.17127,0,0,0,0.11955,0,0,0,0.062463,0,0,0,0.016716
0.38537,0,0,0,0.14597,0,0,0,0.18455,0,0,0,0.16396,0,0,0,0.093358,0,0,0,0.026791
0.37784,0,0,0,0.10918,0,0,0,0.15269,0,0,0,0.1647,0,0,0,0.1397,0,0,0,0.055896
0.40813,0,0,0,0.15537,0,0,0,0.1697,0,0,0,0.15507,0,0,0,0.088284,0,0,0,0.023433
0.5041,0,0,0,0.13746,0,0,0,0.13254,0,0,0,0.12791,0,0,0,0.076493,0,0,0,0.021493
0.40507,0,0,0,0.17463,0,0,0,0.16022,0,0,0,0.12925,0,0,0,0.088806,0,0,0,0.042015
0.36418,0,0,0,0.1903,0,0,0,0.20396,0,0,0,0.15209,0,0,0,0.072985,0,0,0,0.016493
0.37045,0,0,0,0.15194,0,0,0,0.17552,0,0,0,0.17149,0,0,0,0.10119,0,0,0,0.029403
0.45515,0,0,0,0.1694,0,0,0,0.13634,0,0,0,0.11672,0,0,0,0.087313,0,0,0,0.035075
0.38075,0,0,0,0.1744,0,0,0,0.20134,0,0,0,0.14821,0,0,0,0.074403,0,0,0,0.020896
0.44164,0,0,0,0.14321,0,0,0,0.16463,0,0,0,0.1506,0,0,0,0.084478,0,0,0,0.015448
0.38142,0,0,0,0.15955,0,0,0,0.19507,0,0,0,0.17015,0,0,0,0.079403,0,0,0,0.014403
0.38507,0,0,0,0.13493,0,0,0,0.17784,0,0,0,0.18142,0,0,0,0.10037,0,0,0,0.020373
0.37448,0,0,0,0.1259,0,0,0,0.18664,0,0,0,0.17963,0,0,0,0.10104,0,0,0,0.032313
0.5397,0,0,0,0.13873,0,0,0,0.10716,0,0,0,0.099701,0,0,0,0.079254,0,0,0,0.035448
0.38582,0,0,0,0.13373,0,0,0,0.18754,0,0,0,0.17851,0,0,0,0.094701,0,0,0,0.019701
0.36537,0,0,0,0.15463,0,0,0,0.18582,0,0,0,0.17963,0,0,0,0.094701,0,0,0,0.019851
0.35828,0,0,0,0.16537,0,0,0,0.19418,0,0,0,0.16731,0,0,0,0.089328,0,0,0,0.025522
0.34493,0,0,0,0.17,0,0,0,0.17694,0,0,0,0.15716,0,0,0,0.11522,0,0,0,0.035746
0.37537,0,0,0,0.14716,0,0,0,0.18321,0,0,0,0.16709,0,0,0,0.10082,0,0,0,0.026343
0.53679,0,0,0,0.16209,0,0,0,0.12261,0,0,0,0.1003,0,0,0,0.058209,0,0,0,0.02
0.43351,0,0,0,0.16948,0,0,0,0.17597,0,0,0,0.14224,0,0,0,0.062985,0,0,0,0.015821
0.35306,0,0,0,0.14373,0,0,0,0.21933,0,0,0,0.17896,0,0,0,0.090224,0,0,0,0.014701
0.5044,0,0,0,0.15216,0,0,0,0.14545,0,0,0,0.11761,0,0,0,0.06291,0,0,0,0.017463
0.49425,0,0,0,0.15216,0,0,0,0.13828,0,0,0,0.12075,0,0,0,0.068433,0,0,0,0.026119
0.36619,0,0,0,0.15306,0,0,0,0.19082,0,0,0,0.16627,0,0,0,0.09597,0,0,0,0.027687
0.40269,0,0,0,0.18642,0,0,0,0.20799,0,0,0,0.14022,0,0,0,0.052687,0,0,0,0.01
0.38403,0,0,0,0.16119,0,0,0,0.1747,0,0,0,0.15806,0,0,0,0.095522,0,0,0,0.026493
0.40179,0,0,0,0.14313,0,0,0,0.15567,0,0,0,0.14545,0,0,0,0.10955,0,0,0,0.044403
0.40134,0,0,0,0.18328,0,0,0,0.17343,0,0,0,0.13493,0,0,0,0.080522,0,0,0,0.026493
0.39276,0,0,0,0.17709,0,0,0,0.20172,0,0,0,0.1503,0,0,0,0.064254,0,0,0,0.013881
0.49075,0,0,0,0.12769,0,0,0,0.13649,0,0,0,0.11746,0,0,0,0.090821,0,0,0,0.036791
0.38731,0,0,0,0.12246,0,0,0,0.16433,0,0,0,0.17784,0,0,0,0.11142,0,0,0,0.036642
0.40843,0,0,0,0.1841,0,0,0,0.18515,0,0,0,0.13104,0,0,0,0.072388,0,0,0,0.018881
0.38224,0,0,0,0.10672,0,0,0,0.15493,0,0,0,0.19381,0,0,0,0.1256,0,0,0,0.036716
0.41187,0,0,0,0.16396,0,0,0,0.18276,0,0,0,0.15627,0,0,0,0.072836,0,0,0,0.012313
0.41567,0,0,0,0.15858,0,0,0,0.1859,0,0,0,0.14299,0,0,0,0.081119,0,0,0,0.015746
0.38522,0,0,0,0.15627,0,0,0,0.19448,0,0,0,0.15291,0,0,0,0.084701,0,0,0,0.026418
0.39246,0,0,0,0.15358,0,0,0,0.17545,0,0,0,0.15037,0,0,0,0.094179,0,0,0,0.033955
0.3747,0,0,0,0.14194,0,0,0,0.19119,0,0,0,0.17672,0,0,0,0.095075,0,0,0,0.020373
0.37134,0,0,0,0.091194,0,0,0,0.13978,0,0,0,0.17858,0,0,0,0.15604,0,0,0,0.06306
0.39425,0,0,0,0.13828,0,0,0,0.17634,0,0,0,0.16328,0,0,0,0.097537,0,0,0,0.030299
0.46813,0,0,0,0.1356,0,0,0,0.16627,0,0,0,0.14478,0,0,0,0.068731,0,0,0,0.016493
0.36776,0,0,0,0.15672,0,0,0,0.1891,0,0,0,0.16806,0,0,0,0.09597,0,0,0,0.022388
0.36776,0,0,0,0.15672,0,0,0,0.1891,0,0,0,0.16806,0,0,0,0.09597,0,0,0,0.022388
0.43925,0,0,0,0.1591,0,0,0,0.15299,0,0,0,0.13627,0,0,0,0.086716,0,0,0,0.025672
0.3597,0,0,0,0.10261,0,0,0,0.14724,0,0,0,0.19888,0,0,0,0.14746,0,0,0,0.044104
0.40597,0,0,0,0.14254,0,0,0,0.17209,0,0,0,0.15269,0,0,0,0.098358,0,0,0,0.028358
0.40239,0,0,0,0.16007,0,0,0,0.16567,0,0,0,0.16134,0,0,0,0.091418,0,0,0,0.019104
0.3897,0,0,0,0.17813,0,0,0,0.19866,0,0,0,0.1553,0,0,0,0.064104,0,0,0,0.014104
0.34485,0,0,0,0.17343,0,0,0,0.2047,0,0,0,0.16694,0,0,0,0.088881,0,0,0,0.021194
0.33716,0,0,0,0.1956,0,0,0,0.22007,0,0,0,0.15224,0,0,0,0.069701,0,0,0,0.025224
0.41828,0,0,0,0.13716,0,0,0,0.18791,0,0,0,0.15627,0,0,0,0.082985,0,0,0,0.017388
0.39082,0,0,0,0.12985,0,0,0,0.18664,0,0,0,0.17336,0,0,0,0.097015,0,0,0,0.022313
0.38052,0,0,0,0.13769,0,0,0,0.19993,0,0,0,0.17075,0,0,0,0.091119,0,0,0,0.02
0.36,0,0,0,0.19739,0,0,0,0.21485,0,0,0,0.16045,0,0,0,0.058358,0,0,0,0.0089552
0.36463,0,0,0,0.095522,0,0,0,0.1356,0,0,0,0.17993,0,0,0,0.14851,0,0,0,0.075821
0.45761,0,0,0,0.15022,0,0,0,0.16,0,0,0,0.14313,0,0,0,0.074403,0,0,0,0.014627
0.37157,0,0,0,0.085746,0,0,0,0.17858,0,0,0,0.18888,0,0,0,0.13142,0,0,0,0.043806
0.34642,0,0,0,0.13799,0,0,0,0.20157,0,0,0,0.16888,0,0,0,0.10172,0,0,0,0.043433
0.37052,0,0,0,0.13545,0,0,0,0.20619,0,0,0,0.18142,0,0,0,0.08694,0,0,0,0.019478
0.39097,0,0,0,0.1594,0,0,0,0.19724,0,0,0,0.16582,0,0,0,0.07291,0,0,0,0.013657
0.42104,0,0,0,0.17433,0,0,0,0.18918,0,0,0,0.13664,0,0,0,0.064478,0,0,0,0.014328
0.3806,0,0,0,0.14575,0,0,0,0.18978,0,0,0,0.17269,0,0,0,0.089478,0,0,0,0.021716
0.38418,0,0,0,0.13418,0,0,0,0.18552,0,0,0,0.16978,0,0,0,0.096194,0,0,0,0.030149
0.3691,0,0,0,0.13485,0,0,0,0.1897,0,0,0,0.18097,0,0,0,0.099328,0,0,0,0.026045
0.40291,0,0,0,0.12313,0,0,0,0.15791,0,0,0,0.17687,0,0,0,0.11127,0,0,0,0.02791
0.38007,0,0,0,0.1203,0,0,0,0.16209,0,0,0,0.17515,0,0,0,0.12172,0,0,0,0.040672
0.39313,0,0,0,0.12537,0,0,0,0.17119,0,0,0,0.1806,0,0,0,0.09903,0,0,0,0.030672
0.42164,0,0,0,0.18097,0,0,0,0.17806,0,0,0,0.13291,0,0,0,0.069104,0,0,0,0.017313
0.42754,0,0,0,0.1344,0,0,0,0.16761,0,0,0,0.15448,0,0,0,0.092687,0,0,0,0.023284
0.39284,0,0,0,0.1659,0,0,0,0.17366,0,0,0,0.15075,0,0,0,0.090373,0,0,0,0.026493
0.44515,0,0,0,0.1856,0,0,0,0.16425,0,0,0,0.11881,0,0,0,0.06709,0,0,0,0.019104
0.39552,0,0,0,0.14784,0,0,0,0.18657,0,0,0,0.16493,0,0,0,0.08291,0,0,0,0.022239
0.41082,0,0,0,0.13201,0,0,0,0.16306,0,0,0,0.16015,0,0,0,0.10104,0,0,0,0.03291
0.37537,0,0,0,0.13627,0,0,0,0.18,0,0,0,0.18799,0,0,0,0.1059,0,0,0,0.014478
0.37246,0,0,0,0.15493,0,0,0,0.17836,0,0,0,0.16813,0,0,0,0.10403,0,0,0,0.02209
0.4344,0,0,0,0.16045,0,0,0,0.14843,0,0,0,0.13672,0,0,0,0.091045,0,0,0,0.028955
0.40836,0,0,0,0.15164,0,0,0,0.17731,0,0,0,0.14993,0,0,0,0.09097,0,0,0,0.021791
0.4141,0,0,0,0.15724,0,0,0,0.17918,0,0,0,0.15537,0,0,0,0.073507,0,0,0,0.020597
0.42672,0,0,0,0.15082,0,0,0,0.15,0,0,0,0.13963,0,0,0,0.096119,0,0,0,0.036716
0.37575,0,0,0,0.13672,0,0,0,0.16104,0,0,0,0.17343,0,0,0,0.11679,0,0,0,0.036269
0.38888,0,0,0,0.16515,0,0,0,0.18582,0,0,0,0.16276,0,0,0,0.076866,0,0,0,0.020522
0.30881,0,0,0,0.14239,0,0,0,0.21149,0,0,0,0.19612,0,0,0,0.11082,0,0,0,0.030373
0.37433,0,0,0,0.16396,0,0,0,0.195,0,0,0,0.16791,0,0,0,0.080299,0,0,0,0.018507
0.39493,0,0,0,0.14134,0,0,0,0.18403,0,0,0,0.17201,0,0,0,0.085373,0,0,0,0.022313
0.3747,0,0,0,0.16545,0,0,0,0.21187,0,0,0,0.15948,0,0,0,0.07791,0,0,0,0.010597
0.37142,0,0,0,0.12679,0,0,0,0.15993,0,0,0,0.18716,0,0,0,0.11821,0,0,0,0.036493
0.3847,0,0,0,0.12888,0,0,0,0.15642,0,0,0,0.17075,0,0,0,0.12306,0,0,0,0.036194
0.38948,0,0,0,0.1191,0,0,0,0.15985,0,0,0,0.16067,0,0,0,0.11843,0,0,0,0.052463
0.38381,0,0,0,0.16955,0,0,0,0.20582,0,0,0,0.1603,0,0,0,0.067239,0,0,0,0.013284
0.44522,0,0,0,0.20015,0,0,0,0.16776,0,0,0,0.1159,0,0,0,0.05806,0,0,0,0.01291
0.39134,0,0,0,0.16261,0,0,0,0.21037,0,0,0,0.1597,0,0,0,0.06291,0,0,0,0.01306
0.54664,0,0,0,0.12604,0,0,0,0.13881,0,0,0,0.10918,0,0,0,0.066269,0,0,0,0.01306
0.38343,0,0,0,0.18493,0,0,0,0.19007,0,0,0,0.14888,0,0,0,0.071567,0,0,0,0.021119
0.41866,0,0,0,0.13649,0,0,0,0.15769,0,0,0,0.15843,0,0,0,0.098284,0,0,0,0.030448
0.4109,0,0,0,0.20761,0,0,0,0.17552,0,0,0,0.13746,0,0,0,0.058433,0,0,0,0.010075
0.50582,0,0,0,0.10873,0,0,0,0.13201,0,0,0,0.15067,0,0,0,0.082015,0,0,0,0.020746
0.48321,0,0,0,0.10657,0,0,0,0.15261,0,0,0,0.15164,0,0,0,0.080224,0,0,0,0.025746
0.46119,0,0,0,0.099179,0,0,0,0.15007,0,0,0,0.15134,0,0,0,0.10328,0,0,0,0.034925
0.47246,0,0,0,0.099851,0,0,0,0.14112,0,0,0,0.15403,0,0,0,0.095672,0,0,0,0.036866
0.45284,0,0,0,0.095,0,0,0,0.14903,0,0,0,0.15948,0,0,0,0.10687,0,0,0,0.036791
0.3856,0,0,0,0.16552,0,0,0,0.1847,0,0,0,0.15403,0,0,0,0.08306,0,0,0,0.02709
0.44194,0,0,0,0.12679,0,0,0,0.14463,0,0,0,0.15873,0,0,0,0.10067,0,0,0,0.027239
0.42627,0,0,0,0.16784,0,0,0,0.1747,0,0,0,0.13537,0,0,0,0.07403,0,0,0,0.021791
0.37507,0,0,0,0.13,0,0,0,0.2053,0,0,0,0.19276,0,0,0,0.087463,0,0,0,0.009403
0.40149,0,0,0,0.14664,0,0,0,0.19358,0,0,0,0.17224,0,0,0,0.075373,0,0,0,0.010672
0.37955,0,0,0,0.13716,0,0,0,0.18418,0,0,0,0.17813,0,0,0,0.097388,0,0,0,0.023582
0.43433,0,0,0,0.12694,0,0,0,0.15873,0,0,0,0.16149,0,0,0,0.097015,0,0,0,0.021493
0.40381,0,0,0,0.13201,0,0,0,0.18515,0,0,0,0.17022,0,0,0,0.086791,0,0,0,0.022015
0.36522,0,0,0,0.14903,0,0,0,0.19522,0,0,0,0.18142,0,0,0,0.087313,0,0,0,0.021791
0.37694,0,0,0,0.12746,0,0,0,0.18246,0,0,0,0.18933,0,0,0,0.098284,0,0,0,0.025522
0.4459,0,0,0,0.15336,0,0,0,0.17821,0,0,0,0.14828,0,0,0,0.064627,0,0,0,0.0096269
0.40784,0,0,0,0.15687,0,0,0,0.16321,0,0,0,0.15209,0,0,0,0.09403,0,0,0,0.02597
0.3944,0,0,0,0.14888,0,0,0,0.17978,0,0,0,0.16306,0,0,0,0.086866,0,0,0,0.027015
0.42716,0,0,0,0.16388,0,0,0,0.18201,0,0,0,0.13761,0,0,0,0.070672,0,0,0,0.018657
0.39134,0,0,0,0.1303,0,0,0,0.17336,0,0,0,0.16955,0,0,0,0.11082,0,0,0,0.024627
0.38149,0,0,0,0.13843,0,0,0,0.18582,0,0,0,0.17993,0,0,0,0.091567,0,0,0,0.022761
0.44507,0,0,0,0.11679,0,0,0,0.15709,0,0,0,0.16284,0,0,0,0.095821,0,0,0,0.022388
0.46127,0,0,0,0.10328,0,0,0,0.15627,0,0,0,0.1606,0,0,0,0.089627,0,0,0,0.028955
0.48403,0,0,0,0.10015,0,0,0,0.13358,0,0,0,0.14537,0,0,0,0.10299,0,0,0,0.033881
0.4197,0,0,0,0.1391,0,0,0,0.19276,0,0,0,0.14097,0,0,0,0.080149,0,0,0,0.027313
0.46194,0,0,0,0.1006,0,0,0,0.1359,0,0,0,0.15455,0,0,0,0.10739,0,0,0,0.039627
0.43582,0,0,0,0.1147,0,0,0,0.14403,0,0,0,0.16321,0,0,0,0.10851,0,0,0,0.033731
0.46336,0,0,0,0.09291,0,0,0,0.14455,0,0,0,0.16799,0,0,0,0.10164,0,0,0,0.029552
0.44761,0,0,0,0.11709,0,0,0,0.1447,0,0,0,0.15597,0,0,0,0.10097,0,0,0,0.033657
0.55403,0,0,0,0.11627,0,0,0,0.11396,0,0,0,0.11209,0,0,0,0.077015,0,0,0,0.026642
0.46604,0,0,0,0.11291,0,0,0,0.15552,0,0,0,0.15567,0,0,0,0.092164,0,0,0,0.017687
0.47687,0,0,0,0.12701,0,0,0,0.15291,0,0,0,0.14597,0,0,0,0.076119,0,0,0,0.021119
0.44209,0,0,0,0.17507,0,0,0,0.19784,0,0,0,0.12657,0,0,0,0.051493,0,0,0,0.0069403
0.47336,0,0,0,0.12373,0,0,0,0.15649,0,0,0,0.14806,0,0,0,0.07694,0,0,0,0.021418
0.48948,0,0,0,0.099328,0,0,0,0.13201,0,0,0,0.14336,0,0,0,0.098358,0,0,0,0.037463
0.41619,0,0,0,0.1959,0,0,0,0.22701,0,0,0,0.1097,0,0,0,0.040672,0,0,0,0.010522
0.38306,0,0,0,0.14769,0,0,0,0.19067,0,0,0,0.16567,0,0,0,0.090224,0,0,0,0.022687
0.39694,0,0,0,0.14343,0,0,0,0.17254,0,0,0,0.16888,0,0,0,0.092836,0,0,0,0.025373
0.4344,0,0,0,0.14201,0,0,0,0.16769,0,0,0,0.14925,0,0,0,0.085821,0,0,0,0.020821
0.41448,0,0,0,0.15515,0,0,0,0.16813,0,0,0,0.15022,0,0,0,0.088507,0,0,0,0.023507
0.4141,0,0,0,0.15746,0,0,0,0.17433,0,0,0,0.15299,0,0,0,0.083209,0,0,0,0.01791
0.39612,0,0,0,0.14478,0,0,0,0.18097,0,0,0,0.16201,0,0,0,0.094254,0,0,0,0.021866
0.37679,0,0,0,0.14358,0,0,0,0.20485,0,0,0,0.18112,0,0,0,0.080746,0,0,0,0.01291
0.45164,0,0,0,0.20343,0,0,0,0.16284,0,0,0,0.10627,0,0,0,0.062239,0,0,0,0.013582
0.4097,0,0,0,0.14828,0,0,0,0.16955,0,0,0,0.15806,0,0,0,0.092985,0,0,0,0.021418
0.39515,0,0,0,0.16216,0,0,0,0.18716,0,0,0,0.16575,0,0,0,0.07791,0,0,0,0.011866
