0.41575,0,0,0,0.27418,0,0,0,0.23306,0,0,0,0.068358,0,0,0,0.0085075,0,0,0,0.00014925
0.46731,0,0,0,0.1709,0,0,0,0.16731,0,0,0,0.14119,0,0,0,0.045373,0,0,0,0.0079104
0.39776,0,0,0,0.22515,0,0,0,0.19201,0,0,0,0.12119,0,0,0,0.05306,0,0,0,0.010821
0.43112,0,0,0,0.21634,0,0,0,0.16739,0,0,0,0.11433,0,0,0,0.057537,0,0,0,0.013284
0.41791,0,0,0,0.20388,0,0,0,0.2306,0,0,0,0.11597,0,0,0,0.03,0,0,0,0.0016418
0.48164,0,0,0,0.18604,0,0,0,0.15799,0,0,0,0.105,0,0,0,0.054925,0,0,0,0.014403
0.44784,0,0,0,0.20701,0,0,0,0.18045,0,0,0,0.11067,0,0,0,0.046567,0,0,0,0.0074627
0.45739,0,0,0,0.23045,0,0,0,0.15881,0,0,0,0.091642,0,0,0,0.049104,0,0,0,0.012612
0.50657,0,0,0,0.17672,0,0,0,0.14687,0,0,0,0.11664,0,0,0,0.044254,0,0,0,0.0089552
0.31403,0,0,0,0.21903,0,0,0,0.22388,0,0,0,0.16187,0,0,0,0.067612,0,0,0,0.013582
0.47194,0,0,0,0.18485,0,0,0,0.15231,0,0,0,0.12806,0,0,0,0.05,0,0,0,0.012836
0.42612,0,0,0,0.24425,0,0,0,0.17164,0,0,0,0.10104,0,0,0,0.045672,0,0,0,0.011269
0.46493,0,0,0,0.17343,0,0,0,0.15955,0,0,0,0.12336,0,0,0,0.06597,0,0,0,0.012761
0.39216,0,0,0,0.25485,0,0,0,0.2153,0,0,0,0.099627,0,0,0,0.034478,0,0,0,0.0035821
0.49634,0,0,0,0.26134,0,0,0,0.19231,0,0,0,0.042537,0,0,0,0.0070149,0,0,0,0.00044776
0.50343,0,0,0,0.17769,0,0,0,0.14336,0,0,0,0.10045,0,0,0,0.060522,0,0,0,0.014552
0.48597,0,0,0,0.1703,0,0,0,0.16634,0,0,0,0.11821,0,0,0,0.048433,0,0,0,0.010746
0.33522,0,0,0,0.29082,0,0,0,0.23828,0,0,0,0.10575,0,0,0,0.028582,0,0,0,0.0013433
0.46634,0,0,0,0.18433,0,0,0,0.15612,0,0,0,0.12007,0,0,0,0.059627,0,0,0,0.013507
0.31881,0,0,0,0.28873,0,0,0,0.25642,0,0,0,0.11769,0,0,0,0.01694,0,0,0,0.0014179
0.34664,0,0,0,0.30313,0,0,0,0.21291,0,0,0,0.099328,0,0,0,0.032015,0,0,0,0.0059701
0.39537,0,0,0,0.24455,0,0,0,0.21918,0,0,0,0.10866,0,0,0,0.030075,0,0,0,0.0021642
0.42097,0,0,0,0.19828,0,0,0,0.17612,0,0,0,0.13,0,0,0,0.062015,0,0,0,0.012612
0.3456,0,0,0,0.28149,0,0,0,0.21963,0,0,0,0.11343,0,0,0,0.033881,0,0,0,0.0059701
0.41739,0,0,0,0.19806,0,0,0,0.17478,0,0,0,0.13343,0,0,0,0.062612,0,0,0,0.013731
0.39746,0,0,0,0.23694,0,0,0,0.17657,0,0,0,0.11388,0,0,0,0.055299,0,0,0,0.019851
0.37351,0,0,0,0.22903,0,0,0,0.21627,0,0,0,0.12448,0,0,0,0.049104,0,0,0,0.0076119
0.46306,0,0,0,0.20201,0,0,0,0.20649,0,0,0,0.10007,0,0,0,0.025672,0,0,0,0.0026866
0.48493,0,0,0,0.205,0,0,0,0.15739,0,0,0,0.10328,0,0,0,0.04403,0,0,0,0.0053731
0.44284,0,0,0,0.24239,0,0,0,0.19545,0,0,0,0.084851,0,0,0,0.029104,0,0,0,0.0053731
0.44873,0,0,0,0.2056,0,0,0,0.17104,0,0,0,0.1153,0,0,0,0.053881,0,0,0,0.0054478
0.34828,0,0,0,0.18716,0,0,0,0.18373,0,0,0,0.15582,0,0,0,0.099776,0,0,0,0.025224
0.38806,0,0,0,0.21604,0,0,0,0.21321,0,0,0,0.12567,0,0,0,0.048582,0,0,0,0.0084328
0.32336,0,0,0,0.24649,0,0,0,0.23037,0,0,0,0.1441,0,0,0,0.049403,0,0,0,0.0062687
0.41015,0,0,0,0.24597,0,0,0,0.18896,0,0,0,0.11448,0,0,0,0.033806,0,0,0,0.0066418
0.37507,0,0,0,0.20052,0,0,0,0.21351,0,0,0,0.14657,0,0,0,0.056567,0,0,0,0.0077612
0.28172,0,0,0,0.30515,0,0,0,0.23903,0,0,0,0.13104,0,0,0,0.038881,0,0,0,0.0041791
0.24866,0,0,0.22261,0,0,0.22627,0,0,0,0.17619,0,0,0.094851,0,0,0.026716,0,0,0,0.0047015
0.3291,0,0,0.16709,0,0,0.2053,0,0,0,0.1747,0,0,0.093433,0,0,0.027612,0,0,0,0.0027612
0.2506,0,0,0.12455,0,0,0.17612,0,0,0,0.20657,0,0,0.16142,0,0,0.06709,0,0,0,0.013657
0.24784,0,0,0.23216,0,0,0.24821,0,0,0,0.16963,0,0,0.077985,0,0,0.019925,0,0,0,0.0042537
0.43806,0,0,0,0.15612,0,0,0,0.17299,0,0,0,0.14634,0,0,0,0.070597,0,0,0,0.015896
0.39634,0,0,0,0.23187,0,0,0,0.19955,0,0,0,0.1244,0,0,0,0.04291,0,0,0,0.0049254
0.37978,0,0,0,0.20104,0,0,0,0.22343,0,0,0,0.14896,0,0,0,0.040373,0,0,0,0.0064179
0.34993,0,0,0,0.23478,0,0,0,0.22776,0,0,0,0.1297,0,0,0,0.051343,0,0,0,0.0064925
0.49373,0,0,0,0.14754,0,0,0,0.15881,0,0,0,0.13269,0,0,0,0.056045,0,0,0,0.011194
0.48231,0,0,0,0.16351,0,0,0,0.15231,0,0,0,0.12731,0,0,0,0.059776,0,0,0,0.014776
0.3409,0,0,0,0.26239,0,0,0,0.23925,0,0,0,0.11709,0,0,0,0.034254,0,0,0,0.0061194
0.42209,0,0,0,0.19799,0,0,0,0.19537,0,0,0,0.13493,0,0,0,0.043582,0,0,0,0.0060448
0.41567,0,0,0,0.26425,0,0,0,0.18672,0,0,0,0.094925,0,0,0,0.03209,0,0,0,0.0063433
0.38687,0,0,0,0.19985,0,0,0,0.21761,0,0,0,0.13784,0,0,0,0.051716,0,0,0,0.0061194
0.34866,0,0,0,0.2803,0,0,0,0.24627,0,0,0,0.10485,0,0,0,0.019627,0,0,0,0.00029851
0.5291,0,0,0,0.23537,0,0,0,0.19127,0,0,0,0.039104,0,0,0,0.0049254,0,0,0,0.00022388
0.40724,0,0,0,0.25761,0,0,0,0.19821,0,0,0,0.098358,0,0,0,0.03306,0,0,0,0.0055224
0.37784,0,0,0,0.20776,0,0,0,0.21388,0,0,0,0.13888,0,0,0,0.050672,0,0,0,0.01097
0.48075,0,0,0,0.16806,0,0,0,0.16746,0,0,0,0.1206,0,0,0,0.053134,0,0,0,0.01
0.46515,0,0,0,0.14157,0,0,0,0.1944,0,0,0,0.13373,0,0,0,0.054104,0,0,0,0.011045
0.35537,0,0,0,0.26082,0,0,0,0.22933,0,0,0,0.11612,0,0,0,0.034776,0,0,0,0.0035821
0.3744,0,0,0,0.22179,0,0,0,0.23015,0,0,0,0.1359,0,0,0,0.036045,0,0,0,0.0017164
0.48172,0,0,0,0.21896,0,0,0,0.16933,0,0,0,0.087836,0,0,0,0.035224,0,0,0,0.0069403
0.37925,0,0,0,0.27478,0,0,0,0.23164,0,0,0,0.098955,0,0,0,0.014627,0,0,0,0.00074627
0.35448,0,0,0,0.26194,0,0,0,0.24321,0,0,0,0.1109,0,0,0,0.02806,0,0,0,0.0014179
0.36836,0,0,0,0.24216,0,0,0,0.23388,0,0,0,0.11993,0,0,0,0.031493,0,0,0,0.0041791
0.44948,0,0,0,0.16612,0,0,0,0.20799,0,0,0,0.12903,0,0,0,0.041119,0,0,0,0.0062687
0.28119,0,0,0,0.21567,0,0,0,0.25187,0,0,0,0.17209,0,0,0,0.068881,0,0,0,0.010299
0.37537,0,0,0,0.20119,0,0,0,0.18791,0,0,0,0.14687,0,0,0,0.073433,0,0,0,0.015224
0.36597,0,0,0,0.20276,0,0,0,0.18179,0,0,0,0.14724,0,0,0,0.077537,0,0,0,0.024701
0.46716,0,0,0,0.17209,0,0,0,0.16679,0,0,0,0.1197,0,0,0,0.057836,0,0,0,0.016418
0.40149,0,0,0,0.25657,0,0,0,0.15164,0,0,0,0.1,0,0,0,0.06209,0,0,0,0.028209
0.40045,0,0,0,0.22955,0,0,0,0.21493,0,0,0,0.11224,0,0,0,0.03597,0,0,0,0.0068657
0.35306,0,0,0,0.23388,0,0,0,0.22634,0,0,0,0.13567,0,0,0,0.043657,0,0,0,0.0073881
0.43396,0,0,0,0.17896,0,0,0,0.17425,0,0,0,0.11754,0,0,0,0.074328,0,0,0,0.02097
0.45463,0,0,0,0.18881,0,0,0,0.16269,0,0,0,0.12403,0,0,0,0.05806,0,0,0,0.011791
0.34134,0,0,0,0.20582,0,0,0,0.23388,0,0,0,0.14993,0,0,0,0.056418,0,0,0,0.012612
0.38179,0,0,0,0.22149,0,0,0,0.18604,0,0,0,0.13246,0,0,0,0.064776,0,0,0,0.013433
0.37351,0,0,0,0.20925,0,0,0,0.2094,0,0,0,0.13246,0,0,0,0.062687,0,0,0,0.012687
0.33231,0,0,0,0.24993,0,0,0,0.21179,0,0,0,0.14448,0,0,0,0.051716,0,0,0,0.0097761
0.32119,0,0,0,0.24828,0,0,0,0.20582,0,0,0,0.14015,0,0,0,0.065821,0,0,0,0.018731
0.39067,0,0,0,0.21515,0,0,0,0.17761,0,0,0,0.12985,0,0,0,0.068881,0,0,0,0.017836
0.42373,0,0,0,0.18522,0,0,0,0.17127,0,0,0,0.13388,0,0,0,0.070373,0,0,0,0.015522
0.53888,0,0,0,0.14194,0,0,0,0.1344,0,0,0,0.10978,0,0,0,0.058582,0,0,0,0.016418
0.52776,0,0,0,0.14619,0,0,0,0.14866,0,0,0,0.11254,0,0,0,0.053881,0,0,0,0.01097
0.43873,0,0,0,0.19187,0,0,0,0.18463,0,0,0,0.12687,0,0,0,0.049552,0,0,0,0.0083582
0.37828,0,0,0,0.2359,0,0,0,0.21373,0,0,0,0.12664,0,0,0,0.04,0,0,0,0.0054478
0.43806,0,0,0,0.20575,0,0,0,0.19799,0,0,0,0.10851,0,0,0,0.043507,0,0,0,0.006194
0.4103,0,0,0,0.19657,0,0,0,0.21239,0,0,0,0.13612,0,0,0,0.041269,0,0,0,0.0033582
0.41575,0,0,0,0.22037,0,0,0,0.1756,0,0,0,0.11993,0,0,0,0.054776,0,0,0,0.013582
0.4397,0,0,0,0.22649,0,0,0,0.18694,0,0,0,0.099627,0,0,0,0.044403,0,0,0,0.0028358
0.35836,0,0,0,0.1791,0,0,0,0.21634,0,0,0,0.16373,0,0,0,0.071716,0,0,0,0.010746
0.40037,0,0,0,0.18187,0,0,0,0.19627,0,0,0,0.1506,0,0,0,0.060075,0,0,0,0.010821
0.37851,0,0,0,0.21709,0,0,0,0.2209,0,0,0,0.13515,0,0,0,0.042015,0,0,0,0.0063433
0.38351,0,0,0,0.25716,0,0,0,0.20276,0,0,0,0.10619,0,0,0,0.043582,0,0,0,0.006791
0.35918,0,0,0,0.20657,0,0,0,0.22993,0,0,0,0.15134,0,0,0,0.048582,0,0,0,0.004403
0.31284,0,0,0,0.24515,0,0,0,0.23485,0,0,0,0.14358,0,0,0,0.052537,0,0,0,0.011045
0.34948,0,0,0,0.26597,0,0,0,0.19627,0,0,0,0.12246,0,0,0,0.057463,0,0,0,0.0083582
0.45179,0,0,0,0.18321,0,0,0,0.17343,0,0,0,0.12388,0,0,0,0.053358,0,0,0,0.014328
0.49933,0,0,0,0.1794,0,0,0,0.15067,0,0,0,0.11082,0,0,0,0.050522,0,0,0,0.0092537
0.48933,0,0,0,0.17567,0,0,0,0.17933,0,0,0,0.12485,0,0,0,0.029179,0,0,0,0.0016418
0.3806,0,0,0,0.23545,0,0,0,0.20769,0,0,0,0.12985,0,0,0,0.040448,0,0,0,0.0059701
0.39701,0,0,0,0.21731,0,0,0,0.20791,0,0,0,0.13284,0,0,0,0.042015,0,0,0,0.0029104
0.38507,0,0,0,0.23366,0,0,0,0.21254,0,0,0,0.12082,0,0,0,0.042239,0,0,0,0.0056716
0.48851,0,0,0,0.16358,0,0,0,0.18754,0,0,0,0.11687,0,0,0,0.037313,0,0,0,0.006194
0.42567,0,0,0,0.19037,0,0,0,0.19119,0,0,0,0.13649,0,0,0,0.047463,0,0,0,0.008806
0.42403,0,0,0,0.20522,0,0,0,0.19515,0,0,0,0.11903,0,0,0,0.049701,0,0,0,0.0068657
0.27463,0,0,0,0.3156,0,0,0,0.25216,0,0,0,0.12485,0,0,0,0.028806,0,0,0,0.0039552
0.34873,0,0,0,0.21836,0,0,0,0.22052,0,0,0,0.14791,0,0,0,0.056269,0,0,0,0.008209
0.36537,0,0,0,0.20216,0,0,0,0.2206,0,0,0,0.14791,0,0,0,0.055522,0,0,0,0.0084328
0.35537,0,0,0,0.1847,0,0,0,0.23619,0,0,0,0.16007,0,0,0,0.056045,0,0,0,0.0076119
0.40037,0,0,0,0.18104,0,0,0,0.19224,0,0,0,0.15672,0,0,0,0.059254,0,0,0,0.010373
0.37955,0,0,0,0.20821,0,0,0,0.20993,0,0,0,0.13993,0,0,0,0.056194,0,0,0,0.006194
0.25276,0,0,0,0.2903,0,0,0,0.28306,0,0,0,0.13388,0,0,0,0.036716,0,0,0,0.0032836
0.2441,0,0,0,0.32724,0,0,0,0.27172,0,0,0,0.12552,0,0,0,0.02903,0,0,0,0.0023881
0.30037,0,0,0,0.23239,0,0,0,0.25164,0,0,0,0.1544,0,0,0,0.055075,0,0,0,0.0061194
0.31052,0,0,0,0.24843,0,0,0,0.24552,0,0,0,0.14396,0,0,0,0.04597,0,0,0,0.005597
0.38896,0,0,0,0.24978,0,0,0,0.19582,0,0,0,0.11642,0,0,0,0.04209,0,0,0,0.0069403
0.35396,0,0,0,0.22985,0,0,0,0.23478,0,0,0,0.13007,0,0,0,0.045,0,0,0,0.0063433
0.32604,0,0,0,0.24791,0,0,0,0.23724,0,0,0,0.13396,0,0,0,0.047164,0,0,0,0.0076866
0.33515,0,0,0,0.29127,0,0,0,0.23836,0,0,0,0.10896,0,0,0,0.025,0,0,0,0.0012687
0.35142,0,0,0,0.21597,0,0,0,0.20343,0,0,0,0.15313,0,0,0,0.062537,0,0,0,0.013507
0.45373,0,0,0,0.19396,0,0,0,0.18515,0,0,0,0.11097,0,0,0,0.046493,0,0,0,0.0097015
0.33933,0,0,0,0.24104,0,0,0,0.23157,0,0,0,0.13604,0,0,0,0.046716,0,0,0,0.0052985
0.42104,0,0,0,0.21754,0,0,0,0.20836,0,0,0,0.1144,0,0,0,0.034925,0,0,0,0.0037313
0.45142,0,0,0,0.19119,0,0,0,0.18336,0,0,0,0.10597,0,0,0,0.05306,0,0,0,0.015
0.41037,0,0,0,0.20261,0,0,0,0.205,0,0,0,0.12731,0,0,0,0.045448,0,0,0,0.0092537
0.35978,0,0,0,0.23716,0,0,0,0.21597,0,0,0,0.1303,0,0,0,0.047463,0,0,0,0.0093284
0.35813,0,0,0,0.18716,0,0,0,0.22978,0,0,0,0.15739,0,0,0,0.058284,0,0,0,0.0092537
0.35687,0,0,0,0.21866,0,0,0,0.22321,0,0,0,0.14246,0,0,0,0.051194,0,0,0,0.0076119
0.36493,0,0,0,0.24791,0,0,0,0.255,0,0,0,0.10694,0,0,0,0.023284,0,0,0,0.0019403
0.40694,0,0,0,0.23582,0,0,0,0.20903,0,0,0,0.10873,0,0,0,0.033284,0,0,0,0.006194
0.37306,0,0,0,0.25858,0,0,0,0.22321,0,0,0,0.11493,0,0,0,0.026418,0,0,0,0.003806
0.49485,0,0,0,0.17299,0,0,0,0.16813,0,0,0,0.10985,0,0,0,0.04806,0,0,0,0.0061194
0.4009,0,0,0,0.22776,0,0,0,0.18851,0,0,0,0.11478,0,0,0,0.057388,0,0,0,0.010672
0.46582,0,0,0,0.20433,0,0,0,0.15858,0,0,0,0.10634,0,0,0,0.052463,0,0,0,0.012463
0.41701,0,0,0,0.26858,0,0,0,0.17634,0,0,0,0.099179,0,0,0,0.034179,0,0,0,0.0047015
0.26918,0,0,0,0.22216,0,0,0,0.25321,0,0,0,0.17754,0,0,0,0.065896,0,0,0,0.012015
0.45858,0,0,0,0.21142,0,0,0,0.16985,0,0,0,0.10813,0,0,0,0.041791,0,0,0,0.010224
0.37015,0,0,0,0.21119,0,0,0,0.21948,0,0,0,0.13993,0,0,0,0.048881,0,0,0,0.010373
0.34933,0,0,0,0.20985,0,0,0,0.2306,0,0,0,0.15358,0,0,0,0.050299,0,0,0,0.0063433
0.31754,0,0,0,0.2,0,0,0,0.23396,0,0,0,0.16933,0,0,0,0.069254,0,0,0,0.0099254
0.3491,0,0,0,0.20627,0,0,0,0.22112,0,0,0,0.14866,0,0,0,0.060522,0,0,0,0.014328
0.45291,0,0,0,0.20321,0,0,0,0.12157,0,0,0,0.12731,0,0,0,0.073657,0,0,0,0.021343
0.35418,0,0,0,0.23254,0,0,0,0.21328,0,0,0,0.13843,0,0,0,0.050299,0,0,0,0.011269
0.23851,0,0,0,0.28582,0,0,0,0.2703,0,0,0,0.16209,0,0,0,0.039179,0,0,0,0.0041045
0.32821,0,0,0,0.3056,0,0,0,0.21254,0,0,0,0.12216,0,0,0,0.030224,0,0,0,0.0012687
0.50194,0,0,0,0.17082,0,0,0,0.15343,0,0,0,0.11978,0,0,0,0.045597,0,0,0,0.0084328
0.29813,0,0,0,0.26612,0,0,0,0.24642,0,0,0,0.13627,0,0,0,0.046642,0,0,0,0.0064179
0.4047,0,0,0,0.21231,0,0,0,0.20754,0,0,0,0.11821,0,0,0,0.049701,0,0,0,0.0075373
0.41328,0,0,0,0.14366,0,0,0,0.17276,0,0,0,0.16545,0,0,0,0.086194,0,0,0,0.018657
0.355,0,0,0,0.23485,0,0,0,0.21575,0,0,0,0.14045,0,0,0,0.046269,0,0,0,0.0076866
0.36813,0,0,0,0.22761,0,0,0,0.21149,0,0,0,0.13642,0,0,0,0.049104,0,0,0,0.0072388
0.35813,0,0,0,0.19515,0,0,0,0.22634,0,0,0,0.15022,0,0,0,0.060522,0,0,0,0.0096269
0.44799,0,0,0,0.1347,0,0,0,0.17142,0,0,0,0.15216,0,0,0,0.075821,0,0,0,0.01791
0.39291,0,0,0,0.17112,0,0,0,0.1906,0,0,0,0.14963,0,0,0,0.077463,0,0,0,0.018284
0.39858,0,0,0,0.2394,0,0,0,0.17284,0,0,0,0.098806,0,0,0,0.066418,0,0,0,0.023955
0.41701,0,0,0,0.22657,0,0,0,0.18045,0,0,0,0.11881,0,0,0,0.048507,0,0,0,0.0086567
0.38336,0,0,0,0.15187,0,0,0,0.19567,0,0,0,0.16694,0,0,0,0.079552,0,0,0,0.022612
0.39336,0,0,0,0.15478,0,0,0,0.19358,0,0,0,0.16806,0,0,0,0.075373,0,0,0,0.014851
0.29664,0,0,0,0.28552,0,0,0,0.25157,0,0,0,0.12299,0,0,0,0.039851,0,0,0,0.0034328
0.38299,0,0,0,0.18418,0,0,0,0.19746,0,0,0,0.15127,0,0,0,0.071791,0,0,0,0.012313
0.32515,0,0,0,0.26963,0,0,0,0.22313,0,0,0,0.13097,0,0,0,0.043731,0,0,0,0.0073881
0.42485,0,0,0,0.22007,0,0,0,0.21806,0,0,0,0.10112,0,0,0,0.033209,0,0,0,0.0026866
0.39801,0,0,0,0.22198,0,0,0,0.17875,0,0,0,0.12984,0,0,0,0.058339,0,0,0,0.013077
0.42224,0,0,0,0.23776,0,0,0,0.15657,0,0,0,0.10172,0,0,0,0.057836,0,0,0,0.023881
0.46239,0,0,0,0.19858,0,0,0,0.15537,0,0,0,0.10843,0,0,0,0.063881,0,0,0,0.011343
0.36761,0,0,0,0.1559,0,0,0,0.2497,0,0,0,0.15575,0,0,0,0.063507,0,0,0,0.0075373
0.4291,0,0,0,0.16187,0,0,0,0.18993,0,0,0,0.13918,0,0,0,0.06806,0,0,0,0.011866
0.4194,0,0,0,0.25731,0,0,0,0.22261,0,0,0,0.078507,0,0,0,0.021045,0,0,0,0.0011194
0.37448,0,0,0,0.20194,0,0,0,0.21582,0,0,0,0.14313,0,0,0,0.054776,0,0,0,0.0098507
0.31052,0,0,0,0.20836,0,0,0,0.23552,0,0,0,0.17134,0,0,0,0.061567,0,0,0,0.012687
0.37634,0,0,0,0.21149,0,0,0,0.20194,0,0,0,0.13597,0,0,0,0.064478,0,0,0,0.0097761
0.44642,0,0,0,0.20515,0,0,0,0.19149,0,0,0,0.11403,0,0,0,0.035896,0,0,0,0.0070149
0.43284,0,0,0,0.13403,0,0,0,0.17201,0,0,0,0.14328,0,0,0,0.089403,0,0,0,0.028433
0.23112,0,0,0,0.23343,0,0,0,0.27724,0,0,0,0.18343,0,0,0,0.064104,0,0,0,0.010672
0.40097,0,0,0,0.20724,0,0,0,0.19284,0,0,0,0.13,0,0,0,0.058134,0,0,0,0.010821
0.4097,0,0,0,0.19925,0,0,0,0.18724,0,0,0,0.13485,0,0,0,0.060373,0,0,0,0.0085821
0.37888,0,0,0,0.2597,0,0,0,0.19224,0,0,0,0.11761,0,0,0,0.044254,0,0,0,0.0073134
0.42313,0,0,0,0.15373,0,0,0,0.18201,0,0,0,0.15336,0,0,0,0.075373,0,0,0,0.012388
0.305,0,0,0,0.20634,0,0,0,0.2394,0,0,0,0.17851,0,0,0,0.063209,0,0,0,0.0075373
0.45239,0,0,0,0.19194,0,0,0,0.17179,0,0,0,0.11373,0,0,0,0.053806,0,0,0,0.016343
0.45127,0,0,0,0.19276,0,0,0,0.16097,0,0,0,0.11552,0,0,0,0.064478,0,0,0,0.015
0.43164,0,0,0,0.21104,0,0,0,0.17582,0,0,0,0.11537,0,0,0,0.052836,0,0,0,0.013284
0.36388,0,0,0,0.18537,0,0,0,0.21254,0,0,0,0.16052,0,0,0,0.06709,0,0,0,0.010597
0.36463,0,0,0,0.17634,0,0,0,0.2056,0,0,0,0.17239,0,0,0,0.067687,0,0,0,0.013358
0.31388,0,0,0,0.19201,0,0,0,0.22963,0,0,0,0.18239,0,0,0,0.071045,0,0,0,0.011045
0.28172,0,0,0,0.27231,0,0,0,0.24701,0,0,0,0.14134,0,0,0,0.04903,0,0,0,0.0085821
0.32903,0,0,0,0.25888,0,0,0,0.21075,0,0,0,0.1344,0,0,0,0.056194,0,0,0,0.010746
0.40239,0,0,0,0.23164,0,0,0,0.17493,0,0,0,0.11306,0,0,0,0.060746,0,0,0,0.017239
0.3559,0,0,0,0.24037,0,0,0,0.22194,0,0,0,0.12672,0,0,0,0.046567,0,0,0,0.0085075
0.3609,0,0,0,0.19791,0,0,0,0.21619,0,0,0,0.16716,0,0,0,0.052164,0,0,0,0.0056716
0.27806,0,0.21403,0,0,0.1941,0,0,0.15664,0,0,0.10724,0,0,0.038507,0,0,0.01,0,0,0.0014179
0.17552,0,0.18448,0,0,0.22313,0,0,0.19873,0,0,0.13448,0,0,0.06403,0,0,0.017313,0,0,0.0023134
0.23358,0,0.19396,0,0,0.20731,0,0,0.18216,0,0,0.12724,0,0,0.045597,0,0,0.0086567,0,0,0.0014925
0.27418,0,0.13142,0,0,0.19231,0,0,0.195,0,0,0.13179,0,0,0.057015,0,0,0.016045,0,0,0.0022388
0.3259,0,0.14672,0,0,0.16037,0,0,0.15276,0,0,0.11433,0,0,0.066716,0,0,0.02597,0,0,0.0072388
0.35888,0,0.14836,0,0,0.14896,0,0,0.14963,0,0,0.11299,0,0,0.061866,0,0,0.017164,0,0,0.0021642
0.31799,0,0.11672,0,0,0.14664,0,0,0.15754,0,0,0.1409,0,0,0.083433,0,0,0.031642,0,0,0.0051493
0.38522,0,0,0,0.21619,0,0,0,0.21157,0,0,0,0.1259,0,0,0,0.050896,0,0,0,0.010224
0.37881,0,0,0,0.1659,0,0,0,0.20433,0,0,0,0.16015,0,0,0,0.072239,0,0,0,0.018582
0.34604,0,0,0,0.24604,0,0,0,0.21806,0,0,0,0.13478,0,0,0,0.048657,0,0,0,0.0064179
0.40022,0,0,0,0.25627,0,0,0,0.18746,0,0,0,0.1106,0,0,0,0.04,0,0,0,0.0054478
0.35299,0,0,0,0.20507,0,0,0,0.22903,0,0,0,0.16582,0,0,0,0.040299,0,0,0,0.006791
0.32925,0,0,0,0.17082,0,0,0,0.25537,0,0,0,0.17657,0,0,0,0.057985,0,0,0,0.01
0.41612,0,0,0,0.23709,0,0,0,0.18388,0,0,0,0.11231,0,0,0,0.044478,0,0,0,0.0061194
0.40873,0,0,0,0.17403,0,0,0,0.18567,0,0,0,0.15,0,0,0,0.067612,0,0,0,0.013955
0.32291,0,0,0,0.23373,0,0,0,0.21746,0,0,0,0.13993,0,0,0,0.069776,0,0,0,0.016194
0.38858,0,0,0,0.22216,0,0,0,0.1994,0,0,0,0.12104,0,0,0,0.054925,0,0,0,0.013881
0.36828,0,0,0,0.19485,0,0,0,0.18597,0,0,0,0.15828,0,0,0,0.067836,0,0,0,0.024776
0.20179,0,0,0,0.30127,0,0,0,0.29687,0,0,0,0.15522,0,0,0,0.041418,0,0,0,0.0034328
0.33425,0,0,0,0.18433,0,0,0,0.22731,0,0,0,0.16463,0,0,0,0.074627,0,0,0,0.014851
0.19858,0,0,0,0.25791,0,0,0,0.28515,0,0,0,0.17903,0,0,0,0.065896,0,0,0,0.013433
0.37821,0,0,0,0.21784,0,0,0,0.1859,0,0,0,0.13925,0,0,0,0.064403,0,0,0,0.014403
0.48075,0,0,0,0.1756,0,0,0,0.15881,0,0,0,0.11396,0,0,0,0.053209,0,0,0,0.017687
0.38082,0,0,0,0.20425,0,0,0,0.19739,0,0,0,0.14403,0,0,0,0.06097,0,0,0,0.012537
0.39149,0,0,0,0.22388,0,0,0,0.20567,0,0,0,0.11545,0,0,0,0.05209,0,0,0,0.011418
0.37612,0,0,0,0.19687,0,0,0,0.18127,0,0,0,0.15716,0,0,0,0.075896,0,0,0,0.012687
0.42007,0,0,0,0.2097,0,0,0,0.18,0,0,0,0.11396,0,0,0,0.061194,0,0,0,0.015075
0.40769,0,0,0,0.19097,0,0,0,0.22261,0,0,0,0.13261,0,0,0,0.044104,0,0,0,0.0020149
0.52455,0,0,0,0.19724,0,0,0,0.11687,0,0,0,0.076418,0,0,0,0.059478,0,0,0,0.025448
0.44418,0,0,0,0.21455,0,0,0,0.17821,0,0,0,0.10918,0,0,0,0.045672,0,0,0,0.008209
0.43597,0,0,0,0.1594,0,0,0,0.19396,0,0,0,0.10045,0,0,0,0.10299,0,0,0,0.0072388
0.34918,0,0,0,0.25821,0,0,0,0.21045,0,0,0,0.12112,0,0,0,0.048134,0,0,0,0.01291
0.37545,0,0,0,0.21799,0,0,0,0.19187,0,0,0,0.12701,0,0,0,0.073582,0,0,0,0.014104
0.36694,0,0,0,0.25418,0,0,0,0.20433,0,0,0,0.12194,0,0,0,0.047463,0,0,0,0.0051493
0.4641,0,0,0,0.2,0,0,0,0.15724,0,0,0,0.10351,0,0,0,0.056716,0,0,0,0.018433
0.35485,0,0,0,0.22007,0,0,0,0.21284,0,0,0,0.14328,0,0,0,0.057985,0,0,0,0.01097
0.30433,0,0,0,0.23396,0,0,0,0.22254,0,0,0,0.15216,0,0,0,0.067836,0,0,0,0.019179
0.37455,0,0,0,0.22485,0,0,0,0.20866,0,0,0,0.12448,0,0,0,0.05903,0,0,0,0.0084328
0.38015,0,0,0,0.21052,0,0,0,0.19052,0,0,0,0.12813,0,0,0,0.068209,0,0,0,0.022463
0.35381,0,0,0,0.22515,0,0,0,0.22918,0,0,0,0.14254,0,0,0,0.042761,0,0,0,0.0065672
0.37463,0,0,0,0.21701,0,0,0,0.20172,0,0,0,0.14657,0,0,0,0.050821,0,0,0,0.0092537
0.30254,0,0,0,0.26015,0,0,0,0.23903,0,0,0,0.14261,0,0,0,0.04791,0,0,0,0.0077612
0.40366,0,0,0,0.24396,0,0,0,0.19276,0,0,0,0.11231,0,0,0,0.041642,0,0,0,0.0056716
0.47552,0,0,0,0.18888,0,0,0,0.2047,0,0,0,0.092687,0,0,0,0.033731,0,0,0,0.0044776
0.34433,0,0,0,0.31231,0,0,0,0.22396,0,0,0,0.09903,0,0,0,0.019701,0,0,0,0.00067164
0.36164,0,0,0,0.17358,0,0,0,0.19485,0,0,0,0.15261,0,0,0,0.089851,0,0,0,0.027463
0.42769,0,0,0,0.20022,0,0,0,0.1709,0,0,0,0.13955,0,0,0,0.052687,0,0,0,0.0089552
0.32418,0,0,0,0.21963,0,0,0,0.18485,0,0,0,0.15761,0,0,0,0.088134,0,0,0,0.025597
0.36918,0,0,0,0.21,0,0,0,0.20507,0,0,0,0.14425,0,0,0,0.061866,0,0,0,0.0096269
0.33694,0,0,0,0.17627,0,0,0,0.20761,0,0,0,0.1691,0,0,0,0.086045,0,0,0,0.02403
0.27358,0,0,0,0.19843,0,0,0,0.24052,0,0,0,0.1903,0,0,0,0.080896,0,0,0,0.016269
0.40537,0,0,0,0.25806,0,0,0,0.15522,0,0,0,0.11187,0,0,0,0.058881,0,0,0,0.010597
0.40313,0,0,0,0.23306,0,0,0,0.19328,0,0,0,0.11336,0,0,0,0.045672,0,0,0,0.011493
0.42254,0,0,0,0.25216,0,0,0,0.15604,0,0,0,0.096194,0,0,0,0.050149,0,0,0,0.02291
0.40978,0,0,0,0.20634,0,0,0,0.22015,0,0,0,0.12701,0,0,0,0.033433,0,0,0,0.0032836
0.38843,0,0,0,0.23821,0,0,0,0.20455,0,0,0,0.11657,0,0,0,0.04403,0,0,0,0.008209
0.34112,0,0,0,0.27261,0,0,0,0.21493,0,0,0,0.11679,0,0,0,0.043284,0,0,0,0.011269
0.30687,0,0,0,0.30201,0,0,0,0.22963,0,0,0,0.11784,0,0,0,0.037612,0,0,0,0.0060448
0.3341,0,0,0,0.2559,0,0,0,0.24925,0,0,0,0.12418,0,0,0,0.033433,0,0,0,0.0031343
0.42828,0,0,0,0.21776,0,0,0,0.20881,0,0,0,0.10463,0,0,0,0.035746,0,0,0,0.0047761
0.44739,0,0,0,0.23075,0,0,0,0.1791,0,0,0,0.10321,0,0,0,0.031194,0,0,0,0.0083582
0.32634,0,0,0,0.2,0,0,0,0.2106,0,0,0,0.1609,0,0,0,0.080299,0,0,0,0.021866
0.40104,0,0,0,0.22007,0,0,0,0.20015,0,0,0,0.12022,0,0,0,0.049701,0,0,0,0.008806
0.40291,0,0,0,0.24642,0,0,0,0.17343,0,0,0,0.11343,0,0,0,0.050896,0,0,0,0.01291
0.39597,0,0,0,0.19015,0,0,0,0.20963,0,0,0,0.14746,0,0,0,0.047836,0,0,0,0.0089552
0.28396,0,0,0,0.26403,0,0,0,0.23343,0,0,0,0.15037,0,0,0,0.059403,0,0,0,0.008806
0.29321,0,0,0,0.21739,0,0,0,0.26418,0,0,0,0.15321,0,0,0,0.060896,0,0,0,0.011119
0.37,0,0,0,0.19799,0,0,0,0.21769,0,0,0,0.14254,0,0,0,0.06209,0,0,0,0.0097015
0.39515,0,0,0,0.18657,0,0,0,0.20104,0,0,0,0.14336,0,0,0,0.061866,0,0,0,0.012015
0.36246,0,0,0,0.18925,0,0,0,0.23172,0,0,0,0.15343,0,0,0,0.052985,0,0,0,0.010149
0.41366,0,0,0,0.19127,0,0,0,0.16836,0,0,0,0.13216,0,0,0,0.071567,0,0,0,0.022985
0.41455,0,0,0,0.22687,0,0,0,0.17216,0,0,0,0.11784,0,0,0,0.056269,0,0,0,0.012313
0.35694,0,0,0,0.2453,0,0,0,0.21239,0,0,0,0.14172,0,0,0,0.040149,0,0,0,0.0035075
0.37187,0,0,0,0.25127,0,0,0,0.19455,0,0,0,0.12776,0,0,0,0.047463,0,0,0,0.0070896
0.34813,0,0,0,0.1809,0,0,0,0.21119,0,0,0,0.16731,0,0,0,0.075597,0,0,0,0.016866
0.39843,0,0,0,0.1747,0,0,0,0.18351,0,0,0,0.15575,0,0,0,0.068806,0,0,0,0.018806
0.34888,0,0,0,0.1744,0,0,0,0.22112,0,0,0,0.1706,0,0,0,0.073507,0,0,0,0.011493
0.46022,0,0,0,0.22627,0,0,0,0.15821,0,0,0,0.096493,0,0,0,0.047612,0,0,0,0.011194
0.46134,0,0,0,0.20739,0,0,0,0.14687,0,0,0,0.10522,0,0,0,0.061119,0,0,0,0.01806
0.39194,0,0,0,0.20299,0,0,0,0.20291,0,0,0,0.14246,0,0,0,0.052239,0,0,0,0.0074627
0.44955,0,0,0,0.18821,0,0,0,0.16373,0,0,0,0.12448,0,0,0,0.059627,0,0,0,0.014403
0.38866,0,0,0,0.19276,0,0,0,0.22627,0,0,0,0.13948,0,0,0,0.045299,0,0,0,0.0075373
0.40672,0,0,0,0.19291,0,0,0,0.18918,0,0,0,0.14,0,0,0,0.060224,0,0,0,0.01097
0.28239,0,0,0,0.25769,0,0,0,0.255,0,0,0,0.15425,0,0,0,0.044776,0,0,0,0.0058955
0.3394,0,0,0,0.27246,0,0,0,0.22963,0,0,0,0.11791,0,0,0,0.034776,0,0,0,0.0058209
0.4953,0,0,0,0.15187,0,0,0,0.14142,0,0,0,0.12537,0,0,0,0.069776,0,0,0,0.016269
0.5153,0,0,0,0.19799,0,0,0,0.11328,0,0,0,0.092537,0,0,0,0.06209,0,0,0,0.018806
0.36284,0,0,0,0.28007,0,0,0,0.24463,0,0,0,0.099179,0,0,0,0.012537,0,0,0,0.00074627
0.41284,0,0,0,0.22478,0,0,0,0.18776,0,0,0,0.12075,0,0,0,0.045672,0,0,0,0.008209
0.35552,0,0,0,0.25537,0,0,0,0.22127,0,0,0,0.12821,0,0,0,0.03597,0,0,0,0.0036567
0.38239,0,0,0,0.19858,0,0,0,0.21142,0,0,0,0.14575,0,0,0,0.051493,0,0,0,0.010373
0.45313,0,0,0,0.20284,0,0,0,0.16731,0,0,0,0.10694,0,0,0,0.055299,0,0,0,0.014478
0.36925,0,0,0,0.24179,0,0,0,0.2353,0,0,0,0.10948,0,0,0,0.037761,0,0,0,0.0064179
0.42157,0,0,0,0.1841,0,0,0,0.20194,0,0,0,0.13291,0,0,0,0.051642,0,0,0,0.0078358
0.36485,0,0,0,0.20948,0,0,0,0.21306,0,0,0,0.14515,0,0,0,0.057537,0,0,0,0.0099254
0.45627,0,0,0,0.24067,0,0,0,0.15828,0,0,0,0.10015,0,0,0,0.038284,0,0,0,0.0063433
0.36575,0,0,0,0.24627,0,0,0,0.21701,0,0,0,0.11425,0,0,0,0.045448,0,0,0,0.011269
0.35246,0,0,0,0.28321,0,0,0,0.22754,0,0,0,0.1109,0,0,0,0.023582,0,0,0,0.0023134
0.29284,0,0,0,0.27701,0,0,0,0.26418,0,0,0,0.1256,0,0,0,0.037687,0,0,0,0.0026866
0.34612,0,0,0,0.19851,0,0,0,0.2106,0,0,0,0.16433,0,0,0,0.070746,0,0,0,0.0097015
0.28045,0,0,0,0.27903,0,0,0,0.28007,0,0,0,0.12052,0,0,0,0.035,0,0,0,0.0049254
0.23537,0,0,0,0.29045,0,0,0,0.27664,0,0,0,0.13336,0,0,0,0.054328,0,0,0,0.0098507
0.44784,0,0,0,0.19418,0,0,0,0.16567,0,0,0,0.11284,0,0,0,0.06597,0,0,0,0.013507
0.43761,0,0,0,0.24134,0,0,0,0.20149,0,0,0,0.095299,0,0,0,0.022463,0,0,0,0.001791
0.31575,0,0,0,0.17463,0,0,0,0.23112,0,0,0,0.1809,0,0,0,0.078582,0,0,0,0.01903
0.2656,0,0,0,0.36127,0,0,0,0.20716,0,0,0,0.12978,0,0,0,0.033507,0,0,0,0.0026866
0.45045,0,0,0,0.24239,0,0,0,0.1794,0,0,0,0.099478,0,0,0,0.025448,0,0,0,0.0028358
0.52149,0,0,0,0.15545,0,0,0,0.14328,0,0,0,0.11761,0,0,0,0.053582,0,0,0,0.0085821
0.40821,0,0,0,0.26075,0,0,0,0.23433,0,0,0,0.07097,0,0,0,0.019776,0,0,0,0.0059701
0.49194,0,0,0,0.21351,0,0,0,0.16358,0,0,0,0.084851,0,0,0,0.036045,0,0,0,0.010075
0.46858,0,0,0,0.22209,0,0,0,0.17821,0,0,0,0.098881,0,0,0,0.030075,0,0,0,0.0021642
0.45261,0,0,0,0.22888,0,0,0,0.16881,0,0,0,0.091045,0,0,0,0.046791,0,0,0,0.011866
0.41537,0,0,0,0.18918,0,0,0,0.18433,0,0,0,0.13007,0,0,0,0.060224,0,0,0,0.020821
0.4456,0,0,0,0.20388,0,0,0,0.20187,0,0,0,0.11381,0,0,0,0.032388,0,0,0,0.0024627
0.46507,0,0,0,0.16448,0,0,0,0.17672,0,0,0,0.1341,0,0,0,0.051343,0,0,0,0.0082836
0.30776,0,0,0,0.29201,0,0,0,0.25418,0,0,0,0.11866,0,0,0,0.025,0,0,0,0.0023881
0.49433,0,0,0,0.20358,0,0,0,0.14746,0,0,0,0.09694,0,0,0,0.045373,0,0,0,0.012313
0.40291,0,0,0,0.26627,0,0,0,0.23552,0,0,0,0.084254,0,0,0,0.010896,0,0,0,0.00014925
0.50799,0,0,0,0.19575,0,0,0,0.14634,0,0,0,0.10216,0,0,0,0.041866,0,0,0,0.0058955
0.50254,0,0,0,0.19575,0,0,0,0.13963,0,0,0,0.10381,0,0,0,0.045821,0,0,0,0.012463
0.48485,0,0,0,0.2356,0,0,0,0.1559,0,0,0,0.090299,0,0,0,0.028881,0,0,0,0.0044776
0.45201,0,0,0,0.20052,0,0,0,0.17373,0,0,0,0.11612,0,0,0,0.048433,0,0,0,0.0091791
0.29985,0,0,0,0.3253,0,0,0,0.24642,0,0,0,0.091119,0,0,0,0.030149,0,0,0,0.0071642
0.38201,0,0,0,0.29313,0,0,0,0.16187,0,0,0,0.10015,0,0,0,0.052537,0,0,0,0.010299
0.29776,0,0,0,0.24463,0,0,0,0.26224,0,0,0,0.14806,0,0,0,0.043657,0,0,0,0.0036567
0.24299,0,0,0,0.30097,0,0,0,0.26381,0,0,0,0.14396,0,0,0,0.041866,0,0,0,0.0064179
0.25828,0,0,0,0.2441,0,0,0,0.26433,0,0,0,0.16239,0,0,0,0.062612,0,0,0,0.0082836
0.40478,0,0,0,0.18903,0,0,0,0.1856,0,0,0,0.14284,0,0,0,0.063881,0,0,0,0.013881
0.42478,0,0,0,0.2,0,0,0,0.20269,0,0,0,0.11866,0,0,0,0.04694,0,0,0,0.0069403
0.36075,0,0,0,0.26172,0,0,0,0.2156,0,0,0,0.11201,0,0,0,0.040896,0,0,0,0.0090299
0.42455,0,0,0,0.21321,0,0,0,0.22828,0,0,0,0.10299,0,0,0,0.027164,0,0,0,0.003806
0.34134,0,0,0,0.27149,0,0,0,0.2556,0,0,0,0.099925,0,0,0,0.028284,0,0,0,0.0033582
0.37515,0,0,0,0.16918,0,0,0,0.18104,0,0,0,0.16396,0,0,0,0.095075,0,0,0,0.015597
0.35739,0,0,0,0.19276,0,0,0,0.20455,0,0,0,0.15552,0,0,0,0.072836,0,0,0,0.01694
0.29321,0,0,0,0.24022,0,0,0,0.23828,0,0,0,0.15664,0,0,0,0.061791,0,0,0,0.0098507
0.36948,0,0,0,0.15336,0,0,0,0.205,0,0,0,0.18097,0,0,0,0.076567,0,0,0,0.014627
0.32418,0,0,0,0.17052,0,0,0,0.21724,0,0,0,0.1944,0,0,0,0.082388,0,0,0,0.011269
0.36851,0,0,0,0.19,0,0,0,0.20463,0,0,0,0.1559,0,0,0,0.068881,0,0,0,0.01209
0.33239,0,0,0,0.25724,0,0,0,0.19582,0,0,0,0.13612,0,0,0,0.062388,0,0,0,0.016045
0.36119,0,0,0,0.20022,0,0,0,0.20388,0,0,0,0.14388,0,0,0,0.067836,0,0,0,0.022985
0.44836,0,0,0,0.18187,0,0,0,0.15694,0,0,0,0.13052,0,0,0,0.065522,0,0,0,0.016791
0.38888,0,0,0,0.19022,0,0,0,0.20507,0,0,0,0.15015,0,0,0,0.054328,0,0,0,0.011343
0.46597,0,0,0,0.1909,0,0,0,0.1591,0,0,0,0.11493,0,0,0,0.057164,0,0,0,0.01194
0.35701,0,0,0,0.2356,0,0,0,0.20321,0,0,0,0.1394,0,0,0,0.053284,0,0,0,0.011493
0.31321,0,0,0,0.21881,0,0,0,0.23836,0,0,0,0.16627,0,0,0,0.052164,0,0,0,0.011194
0.3597,0,0,0,0.2106,0,0,0,0.19672,0,0,0,0.14627,0,0,0,0.069552,0,0,0,0.017164
0.49933,0,0,0,0.1553,0,0,0,0.1441,0,0,0,0.11724,0,0,0,0.064328,0,0,0,0.019701
0.35963,0,0,0,0.24194,0,0,0,0.21216,0,0,0,0.13134,0,0,0,0.047537,0,0,0,0.0073881
0.43,0,0,0,0.17746,0,0,0,0.17134,0,0,0,0.13097,0,0,0,0.072761,0,0,0,0.017463
0.50978,0,0,0,0.15873,0,0,0,0.17201,0,0,0,0.095821,0,0,0,0.050075,0,0,0,0.013582
0.43597,0,0,0,0.22545,0,0,0,0.16843,0,0,0,0.11164,0,0,0,0.050896,0,0,0,0.0076119
0.39918,0,0,0,0.26575,0,0,0,0.19634,0,0,0,0.10373,0,0,0,0.030746,0,0,0,0.0042537
0.48313,0,0,0,0.1644,0,0,0,0.16396,0,0,0,0.12299,0,0,0,0.051716,0,0,0,0.013806
0.63142,0,0,0,0.11321,0,0,0,0.095,0,0,0,0.090896,0,0,0,0.055,0,0,0,0.014478
0.39313,0,0,0,0.26254,0,0,0,0.23836,0,0,0,0.089179,0,0,0,0.015597,0,0,0,0.001194
0.42993,0,0,0,0.17052,0,0,0,0.19978,0,0,0,0.13687,0,0,0,0.053134,0,0,0,0.0097761
0.42216,0,0,0,0.17672,0,0,0,0.1697,0,0,0,0.1441,0,0,0,0.073507,0,0,0,0.013806
0.46664,0,0,0,0.17575,0,0,0,0.14194,0,0,0,0.1303,0,0,0,0.069104,0,0,0,0.016269
0.43493,0,0,0,0.19836,0,0,0,0.19149,0,0,0,0.11485,0,0,0,0.04903,0,0,0,0.011343
0.45828,0,0,0,0.15918,0,0,0,0.19231,0,0,0,0.1241,0,0,0,0.054851,0,0,0,0.011269
0.43075,0,0,0,0.19888,0,0,0,0.18664,0,0,0,0.11672,0,0,0,0.053955,0,0,0,0.01306
0.4359,0,0,0,0.17209,0,0,0,0.19627,0,0,0,0.13485,0,0,0,0.053582,0,0,0,0.0073134
0.43351,0,0,0,0.21806,0,0,0,0.18104,0,0,0,0.1209,0,0,0,0.042313,0,0,0,0.0041791
0.42313,0,0,0,0.14843,0,0,0,0.1844,0,0,0,0.15955,0,0,0,0.070896,0,0,0,0.013582
0.39918,0,0,0,0.22201,0,0,0,0.18709,0,0,0,0.12336,0,0,0,0.059254,0,0,0,0.0091045
0.45619,0,0,0,0.20567,0,0,0,0.19007,0,0,0,0.1103,0,0,0,0.032985,0,0,0,0.0047761
0.41254,0,0,0,0.24067,0,0,0,0.18291,0,0,0,0.11321,0,0,0,0.04403,0,0,0,0.0066418
0.39888,0,0,0,0.20716,0,0,0,0.22493,0,0,0,0.12328,0,0,0,0.042985,0,0,0,0.0027612
0.40881,0,0,0,0.22739,0,0,0,0.20731,0,0,0,0.12366,0,0,0,0.030299,0,0,0,0.0025373
0.43545,0,0,0,0.27567,0,0,0,0.18104,0,0,0,0.077313,0,0,0,0.025522,0,0,0,0.005
0.45455,0,0,0,0.20515,0,0,0,0.16515,0,0,0,0.11746,0,0,0,0.050299,0,0,0,0.0073881
0.37321,0,0,0,0.18806,0,0,0,0.24224,0,0,0,0.14866,0,0,0,0.044552,0,0,0,0.0032836
0.44448,0,0,0,0.20642,0,0,0,0.18806,0,0,0,0.10582,0,0,0,0.045,0,0,0,0.010224
0.39082,0,0,0,0.19724,0,0,0,0.20858,0,0,0,0.14612,0,0,0,0.048806,0,0,0,0.0084328
0.36701,0,0,0,0.24537,0,0,0,0.2244,0,0,0,0.12291,0,0,0,0.036493,0,0,0,0.003806
0.38642,0,0,0,0.2409,0,0,0,0.19739,0,0,0,0.12075,0,0,0,0.045075,0,0,0,0.0094776
0.3359,0,0,0,0.20716,0,0,0,0.22836,0,0,0,0.15679,0,0,0,0.061194,0,0,0,0.010597
0.38612,0,0,0,0.27209,0,0,0,0.16858,0,0,0,0.11104,0,0,0,0.053358,0,0,0,0.008806
0.36642,0,0,0,0.21022,0,0,0,0.21836,0,0,0,0.13731,0,0,0,0.052388,0,0,0,0.015299
0.30664,0,0,0,0.3044,0,0,0,0.20866,0,0,0,0.12851,0,0,0,0.047537,0,0,0,0.0042537
0.31045,0,0,0,0.19918,0,0,0,0.22925,0,0,0,0.17754,0,0,0,0.070896,0,0,0,0.012687
0.29962,0,0,0,0.2765,0,0,0,0.24432,0,0,0,0.13373,0,0,0,0.042499,0,0,0,0.0033282
0.31776,0,0,0,0.19679,0,0,0,0.22254,0,0,0,0.16433,0,0,0,0.079627,0,0,0,0.018955
0.24313,0,0,0,0.28925,0,0,0,0.24724,0,0,0,0.14634,0,0,0,0.061642,0,0,0,0.012388
0.36015,0,0,0,0.20851,0,0,0,0.20157,0,0,0,0.1441,0,0,0,0.068657,0,0,0,0.017015
0.43881,0,0,0,0.22164,0,0,0,0.15515,0,0,0,0.11784,0,0,0,0.053806,0,0,0,0.012761
0.40052,0,0,0,0.21269,0,0,0,0.17993,0,0,0,0.13537,0,0,0,0.057015,0,0,0,0.014478
0.43261,0,0,0,0.18507,0,0,0,0.18172,0,0,0,0.12515,0,0,0,0.062239,0,0,0,0.013209
0.36903,0,0,0,0.20052,0,0,0,0.19813,0,0,0,0.15522,0,0,0,0.066045,0,0,0,0.011045
0.32724,0,0,0,0.23396,0,0,0,0.23351,0,0,0,0.15149,0,0,0,0.047836,0,0,0,0.0059701
0.31366,0,0,0,0.21045,0,0,0,0.23112,0,0,0,0.17045,0,0,0,0.065075,0,0,0,0.0092537
0.35642,0,0,0,0.16828,0,0,0,0.20716,0,0,0,0.17157,0,0,0,0.081194,0,0,0,0.015373
0.36075,0,0,0,0.15619,0,0,0,0.20701,0,0,0,0.17731,0,0,0,0.081716,0,0,0,0.017015
0.39948,0,0,0,0.16978,0,0,0,0.18903,0,0,0,0.1544,0,0,0,0.074179,0,0,0,0.013134
0.38716,0,0,0,0.17552,0,0,0,0.19164,0,0,0,0.15888,0,0,0,0.073806,0,0,0,0.012985
0.32619,0,0,0,0.19306,0,0,0,0.22896,0,0,0,0.17194,0,0,0,0.067836,0,0,0,0.012015
0.37731,0,0,0,0.16985,0,0,0,0.19657,0,0,0,0.15843,0,0,0,0.080075,0,0,0,0.017761
0.47388,0,0,0,0.14358,0,0,0,0.13925,0,0,0,0.14112,0,0,0,0.079627,0,0,0,0.022537
0.3547,0,0,0,0.24231,0,0,0,0.1959,0,0,0,0.12164,0,0,0,0.063209,0,0,0,0.022239
0.26092,0,0,0,0.27927,0,0,0,0.22991,0,0,0,0.15885,0,0,0,0.061736,0,0,0,0.0093186
0.23821,0,0,0,0.25172,0,0,0,0.23918,0,0,0,0.17037,0,0,0,0.081418,0,0,0,0.019104
0.23164,0,0,0,0.1853,0,0,0,0.25104,0,0,0,0.20612,0,0,0,0.10321,0,0,0,0.022687
0.41045,0,0,0,0.21619,0,0,0,0.18515,0,0,0,0.11985,0,0,0,0.058358,0,0,0,0.01
0.3653,0,0,0,0.1753,0,0,0,0.19993,0,0,0,0.16694,0,0,0,0.077313,0,0,0,0.015224
0.3453,0,0,0,0.20313,0,0,0,0.23664,0,0,0,0.15425,0,0,0,0.05209,0,0,0,0.0085821
0.41142,0,0,0,0.2094,0,0,0,0.19791,0,0,0,0.11985,0,0,0,0.047687,0,0,0,0.013731
0.35716,0,0,0,0.23164,0,0,0,0.22284,0,0,0,0.12873,0,0,0,0.049701,0,0,0,0.0099254
0.36507,0,0,0,0.21843,0,0,0,0.22149,0,0,0,0.13754,0,0,0,0.05,0,0,0,0.0074627
0.39291,0,0,0,0.25858,0,0,0,0.22858,0,0,0,0.097313,0,0,0,0.019851,0,0,0,0.0027612
0.4197,0,0,0,0.22515,0,0,0,0.17119,0,0,0,0.11918,0,0,0,0.054104,0,0,0,0.010672
0.44694,0,0,0,0.21104,0,0,0,0.12896,0,0,0,0.10903,0,0,0,0.077687,0,0,0,0.026343
0.34567,0,0,0,0.22985,0,0,0,0.22142,0,0,0,0.14,0,0,0,0.052388,0,0,0,0.010672
0.37866,0,0,0,0.18963,0,0,0,0.20649,0,0,0,0.14575,0,0,0,0.064701,0,0,0,0.014776
0.28082,0,0,0,0.23933,0,0,0,0.2506,0,0,0,0.16261,0,0,0,0.060299,0,0,0,0.0063433
0.43187,0,0,0,0.16478,0,0,0,0.20478,0,0,0,0.13358,0,0,0,0.052164,0,0,0,0.012836
0.34097,0,0,0,0.31701,0,0,0,0.15806,0,0,0,0.099925,0,0,0,0.076343,0,0,0,0.0076866
0.28866,0,0,0,0.27067,0,0,0,0.22985,0,0,0,0.13381,0,0,0,0.062537,0,0,0,0.014478
0.41754,0,0,0,0.19627,0,0,0,0.16597,0,0,0,0.12179,0,0,0,0.073806,0,0,0,0.024627
0.2691,0,0,0,0.30582,0,0,0,0.23627,0,0,0,0.12552,0,0,0,0.052537,0,0,0,0.010746
0.34873,0,0,0,0.25791,0,0,0,0.22119,0,0,0,0.11291,0,0,0,0.050597,0,0,0,0.0086567
0.38739,0,0,0,0.2094,0,0,0,0.22119,0,0,0,0.13216,0,0,0,0.040522,0,0,0,0.0093284
0.30037,0,0,0,0.27836,0,0,0,0.24052,0,0,0,0.13769,0,0,0,0.038134,0,0,0,0.0049254
0.31985,0,0,0,0.19343,0,0,0,0.23343,0,0,0,0.17291,0,0,0,0.065522,0,0,0,0.014851
0.36522,0,0,0,0.17828,0,0,0,0.21269,0,0,0,0.15978,0,0,0,0.072388,0,0,0,0.011642
0.37918,0,0,0,0.1659,0,0,0,0.18813,0,0,0,0.16687,0,0,0,0.086269,0,0,0,0.013657
0.42,0,0,0,0.17821,0,0,0,0.1859,0,0,0,0.13687,0,0,0,0.065672,0,0,0,0.013358
0.23903,0,0,0,0.24672,0,0,0,0.25321,0,0,0,0.17813,0,0,0,0.072015,0,0,0,0.010896
0.28552,0,0,0,0.26679,0,0,0,0.23291,0,0,0,0.15224,0,0,0,0.054851,0,0,0,0.0076866
0.505,0,0,0,0.25127,0,0,0,0.19104,0,0,0,0.044104,0,0,0,0.0070149,0,0,0,0.0015672
0.31478,0,0,0,0.24358,0,0,0,0.21672,0,0,0,0.14933,0,0,0,0.06291,0,0,0,0.012687
0.28694,0,0,0,0.28291,0,0,0,0.25209,0,0,0,0.13052,0,0,0,0.039254,0,0,0,0.0082836
0.32418,0,0,0,0.21269,0,0,0,0.20328,0,0,0,0.15224,0,0,0,0.083284,0,0,0,0.024328
0.41463,0,0,0,0.17746,0,0,0,0.19843,0,0,0,0.1397,0,0,0,0.06097,0,0,0,0.008806
0.36045,0,0,0,0.22664,0,0,0,0.20694,0,0,0,0.13709,0,0,0,0.058209,0,0,0,0.010672
0.33396,0,0,0,0.30104,0,0,0,0.195,0,0,0,0.12313,0,0,0,0.041791,0,0,0,0.0050746
0.43657,0,0,0,0.28179,0,0,0,0.18172,0,0,0,0.074552,0,0,0,0.022612,0,0,0,0.0027612
0.41478,0,0,0,0.23172,0,0,0,0.18731,0,0,0,0.12127,0,0,0,0.042761,0,0,0,0.0021642
0.32649,0,0,0,0.24716,0,0,0,0.21851,0,0,0,0.14127,0,0,0,0.058358,0,0,0,0.008209
0.40582,0,0,0,0.19,0,0,0,0.18545,0,0,0,0.12866,0,0,0,0.070672,0,0,0,0.019403
0.38649,0,0,0,0.22791,0,0,0,0.1791,0,0,0,0.11978,0,0,0,0.067985,0,0,0,0.018731
0.28187,0,0,0,0.31164,0,0,0,0.24448,0,0,0,0.12604,0,0,0,0.032463,0,0,0,0.0035075
0.24724,0,0,0,0.22321,0,0,0,0.2456,0,0,0,0.20045,0,0,0,0.073134,0,0,0,0.010373
0.40381,0,0,0,0.23537,0,0,0,0.17104,0,0,0,0.11112,0,0,0,0.059627,0,0,0,0.01903
0.45351,0,0,0,0.16015,0,0,0,0.18343,0,0,0,0.13567,0,0,0,0.055,0,0,0,0.012239
0.39575,0,0,0,0.32612,0,0,0,0.22291,0,0,0,0.046493,0,0,0,0.0084328,0,0,0,0.00029851
0.38455,0,0,0,0.185,0,0,0,0.18455,0,0,0,0.14746,0,0,0,0.077836,0,0,0,0.020597
0.3847,0,0,0,0.20619,0,0,0,0.19433,0,0,0,0.14522,0,0,0,0.058358,0,0,0,0.011194
0.36433,0,0,0,0.18142,0,0,0,0.20978,0,0,0,0.16433,0,0,0,0.068284,0,0,0,0.011866
0.38328,0,0,0,0.25299,0,0,0,0.21791,0,0,0,0.10739,0,0,0,0.033582,0,0,0,0.0048507
0.37881,0,0,0,0.17746,0,0,0,0.19985,0,0,0,0.16634,0,0,0,0.065597,0,0,0,0.01194
0.34978,0,0,0,0.22701,0,0,0,0.22448,0,0,0,0.1356,0,0,0,0.054478,0,0,0,0.0086567
0.23799,0,0,0,0.34597,0,0,0,0.28149,0,0,0,0.10754,0,0,0,0.025448,0,0,0,0.0015672
0.30716,0,0,0,0.20851,0,0,0,0.25127,0,0,0,0.16567,0,0,0,0.054701,0,0,0,0.012687
0.24701,0,0,0,0.26127,0,0,0,0.27522,0,0,0,0.15291,0,0,0,0.057164,0,0,0,0.0064179
0.31239,0,0,0,0.25769,0,0,0,0.23537,0,0,0,0.1403,0,0,0,0.049851,0,0,0,0.004403
0.36896,0,0,0,0.24269,0,0,0,0.20612,0,0,0,0.12642,0,0,0,0.047612,0,0,0,0.008209
0.38776,0,0,0,0.15522,0,0,0,0.20082,0,0,0,0.17164,0,0,0,0.072463,0,0,0,0.01209
0.37709,0,0,0,0.21709,0,0,0,0.21045,0,0,0,0.13336,0,0,0,0.052388,0,0,0,0.0096269
0.30582,0,0,0,0.15709,0,0,0,0.21507,0,0,0,0.19664,0,0,0,0.10201,0,0,0,0.023358
0.31097,0,0,0,0.22201,0,0,0,0.26716,0,0,0,0.15239,0,0,0,0.043731,0,0,0,0.0037313
0.28045,0,0,0,0.29127,0,0,0,0.26291,0,0,0,0.13119,0,0,0,0.031791,0,0,0,0.0023881
0.36328,0,0,0,0.2903,0,0,0,0.21754,0,0,0,0.094254,0,0,0,0.030299,0,0,0,0.0043284
0.40224,0,0,0,0.23388,0,0,0,0.20351,0,0,0,0.11,0,0,0,0.041418,0,0,0,0.0089552
0.35612,0,0,0,0.29082,0,0,0,0.23627,0,0,0,0.084179,0,0,0,0.029701,0,0,0,0.0029104
0.37418,0,0,0,0.27649,0,0,0,0.2144,0,0,0,0.10157,0,0,0,0.028284,0,0,0,0.0050746
0.3897,0,0,0,0.24104,0,0,0,0.20299,0,0,0,0.12381,0,0,0,0.035448,0,0,0,0.0070149
0.37022,0,0,0,0.22828,0,0,0,0.21627,0,0,0,0.13448,0,0,0,0.043358,0,0,0,0.0073881
0.35649,0,0,0,0.23948,0,0,0,0.19851,0,0,0,0.14157,0,0,0,0.053881,0,0,0,0.010075
0.40925,0,0,0,0.2609,0,0,0,0.20993,0,0,0,0.095373,0,0,0,0.022164,0,0,0,0.0023881
0.33119,0,0,0,0.1744,0,0,0,0.21575,0,0,0,0.175,0,0,0,0.086418,0,0,0,0.017239
0.22373,0,0,0,0.33149,0,0,0,0.29836,0,0,0,0.12396,0,0,0,0.02097,0,0,0,0.0014925
0.37627,0,0,0,0.25731,0,0,0,0.2097,0,0,0,0.10903,0,0,0,0.040448,0,0,0,0.0072388
0.36716,0,0,0,0.21343,0,0,0,0.20903,0,0,0,0.13731,0,0,0,0.062239,0,0,0,0.010821
0.44649,0,0,0,0.19978,0,0,0,0.1603,0,0,0,0.10948,0,0,0,0.064254,0,0,0,0.019701
0.30381,0,0,0,0.19291,0,0,0,0.22716,0,0,0,0.18343,0,0,0,0.079104,0,0,0,0.013582
0.38888,0,0,0,0.17582,0,0,0,0.19858,0,0,0,0.14843,0,0,0,0.071343,0,0,0,0.01694
0.43866,0,0,0,0.23052,0,0,0,0.18687,0,0,0,0.10015,0,0,0,0.037239,0,0,0,0.0065672
0.33881,0,0,0,0.25769,0,0,0,0.22358,0,0,0,0.12701,0,0,0,0.042761,0,0,0,0.010149
0.29881,0,0,0,0.2441,0,0,0,0.25082,0,0,0,0.14851,0,0,0,0.050896,0,0,0,0.0068657
0.36537,0,0,0,0.19724,0,0,0,0.19478,0,0,0,0.14246,0,0,0,0.076269,0,0,0,0.023881
0.24679,0,0,0,0.26791,0,0,0,0.25075,0,0,0,0.14933,0,0,0,0.067761,0,0,0,0.017463
0.33701,0,0,0,0.32381,0,0,0,0.20201,0,0,0,0.10649,0,0,0,0.029627,0,0,0,0.0010448
0.37619,0,0,0,0.18045,0,0,0,0.215,0,0,0,0.15657,0,0,0,0.06306,0,0,0,0.0087313
0.39619,0,0,0,0.17403,0,0,0,0.19619,0,0,0,0.15351,0,0,0,0.068806,0,0,0,0.011269
0.26351,0,0,0,0.20776,0,0,0,0.26164,0,0,0,0.19104,0,0,0,0.066269,0,0,0,0.0097761
0.29836,0,0,0,0.19403,0,0,0,0.23403,0,0,0,0.18037,0,0,0,0.077985,0,0,0,0.015224
0.41134,0,0,0,0.19724,0,0,0,0.1809,0,0,0,0.13007,0,0,0,0.063731,0,0,0,0.016716
0.37254,0,0,0,0.28739,0,0,0,0.22246,0,0,0,0.090224,0,0,0,0.025522,0,0,0,0.0018657
0.62194,0,0,0,0.093507,0,0,0,0.10828,0,0,0,0.10127,0,0,0,0.058433,0,0,0,0.016567
0.41769,0,0,0,0.20463,0,0,0,0.16821,0,0,0,0.13037,0,0,0,0.067164,0,0,0,0.01194
0.42515,0,0,0,0.19799,0,0,0,0.20142,0,0,0,0.12657,0,0,0,0.042313,0,0,0,0.0065672
0.51343,0,0,0,0.14485,0,0,0,0.13336,0,0,0,0.12119,0,0,0,0.069776,0,0,0,0.017388
0.51403,0,0,0,0.16709,0,0,0,0.13567,0,0,0,0.11642,0,0,0,0.058433,0,0,0,0.0083582
0.49157,0,0,0,0.14963,0,0,0,0.14881,0,0,0,0.12739,0,0,0,0.069328,0,0,0,0.013284
0.29739,0,0,0,0.2709,0,0,0,0.2741,0,0,0,0.12933,0,0,0,0.02597,0,0,0,0.0023134
0.42948,0,0,0,0.16716,0,0,0,0.20978,0,0,0,0.13022,0,0,0,0.053433,0,0,0,0.0099254
0.39403,0,0,0,0.22866,0,0,0,0.19761,0,0,0,0.1153,0,0,0,0.054925,0,0,0,0.0094776
0.41433,0,0,0,0.18104,0,0,0,0.19821,0,0,0,0.14127,0,0,0,0.058806,0,0,0,0.0063433
0.4203,0,0,0,0.17172,0,0,0,0.19157,0,0,0,0.14478,0,0,0,0.058731,0,0,0,0.01291
0.36918,0,0,0,0.15172,0,0,0,0.18433,0,0,0,0.17754,0,0,0,0.096567,0,0,0,0.020672
0.32157,0,0,0,0.2409,0,0,0,0.22664,0,0,0,0.14396,0,0,0,0.058731,0,0,0,0.008209
0.3547,0,0,0,0.19104,0,0,0,0.22149,0,0,0,0.1609,0,0,0,0.062537,0,0,0,0.0093284
0.29799,0,0,0,0.23903,0,0,0,0.24799,0,0,0,0.15537,0,0,0,0.053881,0,0,0,0.0057463
0.29873,0,0,0,0.2603,0,0,0,0.22955,0,0,0,0.15007,0,0,0,0.055299,0,0,0,0.0060448
0.36955,0,0,0,0.18858,0,0,0,0.20821,0,0,0,0.15888,0,0,0,0.062537,0,0,0,0.012239
0.3897,0,0,0,0.15299,0,0,0,0.21127,0,0,0,0.17127,0,0,0,0.066194,0,0,0,0.0085821
0.24276,0,0,0,0.24821,0,0,0,0.26903,0,0,0,0.17925,0,0,0,0.053806,0,0,0,0.0069403
0.30716,0,0,0,0.2647,0,0,0,0.23828,0,0,0,0.13709,0,0,0,0.04694,0,0,0,0.0058209
0.38537,0,0,0,0.17813,0,0,0,0.17037,0,0,0,0.16358,0,0,0,0.081866,0,0,0,0.020672
0.27739,0,0,0,0.27955,0,0,0,0.25172,0,0,0,0.13888,0,0,0,0.045,0,0,0,0.0074627
0.50925,0,0,0,0.16843,0,0,0,0.14313,0,0,0,0.10537,0,0,0,0.058806,0,0,0,0.015
