0.91444,0,0,0,0,0,0.046791,0,0,0,0,0,0,0.03877,0,0,0,0,0,0,0,0.81818,0,0,0,0,0,0.010695,0,0,0,0,0,0,0.081551,0,0,0,0,0,0,0.089572,0.81952,0,0,0,0,0,0.020053,0,0,0,0,0,0,0.05615,0,0,0,0,0,0,0.10428,0.8984,0,0,0,0,0,0.010695,0,0,0,0,0,0,0.041444,0,0,0,0,0,0,0.049465,0.57353,0,0,0,0,0,0.16979,0,0,0,0,0,0,0.20321,0,0,0,0,0,0,0.053476,0,0,0,0,0,0,0.24198,0,0,0,0,0,0,0.52807,0,0,0,0,0,0,0.22995,0.0026738,0,0,0,0,0,0.11096,0,0,0,0,0,0,0.47727,0,0,0,0,0,0,0.40909,0.44118,0,0,0,0,0,0.088235,0,0,0,0,0,0,0.27005,0,0,0,0,0,0,0.20053,0.58289,0,0,0,0,0,0.14973,0,0,0,0,0,0,0.15241,0,0,0,0,0,0,0.11497,0,0,0,0,0,0,0.12968,0,0,0,0,0,0,0.24465,0,0,0,0,0,0,0.62567,0.0026738,0,0,0,0,0,0.1631,0,0,0,0,0,0,0.36898,0,0,0,0,0,0,0.46524,0.44385,0,0,0,0,0,0.030749,0,0,0,0,0,0,0.14171,0,0,0,0,0,0,0.38369,0.91845,0,0,0,0,0,0.044118,0,0,0,0,0,0,0.028075,0,0,0,0,0,0,0.0093583,0.77406,0,0,0,0,0,0.0093583,0,0,0,0,0,0,0.16043,0,0,0,0,0,0,0.05615,0.77807,0,0,0,0,0,0.028075,0,0,0,0,0,0,0.092246,0,0,0,0,0,0,0.1016,0.87299,0,0,0,0,0,0.0013369,0,0,0,0,0,0,0.029412,0,0,0,0,0,0,0.096257
0.91444,0,0,0,0,0,0,0,0,0,0,0,0,0.037433,0,0,0,0,0,0,0.048128,0.81818,0,0,0,0,0,0.0080214,0,0,0,0,0,0,0.069519,0,0,0,0,0,0,0.10428,0.81818,0,0,0,0,0,0,0,0,0,0,0,0,0.041444,0,0,0,0,0,0,0.14037,0.8984,0,0,0,0,0,0.049465,0,0,0,0,0,0,0.014706,0,0,0,0,0,0,0.037433,0.52941,0,0,0,0,0,0.061497,0,0,0,0,0,0,0.13235,0,0,0,0,0,0,0.27674,0,0,0,0,0,0,0.0053476,0,0,0,0,0,0,0.13904,0,0,0,0,0,0,0.85561,0,0,0,0,0,0,0.0026738,0,0,0,0,0,0,0.37299,0,0,0,0,0,0,0.62433,0.44118,0,0,0,0,0,0.13636,0,0,0,0,0,0,0.17914,0,0,0,0,0,0,0.24332,0.53209,0,0,0,0,0,0.064171,0,0,0,0,0,0,0.24332,0,0,0,0,0,0,0.16043,0,0,0,0,0,0,0.21123,0,0,0,0,0,0,0.31016,0,0,0,0,0,0,0.47861,0,0,0,0,0,0,0.0066845,0,0,0,0,0,0,0.12968,0,0,0,0,0,0,0.86364,0.44118,0,0,0,0,0,0.20187,0,0,0,0,0,0,0.12701,0,0,0,0,0,0,0.22995,0.89305,0,0,0,0,0,0.033422,0,0,0,0,0,0,0.062834,0,0,0,0,0,0,0.010695,0.77273,0,0,0,0,0,0.0080214,0,0,0,0,0,0,0.081551,0,0,0,0,0,0,0.1377,0.77406,0,0,0,0,0,0.01738,0,0,0,0,0,0,0.096257,0,0,0,0,0,0,0.1123,0.87299,0,0,0,0,0,0.0013369,0,0,0,0,0,0,0.090909,0,0,0,0,0,0,0.034759
0.91444,0,0,0,0,0,0.0053476,0,0,0,0,0,0,0.042781,0,0,0,0,0,0,0.037433,0.81952,0,0,0,0,0,0.036096,0,0,0,0,0,0,0.089572,0,0,0,0,0,0,0.054813,0.82888,0,0,0,0,0,0.069519,0,0,0,0,0,0,0.070856,0,0,0,0,0,0,0.030749,0.94519,0,0,0,0,0,0.030749,0,0,0,0,0,0,0.024064,0,0,0,0,0,0,0,0.52941,0,0,0,0,0,0.09492,0,0,0,0,0,0,0.18583,0,0,0,0,0,0,0.18984,0.0093583,0,0,0,0,0,0.22326,0,0,0,0,0,0,0.49599,0,0,0,0,0,0,0.27139,0.028075,0,0,0,0,0,0.15909,0,0,0,0,0,0,0.20989,0,0,0,0,0,0,0.60294,0.49866,0,0,0,0,0,0.10695,0,0,0,0,0,0,0.27807,0,0,0,0,0,0,0.11631,0.52941,0,0,0,0,0,0.014706,0,0,0,0,0,0,0.064171,0,0,0,0,0,0,0.39171,0.0026738,0,0,0,0,0,0.13369,0,0,0,0,0,0,0.40909,0,0,0,0,0,0,0.45455,0.0013369,0,0,0,0,0,0.082888,0,0,0,0,0,0,0.20321,0,0,0,0,0,0,0.71257,0.44118,0,0,0,0,0,0.045455,0,0,0,0,0,0,0.31551,0,0,0,0,0,0,0.19786,0.89305,0,0,0,0,0,0,0,0,0,0,0,0,0.012032,0,0,0,0,0,0,0.09492,0.77674,0,0,0,0,0,0.037433,0,0,0,0,0,0,0.13369,0,0,0,0,0,0,0.052139,0.77273,0,0,0,0,0,0.0013369,0,0,0,0,0,0,0.21257,0,0,0,0,0,0,0.013369,0.87299,0,0,0,0,0,0.0053476,0,0,0,0,0,0,0.072193,0,0,0,0,0,0,0.049465
0.9238,0,0,0,0,0,0.024064,0,0,0,0,0,0,0.048128,0,0,0,0,0,0,0.0040107,0.81818,0,0,0,0,0,0.030749,0,0,0,0,0,0,0.082888,0,0,0,0,0,0,0.068182,0.82353,0,0,0,0,0,0.018717,0,0,0,0,0,0,0.06016,0,0,0,0,0,0,0.097594,0.8984,0,0,0,0,0,0.0066845,0,0,0,0,0,0,0.053476,0,0,0,0,0,0,0.041444,0.55615,0,0,0,0,0,0.16711,0,0,0,0,0,0,0.25134,0,0,0,0,0,0,0.025401,0.0066845,0,0,0,0,0,0.09893,0,0,0,0,0,0,0.37834,0,0,0,0,0,0,0.51604,0.014706,0,0,0,0,0,0.12032,0,0,0,0,0,0,0.30348,0,0,0,0,0,0,0.5615,0.44385,0,0,0,0,0,0.070856,0,0,0,0,0,0,0.22594,0,0,0,0,0,0,0.25936,0.57754,0,0,0,0,0,0.054813,0,0,0,0,0,0,0.2139,0,0,0,0,0,0,0.15374,0,0,0,0,0,0,0.03877,0,0,0,0,0,0,0.4131,0,0,0,0,0,0,0.54813,0.0013369,0,0,0,0,0,0.06016,0,0,0,0,0,0,0.38102,0,0,0,0,0,0,0.55749,0.45321,0,0,0,0,0,0.1016,0,0,0,0,0,0,0.23663,0,0,0,0,0,0,0.20856,0.91578,0,0,0,0,0,0.012032,0,0,0,0,0,0,0.012032,0,0,0,0,0,0,0.06016,0.77273,0,0,0,0,0,0,0,0,0,0,0,0,0.016043,0,0,0,0,0,0,0.21123,0.77273,0,0,0,0,0,0.0080214,0,0,0,0,0,0,0.076203,0,0,0,0,0,0,0.14305,0.87299,0,0,0,0,0,0.016043,0,0,0,0,0,0,0.045455,0,0,0,0,0,0,0.065508
0.91444,0,0,0,0,0,0,0,0,0,0,0,0,0.0053476,0,0,0,0,0,0,0.080214,0.81818,0,0,0,0,0,0,0,0,0,0,0,0,0.0040107,0,0,0,0,0,0,0.17781,0.90775,0,0,0,0,0,0.0080214,0,0,0,0,0,0,0.025401,0,0,0,0,0,0,0.058824,1,0,0,0,0,0,0,0,0,0,0,0,0,0,0,0,0,0,0,0,0,0.52941,0,0,0,0,0,0.0013369,0,0,0,0,0,0,0.080214,0,0,0,0,0,0,0.38904,0,0,0,0,0,0,0,0,0,0,0,0,0,0.19251,0,0,0,0,0,0,0.80749,0.43316,0,0,0,0,0,0.090909,0,0,0,0,0,0,0.17513,0,0,0,0,0,0,0.3008,1,0,0,0,0,0,0,0,0,0,0,0,0,0,0,0,0,0,0,0,0,0.52941,0,0,0,0,0,0.049465,0,0,0,0,0,0,0.1631,0,0,0,0,0,0,0.25802,0.0013369,0,0,0,0,0,0.18182,0,0,0,0,0,0,0.18984,0,0,0,0,0,0,0.62701,0.52005,0,0,0,0,0,0.11096,0,0,0,0,0,0,0.19519,0,0,0,0,0,0,0.1738,1,0,0,0,0,0,0,0,0,0,0,0,0,0,0,0,0,0,0,0,0,0.90374,0,0,0,0,0,0.013369,0,0,0,0,0,0,0.068182,0,0,0,0,0,0,0.014706,0.78209,0,0,0,0,0,0.11898,0,0,0,0,0,0,0.09893,0,0,0,0,0,0,0,0.92914,0,0,0,0,0,0.01738,0,0,0,0,0,0,0.041444,0,0,0,0,0,0,0.012032,1,0,0,0,0,0,0,0,0,0,0,0,0,0,0,0,0,0,0,0,0
0.91979,0,0,0,0,0,0.032086,0,0,0,0,0,0,0.037433,0,0,0,0,0,0,0.010695,0.81818,0,0,0,0,0,0,0,0,0,0,0,0,0.012032,0,0,0,0,0,0,0.16979,0.8262,0,0,0,0,0,0.085561,0,0,0,0,0,0,0.088235,0,0,0,0,0,0,0,0.99599,0,0,0,0,0,0.0040107,0,0,0,0,0,0,0,0,0,0,0,0,0,0,0.52941,0,0,0,0,0,0.025401,0,0,0,0,0,0,0.1631,0,0,0,0,0,0,0.28209,0,0,0,0,0,0,0,0,0,0,0,0,0,0.18717,0,0,0,0,0,0,0.81283,0.15374,0,0,0,0,0,0.48797,0,0,0,0,0,0,0.32754,0,0,0,0,0,0,0.030749,1,0,0,0,0,0,0,0,0,0,0,0,0,0,0,0,0,0,0,0,0,0.53209,0,0,0,0,0,0.073529,0,0,0,0,0,0,0.23396,0,0,0,0,0,0,0.16043,0.0026738,0,0,0,0,0,0.045455,0,0,0,0,0,0,0.36497,0,0,0,0,0,0,0.5869,0.65775,0,0,0,0,0,0.30348,0,0,0,0,0,0,0.032086,0,0,0,0,0,0,0.0066845,0.97594,0,0,0,0,0,0.024064,0,0,0,0,0,0,0,0,0,0,0,0,0,0,0.89305,0,0,0,0,0,0,0,0,0,0,0,0,0.040107,0,0,0,0,0,0,0.066845,0.77273,0,0,0,0,0,0.016043,0,0,0,0,0,0,0.048128,0,0,0,0,0,0,0.1631,0.94385,0,0,0,0,0,0.05615,0,0,0,0,0,0,0,0,0,0,0,0,0,0,1,0,0,0,0,0,0,0,0,0,0,0,0,0,0,0,0,0,0,0,0
1,0,0,0,0,0,0,0,0,0,0,0,0,0,0,0,0,0,0,0,0,0.94652,0,0,0,0,0,0.053476,0,0,0,0,0,0,0,0,0,0,0,0,0,0,0.81952,0,0,0,0,0,0.026738,0,0,0,0,0,0,0.078877,0,0,0,0,0,0,0.074866,0.8984,0,0,0,0,0,0.022727,0,0,0,0,0,0,0.06016,0,0,0,0,0,0,0.018717,0.99198,0,0,0,0,0,0.0080214,0,0,0,0,0,0,0,0,0,0,0,0,0,0,0.51872,0,0,0,0,0,0.48128,0,0,0,0,0,0,0,0,0,0,0,0,0,0,0.0066845,0,0,0,0,0,0.096257,0,0,0,0,0,0,0.4639,0,0,0,0,0,0,0.43316,0.45053,0,0,0,0,0,0.096257,0,0,0,0,0,0,0.18182,0,0,0,0,0,0,0.27139,1,0,0,0,0,0,0,0,0,0,0,0,0,0,0,0,0,0,0,0,0,0.64973,0,0,0,0,0,0.35027,0,0,0,0,0,0,0,0,0,0,0,0,0,0,0.0013369,0,0,0,0,0,0.074866,0,0,0,0,0,0,0.44652,0,0,0,0,0,0,0.47727,0.49332,0,0,0,0,0,0.1484,0,0,0,0,0,0,0.23529,0,0,0,0,0,0,0.12299,1,0,0,0,0,0,0,0,0,0,0,0,0,0,0,0,0,0,0,0,0,0.91979,0,0,0,0,0,0.080214,0,0,0,0,0,0,0,0,0,0,0,0,0,0,0.77273,0,0,0,0,0,0.01738,0,0,0,0,0,0,0.086898,0,0,0,0,0,0,0.12299,0.89305,0,0,0,0,0,0.050802,0,0,0,0,0,0,0.036096,0,0,0,0,0,0,0.020053
0.94118,0,0,0,0,0,0.037433,0,0,0,0,0,0,0.0053476,0,0,0,0,0,0,0.016043,0.81818,0,0,0,0,0,0.0026738,0,0,0,0,0,0,0.042781,0,0,0,0,0,0,0.13636,0.87433,0,0,0,0,0,0.016043,0,0,0,0,0,0,0.034759,0,0,0,0,0,0,0.074866,1,0,0,0,0,0,0,0,0,0,0,0,0,0,0,0,0,0,0,0,0,0.56417,0,0,0,0,0,0.31818,0,0,0,0,0,0,0,0,0,0,0,0,0,0.11765,0,0,0,0,0,0,0,0,0,0,0,0,0,0.037433,0,0,0,0,0,0,0.96257,0.20588,0,0,0,0,0,0.12701,0,0,0,0,0,0,0.16176,0,0,0,0,0,0,0.50535,0.93449,0,0,0,0,0,0.065508,0,0,0,0,0,0,0,0,0,0,0,0,0,0,0.83422,0,0,0,0,0,0.073529,0,0,0,0,0,0,0.025401,0,0,0,0,0,0,0.066845,0.0026738,0,0,0,0,0,0.084225,0,0,0,0,0,0,0.41043,0,0,0,0,0,0,0.50267,0.27005,0,0,0,0,0,0.09893,0,0,0,0,0,0,0.27674,0,0,0,0,0,0,0.35428,0.98663,0,0,0,0,0,0.013369,0,0,0,0,0,0,0,0,0,0,0,0,0,0,0.97193,0,0,0,0,0,0.0053476,0,0,0,0,0,0,0.020053,0,0,0,0,0,0,0.0026738,0.77674,0,0,0,0,0,0.042781,0,0,0,0,0,0,0.030749,0,0,0,0,0,0,0.14973,0.85294,0,0,0,0,0,0.020053,0,0,0,0,0,0,0.041444,0,0,0,0,0,0,0.085561,1,0,0,0,0,0,0,0,0,0,0,0,0,0,0,0,0,0,0,0,0
1,0,0,0,0,0,0,0,0,0,0,0,0,0,0,0,0,0,0,0,0,0.94652,0,0,0,0,0,0.044118,0,0,0,0,0,0,0.0093583,0,0,0,0,0,0,0,0.82086,0,0,0,0,0,0.052139,0,0,0,0,0,0,0.093583,0,0,0,0,0,0,0.033422,0.8984,0,0,0,0,0,0.0013369,0,0,0,0,0,0,0.020053,0,0,0,0,0,0,0.080214,1,0,0,0,0,0,0,0,0,0,0,0,0,0,0,0,0,0,0,0,0,0.36765,0,0,0,0,0,0.55481,0,0,0,0,0,0,0.07754,0,0,0,0,0,0,0,0.016043,0,0,0,0,0,0.19118,0,0,0,0,0,0,0.49198,0,0,0,0,0,0,0.3008,0.45187,0,0,0,0,0,0.10294,0,0,0,0,0,0,0.28075,0,0,0,0,0,0,0.16444,1,0,0,0,0,0,0,0,0,0,0,0,0,0,0,0,0,0,0,0,0,0.66444,0,0,0,0,0,0.33556,0,0,0,0,0,0,0,0,0,0,0,0,0,0,0.0053476,0,0,0,0,0,0.068182,0,0,0,0,0,0,0.36631,0,0,0,0,0,0,0.56016,0.44118,0,0,0,0,0,0.070856,0,0,0,0,0,0,0.16578,0,0,0,0,0,0,0.32219,1,0,0,0,0,0,0,0,0,0,0,0,0,0,0,0,0,0,0,0,0,0.95187,0,0,0,0,0,0.048128,0,0,0,0,0,0,0,0,0,0,0,0,0,0,0.77406,0,0,0,0,0,0.012032,0,0,0,0,0,0,0.10294,0,0,0,0,0,0,0.11096,0.87299,0,0,0,0,0,0.0040107,0,0,0,0,0,0,0.064171,0,0,0,0,0,0,0.058824
0.99465,0,0,0,0,0,0.0053476,0,0,0,0,0,0,0,0,0,0,0,0,0,0,0.85027,0,0,0,0,0,0.14572,0,0,0,0,0,0,0.0040107,0,0,0,0,0,0,0,0.8262,0,0,0,0,0,0.073529,0,0,0,0,0,0,0.070856,0,0,0,0,0,0,0.029412,0.8984,0,0,0,0,0,0,0,0,0,0,0,0,0.053476,0,0,0,0,0,0,0.048128,0.85027,0,0,0,0,0,0.14973,0,0,0,0,0,0,0,0,0,0,0,0,0,0,0.20856,0,0,0,0,0,0.67513,0,0,0,0,0,0,0.11631,0,0,0,0,0,0,0,0.010695,0,0,0,0,0,0.30882,0,0,0,0,0,0,0.36631,0,0,0,0,0,0,0.31417,0.44118,0,0,0,0,0,0.066845,0,0,0,0,0,0,0.29813,0,0,0,0,0,0,0.19385,0.89171,0,0,0,0,0,0.10829,0,0,0,0,0,0,0,0,0,0,0,0,0,0,0.58021,0,0,0,0,0,0.41845,0,0,0,0,0,0,0.0013369,0,0,0,0,0,0,0,0.022727,0,0,0,0,0,0.19519,0,0,0,0,0,0,0.36631,0,0,0,0,0,0,0.41578,0.44118,0,0,0,0,0,0.090909,0,0,0,0,0,0,0.088235,0,0,0,0,0,0,0.37968,1,0,0,0,0,0,0,0,0,0,0,0,0,0,0,0,0,0,0,0,0,1,0,0,0,0,0,0,0,0,0,0,0,0,0,0,0,0,0,0,0,0,0.78209,0,0,0,0,0,0.046791,0,0,0,0,0,0,0.066845,0,0,0,0,0,0,0.10428,0.87299,0,0,0,0,0,0,0,0,0,0,0,0,0,0,0,0,0,0,0,0.12701
0.91444,0,0,0,0,0,0,0,0,0,0,0,0,0,0,0,0,0,0,0,0.085561,0.81818,0,0,0,0,0,0,0,0,0,0,0,0,0.026738,0,0,0,0,0,0,0.15508,0.8623,0,0,0,0,0,0.10695,0,0,0,0,0,0,0.014706,0,0,0,0,0,0,0.016043,0.91444,0,0,0,0,0,0.085561,0,0,0,0,0,0,0,0,0,0,0,0,0,0,0.52941,0,0,0,0,0,0,0,0,0,0,0,0,0,0,0,0,0,0,0,0.47059,0,0,0,0,0,0,0.044118,0,0,0,0,0,0,0.1484,0,0,0,0,0,0,0.80749,0.4238,0,0,0,0,0,0.43182,0,0,0,0,0,0,0.10561,0,0,0,0,0,0,0.03877,0.89439,0,0,0,0,0,0.10561,0,0,0,0,0,0,0,0,0,0,0,0,0,0,0.61497,0,0,0,0,0,0.020053,0,0,0,0,0,0,0.0066845,0,0,0,0,0,0,0.35829,0.11096,0,0,0,0,0,0.22193,0,0,0,0,0,0,0.080214,0,0,0,0,0,0,0.5869,0.88102,0,0,0,0,0,0.093583,0,0,0,0,0,0,0.025401,0,0,0,0,0,0,0,0.96791,0,0,0,0,0,0.032086,0,0,0,0,0,0,0,0,0,0,0,0,0,0,1,0,0,0,0,0,0,0,0,0,0,0,0,0,0,0,0,0,0,0,0,0.87834,0,0,0,0,0,0.12166,0,0,0,0,0,0,0,0,0,0,0,0,0,0,0.9492,0,0,0,0,0,0.036096,0,0,0,0,0,0,0.014706,0,0,0,0,0,0,0,1,0,0,0,0,0,0,0,0,0,0,0,0,0,0,0,0,0,0,0,0
0.91444,0,0,0,0,0,0.018717,0,0,0,0,0,0,0.034759,0,0,0,0,0,0,0.032086,0.81818,0,0,0,0,0,0.010695,0,0,0,0,0,0,0.069519,0,0,0,0,0,0,0.1016,0.81818,0,0,0,0,0,0,0,0,0,0,0,0,0.057487,0,0,0,0,0,0,0.12433,0.90642,0,0,0,0,0,0.026738,0,0,0,0,0,0,0.040107,0,0,0,0,0,0,0.026738,0.52941,0,0,0,0,0,0.061497,0,0,0,0,0,0,0.27674,0,0,0,0,0,0,0.13235,0.0013369,0,0,0,0,0,0.089572,0,0,0,0,0,0,0.40107,0,0,0,0,0,0,0.50802,0,0,0,0,0,0,0.11096,0,0,0,0,0,0,0.45856,0,0,0,0,0,0,0.43048,0.45856,0,0,0,0,0,0.15909,0,0,0,0,0,0,0.20455,0,0,0,0,0,0,0.17781,0.52941,0,0,0,0,0,0.27674,0,0,0,0,0,0,0.11096,0,0,0,0,0,0,0.082888,0.01738,0,0,0,0,0,0.10561,0,0,0,0,0,0,0.32353,0,0,0,0,0,0,0.55348,0.0053476,0,0,0,0,0,0.19251,0,0,0,0,0,0,0.52005,0,0,0,0,0,0,0.28209,0.44251,0,0,0,0,0,0.15241,0,0,0,0,0,0,0.32487,0,0,0,0,0,0,0.080214,0.89305,0,0,0,0,0,0.089572,0,0,0,0,0,0,0.0040107,0,0,0,0,0,0,0.013369,0.77807,0,0,0,0,0,0.02139,0,0,0,0,0,0,0.10561,0,0,0,0,0,0,0.09492,0.77273,0,0,0,0,0,0.026738,0,0,0,0,0,0,0.17914,0,0,0,0,0,0,0.02139,0.87567,0,0,0,0,0,0.032086,0,0,0,0,0,0,0.082888,0,0,0,0,0,0,0.0093583
0.91444,0,0,0,0,0,0.010695,0,0,0,0,0,0,0.034759,0,0,0,0,0,0,0.040107,0.81818,0,0,0,0,0,0,0,0,0,0,0,0,0.045455,0,0,0,0,0,0,0.13636,0.86898,0,0,0,0,0,0.049465,0,0,0,0,0,0,0.052139,0,0,0,0,0,0,0.029412,1,0,0,0,0,0,0,0,0,0,0,0,0,0,0,0,0,0,0,0,0,0.52941,0,0,0,0,0,0.073529,0,0,0,0,0,0,0.10294,0,0,0,0,0,0,0.29412,0,0,0,0,0,0,0,0,0,0,0,0,0,0.044118,0,0,0,0,0,0,0.95588,0.16845,0,0,0,0,0,0.31016,0,0,0,0,0,0,0.27406,0,0,0,0,0,0,0.24733,0.99733,0,0,0,0,0,0.0026738,0,0,0,0,0,0,0,0,0,0,0,0,0,0,0.53877,0,0,0,0,0,0.13636,0,0,0,0,0,0,0.15241,0,0,0,0,0,0,0.17246,0,0,0,0,0,0,0.037433,0,0,0,0,0,0,0.15241,0,0,0,0,0,0,0.81016,0.55481,0,0,0,0,0,0.14572,0,0,0,0,0,0,0.1738,0,0,0,0,0,0,0.12567,1,0,0,0,0,0,0,0,0,0,0,0,0,0,0,0,0,0,0,0,0,0.94251,0,0,0,0,0,0.030749,0,0,0,0,0,0,0.020053,0,0,0,0,0,0,0.0066845,0.77273,0,0,0,0,0,0,0,0,0,0,0,0,0.053476,0,0,0,0,0,0,0.1738,0.90374,0,0,0,0,0,0.020053,0,0,0,0,0,0,0.034759,0,0,0,0,0,0,0.041444,1,0,0,0,0,0,0,0,0,0,0,0,0,0,0,0,0,0,0,0,0
0.91578,0,0,0,0,0,0.0066845,0,0,0,0,0,0,0.042781,0,0,0,0,0,0,0.034759,0.81818,0,0,0,0,0,0.0040107,0,0,0,0,0,0,0.033422,0,0,0,0,0,0,0.14439,0.84893,0,0,0,0,0,0.022727,0,0,0,0,0,0,0.02139,0,0,0,0,0,0,0.10695,1,0,0,0,0,0,0,0,0,0,0,0,0,0,0,0,0,0,0,0,0,0.53743,0,0,0,0,0,0.070856,0,0,0,0,0,0,0.1992,0,0,0,0,0,0,0.19251,0,0,0,0,0,0,0.010695,0,0,0,0,0,0,0.18583,0,0,0,0,0,0,0.80348,0.16578,0,0,0,0,0,0.10294,0,0,0,0,0,0,0.15508,0,0,0,0,0,0,0.5762,1,0,0,0,0,0,0,0,0,0,0,0,0,0,0,0,0,0,0,0,0,0.60027,0,0,0,0,0,0.13904,0,0,0,0,0,0,0.14171,0,0,0,0,0,0,0.11898,0,0,0,0,0,0,0.045455,0,0,0,0,0,0,0.12834,0,0,0,0,0,0,0.8262,0.27005,0,0,0,0,0,0.10695,0,0,0,0,0,0,0.27139,0,0,0,0,0,0,0.3516,1,0,0,0,0,0,0,0,0,0,0,0,0,0,0,0,0,0,0,0,0,0.93984,0,0,0,0,0,0.033422,0,0,0,0,0,0,0.0080214,0,0,0,0,0,0,0.018717,0.77273,0,0,0,0,0,0.073529,0,0,0,0,0,0,0.10428,0,0,0,0,0,0,0.049465,0.83957,0,0,0,0,0,0.033422,0,0,0,0,0,0,0.06016,0,0,0,0,0,0,0.066845,1,0,0,0,0,0,0,0,0,0,0,0,0,0,0,0,0,0,0,0,0
1,0,0,0,0,0,0,0,0,0,0,0,0,0,0,0,0,0,0,0,0,0.96123,0,0,0,0,0,0.03877,0,0,0,0,0,0,0,0,0,0,0,0,0,0,0.81952,0,0,0,0,0,0.025401,0,0,0,0,0,0,0.13503,0,0,0,0,0,0,0.020053,0.8984,0,0,0,0,0,0,0,0,0,0,0,0,0.054813,0,0,0,0,0,0,0.046791,1,0,0,0,0,0,0,0,0,0,0,0,0,0,0,0,0,0,0,0,0,0.70588,0,0,0,0,0,0.29278,0,0,0,0,0,0,0.0013369,0,0,0,0,0,0,0,0.0026738,0,0,0,0,0,0.25401,0,0,0,0,0,0,0.47594,0,0,0,0,0,0,0.26738,0.44251,0,0,0,0,0,0.020053,0,0,0,0,0,0,0.23262,0,0,0,0,0,0,0.30481,0.97326,0,0,0,0,0,0.026738,0,0,0,0,0,0,0,0,0,0,0,0,0,0,0.76738,0,0,0,0,0,0.23262,0,0,0,0,0,0,0,0,0,0,0,0,0,0,0.024064,0,0,0,0,0,0.21257,0,0,0,0,0,0,0.43182,0,0,0,0,0,0,0.33155,0.45588,0,0,0,0,0,0.050802,0,0,0,0,0,0,0.18583,0,0,0,0,0,0,0.30749,1,0,0,0,0,0,0,0,0,0,0,0,0,0,0,0,0,0,0,0,0,0.97326,0,0,0,0,0,0.026738,0,0,0,0,0,0,0,0,0,0,0,0,0,0,0.78476,0,0,0,0,0,0.02139,0,0,0,0,0,0,0.07754,0,0,0,0,0,0,0.11631,0.87299,0,0,0,0,0,0,0,0,0,0,0,0,0.041444,0,0,0,0,0,0,0.085561
0.94786,0,0,0,0,0,0.0040107,0,0,0,0,0,0,0.018717,0,0,0,0,0,0,0.029412,0.81818,0,0,0,0,0,0,0,0,0,0,0,0,0.0013369,0,0,0,0,0,0,0.18048,0.86898,0,0,0,0,0,0.033422,0,0,0,0,0,0,0.01738,0,0,0,0,0,0,0.080214,1,0,0,0,0,0,0,0,0,0,0,0,0,0,0,0,0,0,0,0,0,0.70588,0,0,0,0,0,0.058824,0,0,0,0,0,0,0.15909,0,0,0,0,0,0,0.076203,0,0,0,0,0,0,0,0,0,0,0,0,0,0.026738,0,0,0,0,0,0,0.97326,0.25535,0,0,0,0,0,0.1738,0,0,0,0,0,0,0.17647,0,0,0,0,0,0,0.39439,1,0,0,0,0,0,0,0,0,0,0,0,0,0,0,0,0,0,0,0,0,0.77674,0,0,0,0,0,0.12032,0,0,0,0,0,0,0.07754,0,0,0,0,0,0,0.025401,0.089572,0,0,0,0,0,0.1885,0,0,0,0,0,0,0.27807,0,0,0,0,0,0,0.44385,0.47727,0,0,0,0,0,0.11765,0,0,0,0,0,0,0.19786,0,0,0,0,0,0,0.20722,1,0,0,0,0,0,0,0,0,0,0,0,0,0,0,0,0,0,0,0,0,0.98128,0,0,0,0,0,0.018717,0,0,0,0,0,0,0,0,0,0,0,0,0,0,0.77273,0,0,0,0,0,0.13636,0,0,0,0,0,0,0.090909,0,0,0,0,0,0,0,0.89572,0,0,0,0,0,0.03877,0,0,0,0,0,0,0.05615,0,0,0,0,0,0,0.0093583,1,0,0,0,0,0,0,0,0,0,0,0,0,0,0,0,0,0,0,0,0
1,0,0,0,0,0,0,0,0,0,0,0,0,0,0,0,0,0,0,0,0,0.91711,0,0,0,0,0,0.073529,0,0,0,0,0,0,0.0093583,0,0,0,0,0,0,0,0.81818,0,0,0,0,0,0.0026738,0,0,0,0,0,0,0.058824,0,0,0,0,0,0,0.12032,0.8984,0,0,0,0,0,0,0,0,0,0,0,0,0.0053476,0,0,0,0,0,0,0.096257,0.92246,0,0,0,0,0,0.07754,0,0,0,0,0,0,0,0,0,0,0,0,0,0,0.37299,0,0,0,0,0,0.56818,0,0,0,0,0,0,0.058824,0,0,0,0,0,0,0,0.0040107,0,0,0,0,0,0.07754,0,0,0,0,0,0,0.79679,0,0,0,0,0,0,0.12166,0.44385,0,0,0,0,0,0.042781,0,0,0,0,0,0,0.33957,0,0,0,0,0,0,0.1738,1,0,0,0,0,0,0,0,0,0,0,0,0,0,0,0,0,0,0,0,0,0.50802,0,0,0,0,0,0.40642,0,0,0,0,0,0,0.073529,0,0,0,0,0,0,0.012032,0,0,0,0,0,0,0.036096,0,0,0,0,0,0,0.25401,0,0,0,0,0,0,0.70989,0.44118,0,0,0,0,0,0.092246,0,0,0,0,0,0,0.2607,0,0,0,0,0,0,0.20588,1,0,0,0,0,0,0,0,0,0,0,0,0,0,0,0,0,0,0,0,0,0.8984,0,0,0,0,0,0.1016,0,0,0,0,0,0,0,0,0,0,0,0,0,0,0.77273,0,0,0,0,0,0.010695,0,0,0,0,0,0,0.03877,0,0,0,0,0,0,0.17781,0.89037,0,0,0,0,0,0.033422,0,0,0,0,0,0,0.018717,0,0,0,0,0,0,0.057487
1,0,0,0,0,0,0,0,0,0,0,0,0,0,0,0,0,0,0,0,0,0.96925,0,0,0,0,0,0.030749,0,0,0,0,0,0,0,0,0,0,0,0,0,0,0.81818,0,0,0,0,0,0.013369,0,0,0,0,0,0,0.070856,0,0,0,0,0,0,0.097594,0.8984,0,0,0,0,0,0.030749,0,0,0,0,0,0,0.070856,0,0,0,0,0,0,0,0.98797,0,0,0,0,0,0.012032,0,0,0,0,0,0,0,0,0,0,0,0,0,0,0.65107,0,0,0,0,0,0.3115,0,0,0,0,0,0,0.036096,0,0,0,0,0,0,0.0013369,0.0013369,0,0,0,0,0,0.13369,0,0,0,0,0,0,0.55481,0,0,0,0,0,0,0.31016,0.44519,0,0,0,0,0,0.054813,0,0,0,0,0,0,0.40775,0,0,0,0,0,0,0.092246,0.99465,0,0,0,0,0,0.0053476,0,0,0,0,0,0,0,0,0,0,0,0,0,0,0.81551,0,0,0,0,0,0.13369,0,0,0,0,0,0,0.050802,0,0,0,0,0,0,0,0,0,0,0,0,0,0.093583,0,0,0,0,0,0,0.25802,0,0,0,0,0,0,0.6484,0.44118,0,0,0,0,0,0.073529,0,0,0,0,0,0,0.19652,0,0,0,0,0,0,0.28877,1,0,0,0,0,0,0,0,0,0,0,0,0,0,0,0,0,0,0,0,0,0.93182,0,0,0,0,0,0.061497,0,0,0,0,0,0,0.0066845,0,0,0,0,0,0,0,0.77273,0,0,0,0,0,0.010695,0,0,0,0,0,0,0.069519,0,0,0,0,0,0,0.14706,0.87299,0,0,0,0,0,0.013369,0,0,0,0,0,0,0.057487,0,0,0,0,0,0,0.05615
0.91444,0,0,0,0,0,0.0026738,0,0,0,0,0,0,0.012032,0,0,0,0,0,0,0.070856,0.81818,0,0,0,0,0,0.025401,0,0,0,0,0,0,0.025401,0,0,0,0,0,0,0.13102,0.81818,0,0,0,0,0,0.049465,0,0,0,0,0,0,0.066845,0,0,0,0,0,0,0.065508,0.94519,0,0,0,0,0,0.032086,0,0,0,0,0,0,0.022727,0,0,0,0,0,0,0,0.52941,0,0,0,0,0,0.0093583,0,0,0,0,0,0,0.065508,0,0,0,0,0,0,0.39572,0,0,0,0,0,0,0,0,0,0,0,0,0,0.68984,0,0,0,0,0,0,0.31016,0.0053476,0,0,0,0,0,0.25267,0,0,0,0,0,0,0.38102,0,0,0,0,0,0,0.36096,0.62968,0,0,0,0,0,0.1992,0,0,0,0,0,0,0.13503,0,0,0,0,0,0,0.036096,0.58021,0,0,0,0,0,0.12433,0,0,0,0,0,0,0.15909,0,0,0,0,0,0,0.13636,0.0040107,0,0,0,0,0,0.070856,0,0,0,0,0,0,0.5,0,0,0,0,0,0,0.42513,0.20187,0,0,0,0,0,0.38235,0,0,0,0,0,0,0.25936,0,0,0,0,0,0,0.15642,0.71791,0,0,0,0,0,0.2246,0,0,0,0,0,0,0.037433,0,0,0,0,0,0,0.020053,0.91711,0,0,0,0,0,0.080214,0,0,0,0,0,0,0.0026738,0,0,0,0,0,0,0,0.77674,0,0,0,0,0,0.069519,0,0,0,0,0,0,0.13636,0,0,0,0,0,0,0.01738,0.84759,0,0,0,0,0,0.085561,0,0,0,0,0,0,0.057487,0,0,0,0,0,0,0.0093583,0.95321,0,0,0,0,0,0.041444,0,0,0,0,0,0,0.0053476,0,0,0,0,0,0,0
0.92647,0,0,0,0,0,0.022727,0,0,0,0,0,0,0.037433,0,0,0,0,0,0,0.013369,0.81818,0,0,0,0,0,0,0,0,0,0,0,0,0.010695,0,0,0,0,0,0,0.17112,0.81818,0,0,0,0,0,0,0,0,0,0,0,0,0,0,0,0,0,0,0,0.18182,0.8984,0,0,0,0,0,0.0066845,0,0,0,0,0,0,0.030749,0,0,0,0,0,0,0.064171,0.62701,0,0,0,0,0,0.13636,0,0,0,0,0,0,0.14171,0,0,0,0,0,0,0.09492,0,0,0,0,0,0,0.041444,0,0,0,0,0,0,0.40508,0,0,0,0,0,0,0.55348,0,0,0,0,0,0,0.0026738,0,0,0,0,0,0,0.10428,0,0,0,0,0,0,0.89305,0.44118,0,0,0,0,0,0.20053,0,0,0,0,0,0,0.27406,0,0,0,0,0,0,0.084225,0.6377,0,0,0,0,0,0.14439,0,0,0,0,0,0,0.12834,0,0,0,0,0,0,0.089572,0,0,0,0,0,0,0.0013369,0,0,0,0,0,0,0.23128,0,0,0,0,0,0,0.76738,0,0,0,0,0,0,0.058824,0,0,0,0,0,0,0.32754,0,0,0,0,0,0,0.61364,0.44118,0,0,0,0,0,0.11096,0,0,0,0,0,0,0.31016,0,0,0,0,0,0,0.1377,0.90107,0,0,0,0,0,0.058824,0,0,0,0,0,0,0.028075,0,0,0,0,0,0,0.012032,0.77273,0,0,0,0,0,0.028075,0,0,0,0,0,0,0.12032,0,0,0,0,0,0,0.078877,0.78075,0,0,0,0,0,0.052139,0,0,0,0,0,0,0.12968,0,0,0,0,0,0,0.037433,0.87701,0,0,0,0,0,0.02139,0,0,0,0,0,0,0.044118,0,0,0,0,0,0,0.057487
0.91444,0,0,0,0,0,0.010695,0,0,0,0,0,0,0.0066845,0,0,0,0,0,0,0.068182,0.81818,0,0,0,0,0,0,0,0,0,0,0,0,0,0,0,0,0,0,0,0.18182,0.83957,0,0,0,0,0,0.022727,0,0,0,0,0,0,0.052139,0,0,0,0,0,0,0.085561,1,0,0,0,0,0,0,0,0,0,0,0,0,0,0,0,0,0,0,0,0,0.54011,0,0,0,0,0,0.016043,0,0,0,0,0,0,0.065508,0,0,0,0,0,0,0.37834,0,0,0,0,0,0,0,0,0,0,0,0,0,0,0,0,0,0,0,0,1,0.045455,0,0,0,0,0,0.17513,0,0,0,0,0,0,0.31684,0,0,0,0,0,0,0.46257,1,0,0,0,0,0,0,0,0,0,0,0,0,0,0,0,0,0,0,0,0,0.62701,0,0,0,0,0,0.10027,0,0,0,0,0,0,0.057487,0,0,0,0,0,0,0.21524,0.1992,0,0,0,0,0,0.15374,0,0,0,0,0,0,0.085561,0,0,0,0,0,0,0.5615,0.27005,0,0,0,0,0,0.23529,0,0,0,0,0,0,0.20856,0,0,0,0,0,0,0.2861,0.99866,0,0,0,0,0,0.0013369,0,0,0,0,0,0,0,0,0,0,0,0,0,0,0.97995,0,0,0,0,0,0.020053,0,0,0,0,0,0,0,0,0,0,0,0,0,0,0.86096,0,0,0,0,0,0.13636,0,0,0,0,0,0,0.0026738,0,0,0,0,0,0,0,0.95455,0,0,0,0,0,0.045455,0,0,0,0,0,0,0,0,0,0,0,0,0,0,1,0,0,0,0,0,0,0,0,0,0,0,0,0,0,0,0,0,0,0,0
0.9746,0,0,0,0,0,0.0093583,0,0,0,0,0,0,0.012032,0,0,0,0,0,0,0.0040107,0.81818,0,0,0,0,0,0.0013369,0,0,0,0,0,0,0.11364,0,0,0,0,0,0,0.066845,0.81818,0,0,0,0,0,0.013369,0,0,0,0,0,0,0.10695,0,0,0,0,0,0,0.061497,0.99599,0,0,0,0,0,0.0040107,0,0,0,0,0,0,0,0,0,0,0,0,0,0,0.88102,0,0,0,0,0,0.054813,0,0,0,0,0,0,0.064171,0,0,0,0,0,0,0,0,0,0,0,0,0,0.018717,0,0,0,0,0,0,0.29679,0,0,0,0,0,0,0.68449,0,0,0,0,0,0,0.037433,0,0,0,0,0,0,0.31818,0,0,0,0,0,0,0.64439,0.94652,0,0,0,0,0,0.036096,0,0,0,0,0,0,0.01738,0,0,0,0,0,0,0,0.91711,0,0,0,0,0,0.036096,0,0,0,0,0,0,0.026738,0,0,0,0,0,0,0.020053,0.0040107,0,0,0,0,0,0.18717,0,0,0,0,0,0,0.51203,0,0,0,0,0,0,0.29679,0.036096,0,0,0,0,0,0.17112,0,0,0,0,0,0,0.42246,0,0,0,0,0,0,0.37032,0.94652,0,0,0,0,0,0.03877,0,0,0,0,0,0,0.014706,0,0,0,0,0,0,0,0.98128,0,0,0,0,0,0.0053476,0,0,0,0,0,0,0.0066845,0,0,0,0,0,0,0.0066845,0.77807,0,0,0,0,0,0.12701,0,0,0,0,0,0,0.034759,0,0,0,0,0,0,0.06016,0.77941,0,0,0,0,0,0.073529,0,0,0,0,0,0,0.030749,0,0,0,0,0,0,0.11631,1,0,0,0,0,0,0,0,0,0,0,0,0,0,0,0,0,0,0,0,0
0.99866,0,0,0,0,0,0.0013369,0,0,0,0,0,0,0,0,0,0,0,0,0,0,0.83957,0,0,0,0,0,0.10829,0,0,0,0,0,0,0.052139,0,0,0,0,0,0,0,0.82353,0,0,0,0,0,0.020053,0,0,0,0,0,0,0.068182,0,0,0,0,0,0,0.088235,0.91176,0,0,0,0,0,0.058824,0,0,0,0,0,0,0.029412,0,0,0,0,0,0,0,0.90642,0,0,0,0,0,0.090909,0,0,0,0,0,0,0.0026738,0,0,0,0,0,0,0,0.26604,0,0,0,0,0,0.59893,0,0,0,0,0,0,0.13503,0,0,0,0,0,0,0,0.0053476,0,0,0,0,0,0.040107,0,0,0,0,0,0,0.32888,0,0,0,0,0,0,0.62567,0.47995,0,0,0,0,0,0.090909,0,0,0,0,0,0,0.18717,0,0,0,0,0,0,0.24198,1,0,0,0,0,0,0,0,0,0,0,0,0,0,0,0,0,0,0,0,0,0.4385,0,0,0,0,0,0.49064,0,0,0,0,0,0,0.070856,0,0,0,0,0,0,0,0,0,0,0,0,0,0.049465,0,0,0,0,0,0,0.57353,0,0,0,0,0,0,0.37701,0.5107,0,0,0,0,0,0.15909,0,0,0,0,0,0,0.19652,0,0,0,0,0,0,0.13369,1,0,0,0,0,0,0,0,0,0,0,0,0,0,0,0,0,0,0,0,0,0.87166,0,0,0,0,0,0.1016,0,0,0,0,0,0,0.026738,0,0,0,0,0,0,0,0.77273,0,0,0,0,0,0,0,0,0,0,0,0,0.065508,0,0,0,0,0,0,0.16176,0.88904,0,0,0,0,0,0.062834,0,0,0,0,0,0,0.013369,0,0,0,0,0,0,0.034759
0.97861,0,0,0,0,0,0.02139,0,0,0,0,0,0,0,0,0,0,0,0,0,0,0.92647,0,0,0,0,0,0.068182,0,0,0,0,0,0,0.0053476,0,0,0,0,0,0,0,0.81952,0,0,0,0,0,0.032086,0,0,0,0,0,0,0.10027,0,0,0,0,0,0,0.048128,0.8984,0,0,0,0,0,0,0,0,0,0,0,0,0.026738,0,0,0,0,0,0,0.074866,0.89305,0,0,0,0,0,0.10695,0,0,0,0,0,0,0,0,0,0,0,0,0,0,0.59225,0,0,0,0,0,0.38369,0,0,0,0,0,0,0.024064,0,0,0,0,0,0,0,0.0040107,0,0,0,0,0,0.10695,0,0,0,0,0,0,0.40107,0,0,0,0,0,0,0.48797,0.44118,0,0,0,0,0,0,0,0,0,0,0,0,0.022727,0,0,0,0,0,0,0.5361,1,0,0,0,0,0,0,0,0,0,0,0,0,0,0,0,0,0,0,0,0,0.73128,0,0,0,0,0,0.26471,0,0,0,0,0,0,0.0040107,0,0,0,0,0,0,0,0,0,0,0,0,0,0.037433,0,0,0,0,0,0,0.3516,0,0,0,0,0,0,0.61096,0.44118,0,0,0,0,0,0.010695,0,0,0,0,0,0,0.14439,0,0,0,0,0,0,0.40374,1,0,0,0,0,0,0,0,0,0,0,0,0,0,0,0,0,0,0,0,0,0.93984,0,0,0,0,0,0.054813,0,0,0,0,0,0,0.0053476,0,0,0,0,0,0,0,0.77273,0,0,0,0,0,0.0013369,0,0,0,0,0,0,0.086898,0,0,0,0,0,0,0.13904,0.89305,0,0,0,0,0,0.029412,0,0,0,0,0,0,0.030749,0,0,0,0,0,0,0.046791
0.91444,0,0,0,0,0,0.01738,0,0,0,0,0,0,0.046791,0,0,0,0,0,0,0.02139,0.81818,0,0,0,0,0,0.020053,0,0,0,0,0,0,0.041444,0,0,0,0,0,0,0.12032,0.81818,0,0,0,0,0,0.086898,0,0,0,0,0,0,0.089572,0,0,0,0,0,0,0.0053476,0.98529,0,0,0,0,0,0.014706,0,0,0,0,0,0,0,0,0,0,0,0,0,0,0.52941,0,0,0,0,0,0.046791,0,0,0,0,0,0,0.28209,0,0,0,0,0,0,0.14171,0,0,0,0,0,0,0.11096,0,0,0,0,0,0,0.22594,0,0,0,0,0,0,0.6631,0.058824,0,0,0,0,0,0.57487,0,0,0,0,0,0,0.34759,0,0,0,0,0,0,0.018717,0.92647,0,0,0,0,0,0.073529,0,0,0,0,0,0,0,0,0,0,0,0,0,0,0.52941,0,0,0,0,0,0.05615,0,0,0,0,0,0,0.33556,0,0,0,0,0,0,0.078877,0.0013369,0,0,0,0,0,0.10428,0,0,0,0,0,0,0.27005,0,0,0,0,0,0,0.62433,0.68316,0,0,0,0,0,0.31684,0,0,0,0,0,0,0,0,0,0,0,0,0,0,0.92513,0,0,0,0,0,0.069519,0,0,0,0,0,0,0.0053476,0,0,0,0,0,0,0,0.89305,0,0,0,0,0,0.0013369,0,0,0,0,0,0,0.032086,0,0,0,0,0,0,0.073529,0.77807,0,0,0,0,0,0.010695,0,0,0,0,0,0,0.074866,0,0,0,0,0,0,0.13636,0.95455,0,0,0,0,0,0.045455,0,0,0,0,0,0,0,0,0,0,0,0,0,0,1,0,0,0,0,0,0,0,0,0,0,0,0,0,0,0,0,0,0,0,0
0.95722,0,0,0,0,0,0.042781,0,0,0,0,0,0,0,0,0,0,0,0,0,0,0.91979,0,0,0,0,0,0.080214,0,0,0,0,0,0,0,0,0,0,0,0,0,0,0.98262,0,0,0,0,0,0.01738,0,0,0,0,0,0,0,0,0,0,0,0,0,0,0.99332,0,0,0,0,0,0.0066845,0,0,0,0,0,0,0,0,0,0,0,0,0,0,0.76604,0,0,0,0,0,0.18717,0,0,0,0,0,0,0.046791,0,0,0,0,0,0,0,0.17112,0,0,0,0,0,0.43182,0,0,0,0,0,0,0.21791,0,0,0,0,0,0,0.17914,0,0,0,0,0,0,0.0053476,0,0,0,0,0,0,0.085561,0,0,0,0,0,0,0.90909,0.66845,0,0,0,0,0,0.045455,0,0,0,0,0,0,0.054813,0,0,0,0,0,0,0.23128,0.52941,0,0,0,0,0,0.17112,0,0,0,0,0,0,0.29947,0,0,0,0,0,0,0,0,0,0,0,0,0,0.19118,0,0,0,0,0,0,0.47326,0,0,0,0,0,0,0.33556,0,0,0,0,0,0,0,0,0,0,0,0,0,0.088235,0,0,0,0,0,0,0.91176,0.67647,0,0,0,0,0,0,0,0,0,0,0,0,0.040107,0,0,0,0,0,0,0.28342,0.89305,0,0,0,0,0,0.0080214,0,0,0,0,0,0,0.09893,0,0,0,0,0,0,0,0.77273,0,0,0,0,0,0.0080214,0,0,0,0,0,0,0.12968,0,0,0,0,0,0,0.089572,0.77273,0,0,0,0,0,0,0,0,0,0,0,0,0,0,0,0,0,0,0,0.22727,0.92647,0,0,0,0,0,0,0,0,0,0,0,0,0,0,0,0,0,0,0,0.073529
0.91444,0,0,0,0,0,0.0013369,0,0,0,0,0,0,0.022727,0,0,0,0,0,0,0.061497,0.81818,0,0,0,0,0,0,0,0,0,0,0,0,0.15241,0,0,0,0,0,0,0.029412,0.82888,0,0,0,0,0,0.045455,0,0,0,0,0,0,0.080214,0,0,0,0,0,0,0.045455,0.93449,0,0,0,0,0,0.065508,0,0,0,0,0,0,0,0,0,0,0,0,0,0,0.52941,0,0,0,0,0,0,0,0,0,0,0,0,0.16979,0,0,0,0,0,0,0.3008,0,0,0,0,0,0,0,0,0,0,0,0,0,0.1885,0,0,0,0,0,0,0.8115,0.25668,0,0,0,0,0,0.18048,0,0,0,0,0,0,0.40508,0,0,0,0,0,0,0.15775,0.50267,0,0,0,0,0,0.49733,0,0,0,0,0,0,0,0,0,0,0,0,0,0,0.62433,0,0,0,0,0,0.044118,0,0,0,0,0,0,0.11765,0,0,0,0,0,0,0.2139,0,0,0,0,0,0,0.15107,0,0,0,0,0,0,0.24332,0,0,0,0,0,0,0.60561,0.21791,0,0,0,0,0,0.43717,0,0,0,0,0,0,0.26872,0,0,0,0,0,0,0.076203,0.7393,0,0,0,0,0,0.2607,0,0,0,0,0,0,0,0,0,0,0,0,0,0,0.98797,0,0,0,0,0,0.0080214,0,0,0,0,0,0,0.0040107,0,0,0,0,0,0,0,0.84492,0,0,0,0,0,0.15508,0,0,0,0,0,0,0,0,0,0,0,0,0,0,0.83422,0,0,0,0,0,0.10294,0,0,0,0,0,0,0.046791,0,0,0,0,0,0,0.016043,0.94652,0,0,0,0,0,0.053476,0,0,0,0,0,0,0,0,0,0,0,0,0,0
0.95187,0,0,0,0,0,0.0053476,0,0,0,0,0,0,0.0053476,0,0,0,0,0,0,0.037433,0.81818,0,0,0,0,0,0,0,0,0,0,0,0,0,0,0,0,0,0,0,0.18182,0.83957,0,0,0,0,0,0.014706,0,0,0,0,0,0,0.012032,0,0,0,0,0,0,0.13369,1,0,0,0,0,0,0,0,0,0,0,0,0,0,0,0,0,0,0,0,0,0.69385,0,0,0,0,0,0.042781,0,0,0,0,0,0,0.058824,0,0,0,0,0,0,0.20455,0,0,0,0,0,0,0,0,0,0,0,0,0,0,0,0,0,0,0,0,1,0.11765,0,0,0,0,0,0.082888,0,0,0,0,0,0,0.064171,0,0,0,0,0,0,0.73529,1,0,0,0,0,0,0,0,0,0,0,0,0,0,0,0,0,0,0,0,0,0.75668,0,0,0,0,0,0.10428,0,0,0,0,0,0,0.044118,0,0,0,0,0,0,0.09492,0.18583,0,0,0,0,0,0.23262,0,0,0,0,0,0,0.045455,0,0,0,0,0,0,0.5361,0.19519,0,0,0,0,0,0.30348,0,0,0,0,0,0,0.1016,0,0,0,0,0,0,0.39973,0.99465,0,0,0,0,0,0.0053476,0,0,0,0,0,0,0,0,0,0,0,0,0,0,1,0,0,0,0,0,0,0,0,0,0,0,0,0,0,0,0,0,0,0,0,1,0,0,0,0,0,0,0,0,0,0,0,0,0,0,0,0,0,0,0,0,0.93182,0,0,0,0,0,0.064171,0,0,0,0,0,0,0.0040107,0,0,0,0,0,0,0,1,0,0,0,0,0,0,0,0,0,0,0,0,0,0,0,0,0,0,0,0
0.91444,0,0,0,0,0,0,0,0,0,0,0,0,0.0093583,0,0,0,0,0,0,0.076203,0.81818,0,0,0,0,0,0,0,0,0,0,0,0,0.0053476,0,0,0,0,0,0,0.17647,0.9385,0,0,0,0,0,0.016043,0,0,0,0,0,0,0.025401,0,0,0,0,0,0,0.020053,1,0,0,0,0,0,0,0,0,0,0,0,0,0,0,0,0,0,0,0,0,0.52941,0,0,0,0,0,0,0,0,0,0,0,0,0.15508,0,0,0,0,0,0,0.31551,0,0,0,0,0,0,0.0013369,0,0,0,0,0,0,0.14305,0,0,0,0,0,0,0.85561,0.53075,0,0,0,0,0,0.12166,0,0,0,0,0,0,0.1123,0,0,0,0,0,0,0.23529,1,0,0,0,0,0,0,0,0,0,0,0,0,0,0,0,0,0,0,0,0,0.54278,0,0,0,0,0,0.049465,0,0,0,0,0,0,0.16176,0,0,0,0,0,0,0.24599,0,0,0,0,0,0,0.022727,0,0,0,0,0,0,0.25668,0,0,0,0,0,0,0.72059,0.61765,0,0,0,0,0,0.029412,0,0,0,0,0,0,0.15775,0,0,0,0,0,0,0.19519,1,0,0,0,0,0,0,0,0,0,0,0,0,0,0,0,0,0,0,0,0,0.89305,0,0,0,0,0,0.049465,0,0,0,0,0,0,0.046791,0,0,0,0,0,0,0.010695,0.77273,0,0,0,0,0,0.0013369,0,0,0,0,0,0,0.1377,0,0,0,0,0,0,0.088235,0.9131,0,0,0,0,0,0.0066845,0,0,0,0,0,0,0.061497,0,0,0,0,0,0,0.018717,1,0,0,0,0,0,0,0,0,0,0,0,0,0,0,0,0,0,0,0,0
0.91845,0,0,0,0,0,0.03877,0,0,0,0,0,0,0.026738,0,0,0,0,0,0,0.016043,0.81818,0,0,0,0,0,0,0,0,0,0,0,0,0.013369,0,0,0,0,0,0,0.16845,0.85561,0,0,0,0,0,0.028075,0,0,0,0,0,0,0.076203,0,0,0,0,0,0,0.040107,1,0,0,0,0,0,0,0,0,0,0,0,0,0,0,0,0,0,0,0,0,0.5869,0,0,0,0,0,0.13102,0,0,0,0,0,0,0.16578,0,0,0,0,0,0,0.11631,0,0,0,0,0,0,0.0013369,0,0,0,0,0,0,0.042781,0,0,0,0,0,0,0.95588,0.20588,0,0,0,0,0,0.12433,0,0,0,0,0,0,0.32754,0,0,0,0,0,0,0.34225,1,0,0,0,0,0,0,0,0,0,0,0,0,0,0,0,0,0,0,0,0,0.64171,0,0,0,0,0,0.10695,0,0,0,0,0,0,0.15508,0,0,0,0,0,0,0.096257,0.0040107,0,0,0,0,0,0.25802,0,0,0,0,0,0,0.38503,0,0,0,0,0,0,0.35294,0.25535,0,0,0,0,0,0.12032,0,0,0,0,0,0,0.2139,0,0,0,0,0,0,0.41043,1,0,0,0,0,0,0,0,0,0,0,0,0,0,0,0,0,0,0,0,0,0.93717,0,0,0,0,0,0.025401,0,0,0,0,0,0,0.037433,0,0,0,0,0,0,0,0.77273,0,0,0,0,0,0.0053476,0,0,0,0,0,0,0.21658,0,0,0,0,0,0,0.0053476,0.8516,0,0,0,0,0,0.016043,0,0,0,0,0,0,0.064171,0,0,0,0,0,0,0.068182,1,0,0,0,0,0,0,0,0,0,0,0,0,0,0,0,0,0,0,0,0
0.91444,0,0,0,0,0,0.0053476,0,0,0,0,0,0,0.0080214,0,0,0,0,0,0,0.072193,0.81818,0,0,0,0,0,0,0,0,0,0,0,0,0.010695,0,0,0,0,0,0,0.17112,0.90107,0,0,0,0,0,0.0040107,0,0,0,0,0,0,0.045455,0,0,0,0,0,0,0.049465,1,0,0,0,0,0,0,0,0,0,0,0,0,0,0,0,0,0,0,0,0,0.52941,0,0,0,0,0,0.0080214,0,0,0,0,0,0,0.080214,0,0,0,0,0,0,0.38235,0,0,0,0,0,0,0,0,0,0,0,0,0,0.0040107,0,0,0,0,0,0,0.99599,0.43182,0,0,0,0,0,0.03877,0,0,0,0,0,0,0.065508,0,0,0,0,0,0,0.4639,0.94251,0,0,0,0,0,0.057487,0,0,0,0,0,0,0,0,0,0,0,0,0,0,0.63369,0,0,0,0,0,0.12834,0,0,0,0,0,0,0.066845,0,0,0,0,0,0,0.17112,0.050802,0,0,0,0,0,0.11765,0,0,0,0,0,0,0.33824,0,0,0,0,0,0,0.49332,0.44786,0,0,0,0,0,0.036096,0,0,0,0,0,0,0.23262,0,0,0,0,0,0,0.28342,0.93316,0,0,0,0,0,0.066845,0,0,0,0,0,0,0,0,0,0,0,0,0,0,0.99599,0,0,0,0,0,0.0040107,0,0,0,0,0,0,0,0,0,0,0,0,0,0,0.79011,0,0,0,0,0,0.11096,0,0,0,0,0,0,0.09893,0,0,0,0,0,0,0,0.86497,0,0,0,0,0,0.032086,0,0,0,0,0,0,0.10294,0,0,0,0,0,0,0,1,0,0,0,0,0,0,0,0,0,0,0,0,0,0,0,0,0,0,0,0
0.92513,0,0,0,0,0,0.012032,0,0,0,0,0,0,0.025401,0,0,0,0,0,0,0.037433,0.81818,0,0,0,0,0,0,0,0,0,0,0,0,0.058824,0,0,0,0,0,0,0.12299,0.83155,0,0,0,0,0,0.05615,0,0,0,0,0,0,0.0040107,0,0,0,0,0,0,0.10829,0.9893,0,0,0,0,0,0.010695,0,0,0,0,0,0,0,0,0,0,0,0,0,0,0.55481,0,0,0,0,0,0.088235,0,0,0,0,0,0,0.11497,0,0,0,0,0,0,0.24198,0,0,0,0,0,0,0,0,0,0,0,0,0,0.21791,0,0,0,0,0,0,0.78209,0.068182,0,0,0,0,0,0.31283,0,0,0,0,0,0,0.026738,0,0,0,0,0,0,0.59225,0.8877,0,0,0,0,0,0.1123,0,0,0,0,0,0,0,0,0,0,0,0,0,0,0.67781,0,0,0,0,0,0.1377,0,0,0,0,0,0,0.080214,0,0,0,0,0,0,0.10428,0.19519,0,0,0,0,0,0.20856,0,0,0,0,0,0,0.13503,0,0,0,0,0,0,0.46123,0.21791,0,0,0,0,0,0.32487,0,0,0,0,0,0,0.11364,0,0,0,0,0,0,0.34358,1,0,0,0,0,0,0,0,0,0,0,0,0,0,0,0,0,0,0,0,0,1,0,0,0,0,0,0,0,0,0,0,0,0,0,0,0,0,0,0,0,0,0.87166,0,0,0,0,0,0.12834,0,0,0,0,0,0,0,0,0,0,0,0,0,0,0.86631,0,0,0,0,0,0.13235,0,0,0,0,0,0,0.0013369,0,0,0,0,0,0,0,1,0,0,0,0,0,0,0,0,0,0,0,0,0,0,0,0,0,0,0,0
0.91979,0,0,0,0,0,0.080214,0,0,0,0,0,0,0,0,0,0,0,0,0,0,0.81952,0,0,0,0,0,0.0053476,0,0,0,0,0,0,0.040107,0,0,0,0,0,0,0.13503,0.82219,0,0,0,0,0,0.062834,0,0,0,0,0,0,0.0066845,0,0,0,0,0,0,0.10829,0.92112,0,0,0,0,0,0.078877,0,0,0,0,0,0,0,0,0,0,0,0,0,0,0.68048,0,0,0,0,0,0.28476,0,0,0,0,0,0,0.030749,0,0,0,0,0,0,0.0040107,0.0013369,0,0,0,0,0,0,0,0,0,0,0,0,0.097594,0,0,0,0,0,0,0.90107,0.082888,0,0,0,0,0,0.28209,0,0,0,0,0,0,0.058824,0,0,0,0,0,0,0.5762,0.74465,0,0,0,0,0,0.25,0,0,0,0,0,0,0.0053476,0,0,0,0,0,0,0,0.63369,0,0,0,0,0,0.31417,0,0,0,0,0,0,0.048128,0,0,0,0,0,0,0.0040107,0,0,0,0,0,0,0.032086,0,0,0,0,0,0,0.30749,0,0,0,0,0,0,0.66043,0.066845,0,0,0,0,0,0.35829,0,0,0,0,0,0,0.12299,0,0,0,0,0,0,0.45187,0.66845,0,0,0,0,0,0.33155,0,0,0,0,0,0,0,0,0,0,0,0,0,0,0.8984,0,0,0,0,0,0.097594,0,0,0,0,0,0,0.0040107,0,0,0,0,0,0,0,0.77273,0,0,0,0,0,0.0026738,0,0,0,0,0,0,0.082888,0,0,0,0,0,0,0.14171,0.79545,0,0,0,0,0,0.062834,0,0,0,0,0,0,0.11096,0,0,0,0,0,0,0.030749,0.8984,0,0,0,0,0,0.1016,0,0,0,0,0,0,0,0,0,0,0,0,0,0
0.97059,0,0,0,0,0,0.024064,0,0,0,0,0,0,0.0053476,0,0,0,0,0,0,0,0.81818,0,0,0,0,0,0.0066845,0,0,0,0,0,0,0.012032,0,0,0,0,0,0,0.1631,0.8262,0,0,0,0,0,0.016043,0,0,0,0,0,0,0.028075,0,0,0,0,0,0,0.12968,1,0,0,0,0,0,0,0,0,0,0,0,0,0,0,0,0,0,0,0,0,0.84626,0,0,0,0,0,0.12567,0,0,0,0,0,0,0.028075,0,0,0,0,0,0,0,0,0,0,0,0,0,0.0026738,0,0,0,0,0,0,0.097594,0,0,0,0,0,0,0.89973,0.0040107,0,0,0,0,0,0.064171,0,0,0,0,0,0,0.24866,0,0,0,0,0,0,0.68316,0.99733,0,0,0,0,0,0.0013369,0,0,0,0,0,0,0.0013369,0,0,0,0,0,0,0,0.96524,0,0,0,0,0,0.030749,0,0,0,0,0,0,0.0040107,0,0,0,0,0,0,0,0.025401,0,0,0,0,0,0.29278,0,0,0,0,0,0,0.25267,0,0,0,0,0,0,0.42914,0.09492,0,0,0,0,0,0.2861,0,0,0,0,0,0,0.25401,0,0,0,0,0,0,0.36497,0.97594,0,0,0,0,0,0.024064,0,0,0,0,0,0,0,0,0,0,0,0,0,0,1,0,0,0,0,0,0,0,0,0,0,0,0,0,0,0,0,0,0,0,0,0.78075,0,0,0,0,0,0.028075,0,0,0,0,0,0,0.084225,0,0,0,0,0,0,0.10695,0.79545,0,0,0,0,0,0.05615,0,0,0,0,0,0,0.081551,0,0,0,0,0,0,0.066845,1,0,0,0,0,0,0,0,0,0,0,0,0,0,0,0,0,0,0,0,0
0.91444,0,0,0,0,0,0.085561,0,0,0,0,0,0,0,0,0,0,0,0,0,0,0.81952,0,0,0,0,0,0.13636,0,0,0,0,0,0,0.040107,0,0,0,0,0,0,0.0040107,0.81952,0,0,0,0,0,0.024064,0,0,0,0,0,0,0.06016,0,0,0,0,0,0,0.096257,0.90508,0,0,0,0,0,0.049465,0,0,0,0,0,0,0.045455,0,0,0,0,0,0,0,0.76604,0,0,0,0,0,0.23396,0,0,0,0,0,0,0,0,0,0,0,0,0,0,0.029412,0,0,0,0,0,0.9492,0,0,0,0,0,0,0.02139,0,0,0,0,0,0,0,0.016043,0,0,0,0,0,0.29278,0,0,0,0,0,0,0.45321,0,0,0,0,0,0,0.23797,0.45856,0,0,0,0,0,0.16043,0,0,0,0,0,0,0.21925,0,0,0,0,0,0,0.16176,0.84225,0,0,0,0,0,0.15775,0,0,0,0,0,0,0,0,0,0,0,0,0,0,0.5762,0,0,0,0,0,0.42246,0,0,0,0,0,0,0.0013369,0,0,0,0,0,0,0,0.016043,0,0,0,0,0,0.14171,0,0,0,0,0,0,0.4385,0,0,0,0,0,0,0.40374,0.5,0,0,0,0,0,0.25401,0,0,0,0,0,0,0.10695,0,0,0,0,0,0,0.13904,1,0,0,0,0,0,0,0,0,0,0,0,0,0,0,0,0,0,0,0,0,1,0,0,0,0,0,0,0,0,0,0,0,0,0,0,0,0,0,0,0,0,0.77941,0,0,0,0,0,0.018717,0,0,0,0,0,0,0.092246,0,0,0,0,0,0,0.10963,0.93048,0,0,0,0,0,0.022727,0,0,0,0,0,0,0,0,0,0,0,0,0,0.046791
1,0,0,0,0,0,0,0,0,0,0,0,0,0,0,0,0,0,0,0,0,0.84492,0,0,0,0,0,0,0,0,0,0,0,0,0.0093583,0,0,0,0,0,0,0.14572,0.84626,0,0,0,0,0,0.0026738,0,0,0,0,0,0,0.013369,0,0,0,0,0,0,0.1377,1,0,0,0,0,0,0,0,0,0,0,0,0,0,0,0,0,0,0,0,0,1,0,0,0,0,0,0,0,0,0,0,0,0,0,0,0,0,0,0,0,0,0.11898,0,0,0,0,0,0.020053,0,0,0,0,0,0,0.064171,0,0,0,0,0,0,0.79679,0.090909,0,0,0,0,0,0.041444,0,0,0,0,0,0,0.086898,0,0,0,0,0,0,0.78075,1,0,0,0,0,0,0,0,0,0,0,0,0,0,0,0,0,0,0,0,0,1,0,0,0,0,0,0,0,0,0,0,0,0,0,0,0,0,0,0,0,0,0.20053,0,0,0,0,0,0.11096,0,0,0,0,0,0,0.22727,0,0,0,0,0,0,0.46123,0.22326,0,0,0,0,0,0.089572,0,0,0,0,0,0,0.19786,0,0,0,0,0,0,0.4893,1,0,0,0,0,0,0,0,0,0,0,0,0,0,0,0,0,0,0,0,0,1,0,0,0,0,0,0,0,0,0,0,0,0,0,0,0,0,0,0,0,0,0.93449,0,0,0,0,0,0.029412,0,0,0,0,0,0,0.02139,0,0,0,0,0,0,0.014706,0.93316,0,0,0,0,0,0.03877,0,0,0,0,0,0,0.028075,0,0,0,0,0,0,0,1,0,0,0,0,0,0,0,0,0,0,0,0,0,0,0,0,0,0,0,0
1,0,0,0,0,0,0,0,0,0,0,0,0,0,0,0,0,0,0,0,0,0.82888,0,0,0,0,0,0,0,0,0,0,0,0,0.037433,0,0,0,0,0,0,0.13369,0.82353,0,0,0,0,0,0.013369,0,0,0,0,0,0,0.046791,0,0,0,0,0,0,0.11631,1,0,0,0,0,0,0,0,0,0,0,0,0,0,0,0,0,0,0,0,0,0.99465,0,0,0,0,0,0.0053476,0,0,0,0,0,0,0,0,0,0,0,0,0,0,0.049465,0,0,0,0,0,0.0093583,0,0,0,0,0,0,0.041444,0,0,0,0,0,0,0.89973,0.020053,0,0,0,0,0,0.062834,0,0,0,0,0,0,0.16444,0,0,0,0,0,0,0.75267,0.99465,0,0,0,0,0,0.0053476,0,0,0,0,0,0,0,0,0,0,0,0,0,0,0.97995,0,0,0,0,0,0.020053,0,0,0,0,0,0,0,0,0,0,0,0,0,0,0.09893,0,0,0,0,0,0.17513,0,0,0,0,0,0,0.32353,0,0,0,0,0,0,0.40241,0.081551,0,0,0,0,0,0.21123,0,0,0,0,0,0,0.37032,0,0,0,0,0,0,0.3369,0.94385,0,0,0,0,0,0.05615,0,0,0,0,0,0,0,0,0,0,0,0,0,0,1,0,0,0,0,0,0,0,0,0,0,0,0,0,0,0,0,0,0,0,0,0.82487,0,0,0,0,0,0.12166,0,0,0,0,0,0,0.053476,0,0,0,0,0,0,0,0.8262,0,0,0,0,0,0.093583,0,0,0,0,0,0,0.068182,0,0,0,0,0,0,0.012032,0.96791,0,0,0,0,0,0.032086,0,0,0,0,0,0,0,0,0,0,0,0,0,0
1,0,0,0,0,0,0,0,0,0,0,0,0,0,0,0,0,0,0,0,0,0.91578,0,0,0,0,0,0.07754,0,0,0,0,0,0,0.0066845,0,0,0,0,0,0,0,0.81818,0,0,0,0,0,0.0053476,0,0,0,0,0,0,0.065508,0,0,0,0,0,0,0.11096,0.8984,0,0,0,0,0,0.016043,0,0,0,0,0,0,0.034759,0,0,0,0,0,0,0.050802,1,0,0,0,0,0,0,0,0,0,0,0,0,0,0,0,0,0,0,0,0,0.59492,0,0,0,0,0,0.36898,0,0,0,0,0,0,0.034759,0,0,0,0,0,0,0.0013369,0.0040107,0,0,0,0,0,0.12299,0,0,0,0,0,0,0.37299,0,0,0,0,0,0,0.5,0.44519,0,0,0,0,0,0.069519,0,0,0,0,0,0,0.31952,0,0,0,0,0,0,0.16578,1,0,0,0,0,0,0,0,0,0,0,0,0,0,0,0,0,0,0,0,0,0.7754,0,0,0,0,0,0.16578,0,0,0,0,0,0,0.058824,0,0,0,0,0,0,0,0.010695,0,0,0,0,0,0.13102,0,0,0,0,0,0,0.29011,0,0,0,0,0,0,0.56818,0.45722,0,0,0,0,0,0.16845,0,0,0,0,0,0,0.25,0,0,0,0,0,0,0.12433,1,0,0,0,0,0,0,0,0,0,0,0,0,0,0,0,0,0,0,0,0,0.95455,0,0,0,0,0,0.044118,0,0,0,0,0,0,0.0013369,0,0,0,0,0,0,0,0.77273,0,0,0,0,0,0.034759,0,0,0,0,0,0,0.034759,0,0,0,0,0,0,0.15775,0.87299,0,0,0,0,0,0.0080214,0,0,0,0,0,0,0.049465,0,0,0,0,0,0,0.069519
0.91444,0,0,0,0,0,0.012032,0,0,0,0,0,0,0.0080214,0,0,0,0,0,0,0.065508,0.81952,0,0,0,0,0,0.013369,0,0,0,0,0,0,0.076203,0,0,0,0,0,0,0.090909,0.88904,0,0,0,0,0,0.10027,0,0,0,0,0,0,0.010695,0,0,0,0,0,0,0,1,0,0,0,0,0,0,0,0,0,0,0,0,0,0,0,0,0,0,0,0,0.52941,0,0,0,0,0,0.032086,0,0,0,0,0,0,0.12567,0,0,0,0,0,0,0.31283,0,0,0,0,0,0,0.044118,0,0,0,0,0,0,0.32888,0,0,0,0,0,0,0.62701,0.60829,0,0,0,0,0,0.36096,0,0,0,0,0,0,0.030749,0,0,0,0,0,0,0,1,0,0,0,0,0,0,0,0,0,0,0,0,0,0,0,0,0,0,0,0,0.52941,0,0,0,0,0,0.073529,0,0,0,0,0,0,0.29947,0,0,0,0,0,0,0.097594,0.010695,0,0,0,0,0,0.13102,0,0,0,0,0,0,0.38503,0,0,0,0,0,0,0.47326,0.61898,0,0,0,0,0,0.37032,0,0,0,0,0,0,0.010695,0,0,0,0,0,0,0,1,0,0,0,0,0,0,0,0,0,0,0,0,0,0,0,0,0,0,0,0,0.89305,0,0,0,0,0,0,0,0,0,0,0,0,0.045455,0,0,0,0,0,0,0.061497,0.77273,0,0,0,0,0,0.0093583,0,0,0,0,0,0,0.052139,0,0,0,0,0,0,0.16578,0.91444,0,0,0,0,0,0.085561,0,0,0,0,0,0,0,0,0,0,0,0,0,0,0.99733,0,0,0,0,0,0.0026738,0,0,0,0,0,0,0,0,0,0,0,0,0,0
0.98797,0,0,0,0,0,0.012032,0,0,0,0,0,0,0,0,0,0,0,0,0,0,0.93717,0,0,0,0,0,0.062834,0,0,0,0,0,0,0,0,0,0,0,0,0,0,0.82219,0,0,0,0,0,0.036096,0,0,0,0,0,0,0.050802,0,0,0,0,0,0,0.090909,0.8984,0,0,0,0,0,0,0,0,0,0,0,0,0.0026738,0,0,0,0,0,0,0.09893,0.93048,0,0,0,0,0,0.069519,0,0,0,0,0,0,0,0,0,0,0,0,0,0,0.78075,0,0,0,0,0,0.19786,0,0,0,0,0,0,0.02139,0,0,0,0,0,0,0,0.0040107,0,0,0,0,0,0.19251,0,0,0,0,0,0,0.22594,0,0,0,0,0,0,0.57754,0.46658,0,0,0,0,0,0.11497,0,0,0,0,0,0,0.29813,0,0,0,0,0,0,0.12032,0.9492,0,0,0,0,0,0.050802,0,0,0,0,0,0,0,0,0,0,0,0,0,0,0.72594,0,0,0,0,0,0.21925,0,0,0,0,0,0,0.054813,0,0,0,0,0,0,0,0,0,0,0,0,0,0.15241,0,0,0,0,0,0,0.15775,0,0,0,0,0,0,0.68984,0.44118,0,0,0,0,0,0.014706,0,0,0,0,0,0,0.20187,0,0,0,0,0,0,0.34225,1,0,0,0,0,0,0,0,0,0,0,0,0,0,0,0,0,0,0,0,0,0.96257,0,0,0,0,0,0.037433,0,0,0,0,0,0,0,0,0,0,0,0,0,0,0.7754,0,0,0,0,0,0.044118,0,0,0,0,0,0,0.044118,0,0,0,0,0,0,0.13636,0.87299,0,0,0,0,0,0.0013369,0,0,0,0,0,0,0.044118,0,0,0,0,0,0,0.081551
0.91444,0,0,0,0,0,0,0,0,0,0,0,0,0.042781,0,0,0,0,0,0,0.042781,0.81818,0,0,0,0,0,0,0,0,0,0,0,0,0,0,0,0,0,0,0,0.18182,0.81818,0,0,0,0,0,0,0,0,0,0,0,0,0,0,0,0,0,0,0,0.18182,0.8984,0,0,0,0,0,0,0,0,0,0,0,0,0,0,0,0,0,0,0,0.1016,0.52941,0,0,0,0,0,0,0,0,0,0,0,0,0.092246,0,0,0,0,0,0,0.37834,0,0,0,0,0,0,0,0,0,0,0,0,0,0.028075,0,0,0,0,0,0,0.97193,0,0,0,0,0,0,0,0,0,0,0,0,0,0.41711,0,0,0,0,0,0,0.58289,0.44118,0,0,0,0,0,0,0,0,0,0,0,0,0,0,0,0,0,0,0,0.55882,0.52941,0,0,0,0,0,0,0,0,0,0,0,0,0.029412,0,0,0,0,0,0,0.44118,0,0,0,0,0,0,0.025401,0,0,0,0,0,0,0.32353,0,0,0,0,0,0,0.65107,0,0,0,0,0,0,0,0,0,0,0,0,0,0.4238,0,0,0,0,0,0,0.5762,0.44118,0,0,0,0,0,0,0,0,0,0,0,0,0.14439,0,0,0,0,0,0,0.41444,0.89305,0,0,0,0,0,0,0,0,0,0,0,0,0.053476,0,0,0,0,0,0,0.053476,0.77273,0,0,0,0,0,0.0040107,0,0,0,0,0,0,0.068182,0,0,0,0,0,0,0.15508,0.77273,0,0,0,0,0,0,0,0,0,0,0,0,0.064171,0,0,0,0,0,0,0.1631,0.87299,0,0,0,0,0,0,0,0,0,0,0,0,0.022727,0,0,0,0,0,0,0.10428
0.91444,0,0,0,0,0,0,0,0,0,0,0,0,0.02139,0,0,0,0,0,0,0.064171,0.81818,0,0,0,0,0,0.0093583,0,0,0,0,0,0,0.025401,0,0,0,0,0,0,0.14706,0.85027,0,0,0,0,0,0.013369,0,0,0,0,0,0,0.040107,0,0,0,0,0,0,0.096257,1,0,0,0,0,0,0,0,0,0,0,0,0,0,0,0,0,0,0,0,0,0.52941,0,0,0,0,0,0.024064,0,0,0,0,0,0,0.18984,0,0,0,0,0,0,0.25668,0,0,0,0,0,0,0.034759,0,0,0,0,0,0,0.23128,0,0,0,0,0,0,0.73396,0.17647,0,0,0,0,0,0.11096,0,0,0,0,0,0,0.31818,0,0,0,0,0,0,0.39439,1,0,0,0,0,0,0,0,0,0,0,0,0,0,0,0,0,0,0,0,0,0.52941,0,0,0,0,0,0.070856,0,0,0,0,0,0,0.17781,0,0,0,0,0,0,0.22193,0,0,0,0,0,0,0.012032,0,0,0,0,0,0,0.26203,0,0,0,0,0,0,0.72594,0.22059,0,0,0,0,0,0.21123,0,0,0,0,0,0,0.18583,0,0,0,0,0,0,0.38235,1,0,0,0,0,0,0,0,0,0,0,0,0,0,0,0,0,0,0,0,0,0.90642,0,0,0,0,0,0.032086,0,0,0,0,0,0,0.044118,0,0,0,0,0,0,0.01738,0.77273,0,0,0,0,0,0,0,0,0,0,0,0,0.10963,0,0,0,0,0,0,0.11765,0.84225,0,0,0,0,0,0.034759,0,0,0,0,0,0,0.065508,0,0,0,0,0,0,0.057487,1,0,0,0,0,0,0,0,0,0,0,0,0,0,0,0,0,0,0,0,0
0.95187,0,0,0,0,0,0.026738,0,0,0,0,0,0,0.014706,0,0,0,0,0,0,0.0066845,0.81818,0,0,0,0,0,0.0040107,0,0,0,0,0,0,0.0093583,0,0,0,0,0,0,0.16845,0.81818,0,0,0,0,0,0.0080214,0,0,0,0,0,0,0.12968,0,0,0,0,0,0,0.044118,0.93717,0,0,0,0,0,0.033422,0,0,0,0,0,0,0.018717,0,0,0,0,0,0,0.010695,0.82487,0,0,0,0,0,0.026738,0,0,0,0,0,0,0.10561,0,0,0,0,0,0,0.042781,0,0,0,0,0,0,0,0,0,0,0,0,0,0.1123,0,0,0,0,0,0,0.8877,0,0,0,0,0,0,0.058824,0,0,0,0,0,0,0.34893,0,0,0,0,0,0,0.59225,0.64305,0,0,0,0,0,0.1738,0,0,0,0,0,0,0.1631,0,0,0,0,0,0,0.020053,0.85428,0,0,0,0,0,0.026738,0,0,0,0,0,0,0.11497,0,0,0,0,0,0,0.0040107,0,0,0,0,0,0,0.03877,0,0,0,0,0,0,0.24866,0,0,0,0,0,0,0.71257,0,0,0,0,0,0,0.029412,0,0,0,0,0,0,0.26203,0,0,0,0,0,0,0.70856,0.61898,0,0,0,0,0,0.14439,0,0,0,0,0,0,0.22193,0,0,0,0,0,0,0.014706,0.99064,0,0,0,0,0,0.0026738,0,0,0,0,0,0,0.0066845,0,0,0,0,0,0,0,0.7754,0,0,0,0,0,0.02139,0,0,0,0,0,0,0.066845,0,0,0,0,0,0,0.13636,0.77273,0,0,0,0,0,0.0053476,0,0,0,0,0,0,0.09492,0,0,0,0,0,0,0.12701,0.90374,0,0,0,0,0,0.052139,0,0,0,0,0,0,0.034759,0,0,0,0,0,0,0.0093583
0.97861,0,0,0,0,0,0.016043,0,0,0,0,0,0,0.0053476,0,0,0,0,0,0,0,0.81818,0,0,0,0,0,0,0,0,0,0,0,0,0.040107,0,0,0,0,0,0,0.14171,0.81818,0,0,0,0,0,0,0,0,0,0,0,0,0.013369,0,0,0,0,0,0,0.16845,0.97727,0,0,0,0,0,0.012032,0,0,0,0,0,0,0.010695,0,0,0,0,0,0,0,0.91979,0,0,0,0,0,0.057487,0,0,0,0,0,0,0.022727,0,0,0,0,0,0,0,0,0,0,0,0,0,0,0,0,0,0,0,0,0.058824,0,0,0,0,0,0,0.94118,0,0,0,0,0,0,0,0,0,0,0,0,0,0.057487,0,0,0,0,0,0,0.94251,0.85963,0,0,0,0,0,0.064171,0,0,0,0,0,0,0.076203,0,0,0,0,0,0,0,0.89572,0,0,0,0,0,0.09893,0,0,0,0,0,0,0.0053476,0,0,0,0,0,0,0,0.17112,0,0,0,0,0,0.030749,0,0,0,0,0,0,0.19385,0,0,0,0,0,0,0.60428,0.14305,0,0,0,0,0,0.029412,0,0,0,0,0,0,0.17781,0,0,0,0,0,0,0.64973,0.86898,0,0,0,0,0,0.068182,0,0,0,0,0,0,0.062834,0,0,0,0,0,0,0,1,0,0,0,0,0,0,0,0,0,0,0,0,0,0,0,0,0,0,0,0,0.95321,0,0,0,0,0,0.046791,0,0,0,0,0,0,0,0,0,0,0,0,0,0,0.89305,0,0,0,0,0,0.10695,0,0,0,0,0,0,0,0,0,0,0,0,0,0,0.98128,0,0,0,0,0,0.018717,0,0,0,0,0,0,0,0,0,0,0,0,0,0
0.93984,0,0,0,0,0,0.012032,0,0,0,0,0,0,0.026738,0,0,0,0,0,0,0.02139,0.81818,0,0,0,0,0,0.024064,0,0,0,0,0,0,0.044118,0,0,0,0,0,0,0.11364,0.90374,0,0,0,0,0,0.037433,0,0,0,0,0,0,0.044118,0,0,0,0,0,0,0.014706,1,0,0,0,0,0,0,0,0,0,0,0,0,0,0,0,0,0,0,0,0,0.58155,0,0,0,0,0,0.11096,0,0,0,0,0,0,0.10294,0,0,0,0,0,0,0.20455,0,0,0,0,0,0,0,0,0,0,0,0,0,0.20187,0,0,0,0,0,0,0.79813,0.014706,0,0,0,0,0,0.48128,0,0,0,0,0,0,0.13503,0,0,0,0,0,0,0.36898,0.99064,0,0,0,0,0,0.0093583,0,0,0,0,0,0,0,0,0,0,0,0,0,0,0.58289,0,0,0,0,0,0.17513,0,0,0,0,0,0,0.1123,0,0,0,0,0,0,0.12968,0,0,0,0,0,0,0.39706,0,0,0,0,0,0,0.54679,0,0,0,0,0,0,0.05615,0.2754,0,0,0,0,0,0.24599,0,0,0,0,0,0,0.16444,0,0,0,0,0,0,0.31417,0.90775,0,0,0,0,0,0.082888,0,0,0,0,0,0,0.0093583,0,0,0,0,0,0,0,0.90642,0,0,0,0,0,0.053476,0,0,0,0,0,0,0.024064,0,0,0,0,0,0,0.016043,0.77273,0,0,0,0,0,0.0013369,0,0,0,0,0,0,0.15909,0,0,0,0,0,0,0.066845,0.87968,0,0,0,0,0,0.0053476,0,0,0,0,0,0,0.030749,0,0,0,0,0,0,0.084225,0.99198,0,0,0,0,0,0.0080214,0,0,0,0,0,0,0,0,0,0,0,0,0,0
0.93316,0,0,0,0,0,0.0026738,0,0,0,0,0,0,0.057487,0,0,0,0,0,0,0.0066845,0.81818,0,0,0,0,0,0.0066845,0,0,0,0,0,0,0.040107,0,0,0,0,0,0,0.13503,0.81818,0,0,0,0,0,0.01738,0,0,0,0,0,0,0.058824,0,0,0,0,0,0,0.10561,0.97727,0,0,0,0,0,0.012032,0,0,0,0,0,0,0.0066845,0,0,0,0,0,0,0.0040107,0.63102,0,0,0,0,0,0.049465,0,0,0,0,0,0,0.28743,0,0,0,0,0,0,0.032086,0,0,0,0,0,0,0.025401,0,0,0,0,0,0,0.13102,0,0,0,0,0,0,0.84358,0,0,0,0,0,0,0.03877,0,0,0,0,0,0,0.16845,0,0,0,0,0,0,0.79278,0.84358,0,0,0,0,0,0.05615,0,0,0,0,0,0,0.073529,0,0,0,0,0,0,0.026738,0.8623,0,0,0,0,0,0.081551,0,0,0,0,0,0,0.052139,0,0,0,0,0,0,0.0040107,0.012032,0,0,0,0,0,0.32888,0,0,0,0,0,0,0.34759,0,0,0,0,0,0,0.3115,0.024064,0,0,0,0,0,0.18182,0,0,0,0,0,0,0.33021,0,0,0,0,0,0,0.4639,0.93717,0,0,0,0,0,0.053476,0,0,0,0,0,0,0.0093583,0,0,0,0,0,0,0,0.98396,0,0,0,0,0,0.016043,0,0,0,0,0,0,0,0,0,0,0,0,0,0,0.77406,0,0,0,0,0,0.15374,0,0,0,0,0,0,0.057487,0,0,0,0,0,0,0.014706,0.78877,0,0,0,0,0,0.13102,0,0,0,0,0,0,0.033422,0,0,0,0,0,0,0.046791,1,0,0,0,0,0,0,0,0,0,0,0,0,0,0,0,0,0,0,0,0
0.94652,0,0,0,0,0,0.02139,0,0,0,0,0,0,0.016043,0,0,0,0,0,0,0.016043,0.81818,0,0,0,0,0,0.0026738,0,0,0,0,0,0,0.022727,0,0,0,0,0,0,0.15642,0.81818,0,0,0,0,0,0.0066845,0,0,0,0,0,0,0.029412,0,0,0,0,0,0,0.14572,0.97995,0,0,0,0,0,0.0080214,0,0,0,0,0,0,0.012032,0,0,0,0,0,0,0,0.70053,0,0,0,0,0,0.14171,0,0,0,0,0,0,0.090909,0,0,0,0,0,0,0.066845,0,0,0,0,0,0,0.026738,0,0,0,0,0,0,0.1123,0,0,0,0,0,0,0.86096,0.0053476,0,0,0,0,0,0.0040107,0,0,0,0,0,0,0.15241,0,0,0,0,0,0,0.83824,0.85294,0,0,0,0,0,0.070856,0,0,0,0,0,0,0.070856,0,0,0,0,0,0,0.0053476,0.96658,0,0,0,0,0,0.028075,0,0,0,0,0,0,0.0053476,0,0,0,0,0,0,0,0.0053476,0,0,0,0,0,0.21791,0,0,0,0,0,0,0.27406,0,0,0,0,0,0,0.50267,0.052139,0,0,0,0,0,0.22326,0,0,0,0,0,0,0.30749,0,0,0,0,0,0,0.41711,0.97326,0,0,0,0,0,0.026738,0,0,0,0,0,0,0,0,0,0,0,0,0,0,1,0,0,0,0,0,0,0,0,0,0,0,0,0,0,0,0,0,0,0,0,0.77273,0,0,0,0,0,0,0,0,0,0,0,0,0.013369,0,0,0,0,0,0,0.2139,0.7861,0,0,0,0,0,0.02139,0,0,0,0,0,0,0.053476,0,0,0,0,0,0,0.13904,1,0,0,0,0,0,0,0,0,0,0,0,0,0,0,0,0,0,0,0,0
0.91444,0,0,0,0,0,0.028075,0,0,0,0,0,0,0.057487,0,0,0,0,0,0,0,0.81818,0,0,0,0,0,0.012032,0,0,0,0,0,0,0.085561,0,0,0,0,0,0,0.084225,0.81818,0,0,0,0,0,0.085561,0,0,0,0,0,0,0.089572,0,0,0,0,0,0,0.0066845,0.8984,0,0,0,0,0,0.020053,0,0,0,0,0,0,0.069519,0,0,0,0,0,0,0.012032,0.53476,0,0,0,0,0,0.072193,0,0,0,0,0,0,0.39305,0,0,0,0,0,0,0,0.032086,0,0,0,0,0,0.13369,0,0,0,0,0,0,0.42112,0,0,0,0,0,0,0.4131,0.0093583,0,0,0,0,0,0.31551,0,0,0,0,0,0,0.47995,0,0,0,0,0,0,0.19519,0.44251,0,0,0,0,0,0.12032,0,0,0,0,0,0,0.26604,0,0,0,0,0,0,0.17112,0.55214,0,0,0,0,0,0.18048,0,0,0,0,0,0,0.22727,0,0,0,0,0,0,0.040107,0.0053476,0,0,0,0,0,0.036096,0,0,0,0,0,0,0.52273,0,0,0,0,0,0,0.43583,0.0026738,0,0,0,0,0,0.24064,0,0,0,0,0,0,0.43583,0,0,0,0,0,0,0.32086,0.49064,0,0,0,0,0,0.50936,0,0,0,0,0,0,0,0,0,0,0,0,0,0,0.89305,0,0,0,0,0,0.044118,0,0,0,0,0,0,0.049465,0,0,0,0,0,0,0.013369,0.77273,0,0,0,0,0,0,0,0,0,0,0,0,0.07754,0,0,0,0,0,0,0.14973,0.77807,0,0,0,0,0,0.042781,0,0,0,0,0,0,0.10428,0,0,0,0,0,0,0.074866,0.89572,0,0,0,0,0,0.10428,0,0,0,0,0,0,0,0,0,0,0,0,0,0
0.91444,0,0,0,0,0,0.0013369,0,0,0,0,0,0,0.029412,0,0,0,0,0,0,0.054813,0.81952,0,0,0,0,0,0.012032,0,0,0,0,0,0,0.072193,0,0,0,0,0,0,0.096257,0.91043,0,0,0,0,0,0.050802,0,0,0,0,0,0,0.03877,0,0,0,0,0,0,0,1,0,0,0,0,0,0,0,0,0,0,0,0,0,0,0,0,0,0,0,0,0.52941,0,0,0,0,0,0.024064,0,0,0,0,0,0,0.18449,0,0,0,0,0,0,0.26203,0,0,0,0,0,0,0.022727,0,0,0,0,0,0,0.37567,0,0,0,0,0,0,0.6016,0.44786,0,0,0,0,0,0.35829,0,0,0,0,0,0,0.18583,0,0,0,0,0,0,0.0080214,1,0,0,0,0,0,0,0,0,0,0,0,0,0,0,0,0,0,0,0,0,0.53075,0,0,0,0,0,0.046791,0,0,0,0,0,0,0.049465,0,0,0,0,0,0,0.37299,0,0,0,0,0,0,0,0,0,0,0,0,0,0.14171,0,0,0,0,0,0,0.85829,0.37299,0,0,0,0,0,0.5361,0,0,0,0,0,0,0.040107,0,0,0,0,0,0,0.050802,1,0,0,0,0,0,0,0,0,0,0,0,0,0,0,0,0,0,0,0,0,0.89305,0,0,0,0,0,0.0026738,0,0,0,0,0,0,0.02139,0,0,0,0,0,0,0.082888,0.77273,0,0,0,0,0,0,0,0,0,0,0,0,0.02139,0,0,0,0,0,0,0.20588,0.86096,0,0,0,0,0,0.086898,0,0,0,0,0,0,0.040107,0,0,0,0,0,0,0.012032,1,0,0,0,0,0,0,0,0,0,0,0,0,0,0,0,0,0,0,0,0
0.91444,0,0,0,0,0,0.037433,0,0,0,0,0,0,0.033422,0,0,0,0,0,0,0.014706,0.82487,0,0,0,0,0,0.057487,0,0,0,0,0,0,0.09893,0,0,0,0,0,0,0.018717,0.81818,0,0,0,0,0,0.025401,0,0,0,0,0,0,0.086898,0,0,0,0,0,0,0.069519,0.8984,0,0,0,0,0,0.010695,0,0,0,0,0,0,0.044118,0,0,0,0,0,0,0.046791,0.55749,0,0,0,0,0,0.020053,0,0,0,0,0,0,0.20989,0,0,0,0,0,0,0.21257,0.029412,0,0,0,0,0,0.22326,0,0,0,0,0,0,0.45989,0,0,0,0,0,0,0.28743,0.0026738,0,0,0,0,0,0.11497,0,0,0,0,0,0,0.3984,0,0,0,0,0,0,0.48396,0.44118,0,0,0,0,0,0.033422,0,0,0,0,0,0,0.1992,0,0,0,0,0,0,0.3262,0.87834,0,0,0,0,0,0.12166,0,0,0,0,0,0,0,0,0,0,0,0,0,0,0.062834,0,0,0,0,0,0.41711,0,0,0,0,0,0,0.47193,0,0,0,0,0,0,0.048128,0,0,0,0,0,0,0.0026738,0,0,0,0,0,0,0.38102,0,0,0,0,0,0,0.61631,0.44118,0,0,0,0,0,0.1992,0,0,0,0,0,0,0.12834,0,0,0,0,0,0,0.23128,0.97326,0,0,0,0,0,0.026738,0,0,0,0,0,0,0,0,0,0,0,0,0,0,0.78075,0,0,0,0,0,0.069519,0,0,0,0,0,0,0.14171,0,0,0,0,0,0,0.0080214,0.77273,0,0,0,0,0,0,0,0,0,0,0,0,0.03877,0,0,0,0,0,0,0.1885,0.87299,0,0,0,0,0,0.064171,0,0,0,0,0,0,0.01738,0,0,0,0,0,0,0.045455
1,0,0,0,0,0,0,0,0,0,0,0,0,0,0,0,0,0,0,0,0,0.81818,0,0,0,0,0,0.0013369,0,0,0,0,0,0,0.10963,0,0,0,0,0,0,0.070856,0.85561,0,0,0,0,0,0.024064,0,0,0,0,0,0,0.016043,0,0,0,0,0,0,0.10428,1,0,0,0,0,0,0,0,0,0,0,0,0,0,0,0,0,0,0,0,0,0.89973,0,0,0,0,0,0.024064,0,0,0,0,0,0,0.049465,0,0,0,0,0,0,0.026738,0,0,0,0,0,0,0.012032,0,0,0,0,0,0,0.4238,0,0,0,0,0,0,0.56417,0.19519,0,0,0,0,0,0.11898,0,0,0,0,0,0,0.27273,0,0,0,0,0,0,0.4131,1,0,0,0,0,0,0,0,0,0,0,0,0,0,0,0,0,0,0,0,0,0.83957,0,0,0,0,0,0.032086,0,0,0,0,0,0,0.026738,0,0,0,0,0,0,0.1016,0,0,0,0,0,0,0,0,0,0,0,0,0,0.21123,0,0,0,0,0,0,0.78877,0.22727,0,0,0,0,0,0.13102,0,0,0,0,0,0,0.27674,0,0,0,0,0,0,0.36497,0.99733,0,0,0,0,0,0.0026738,0,0,0,0,0,0,0,0,0,0,0,0,0,0,0.90374,0,0,0,0,0,0.037433,0,0,0,0,0,0,0.029412,0,0,0,0,0,0,0.029412,0.77273,0,0,0,0,0,0,0,0,0,0,0,0,0.030749,0,0,0,0,0,0,0.19652,0.87567,0,0,0,0,0,0.028075,0,0,0,0,0,0,0.016043,0,0,0,0,0,0,0.080214,0.98797,0,0,0,0,0,0.010695,0,0,0,0,0,0,0.0013369,0,0,0,0,0,0,0
0.91444,0,0,0,0,0,0,0,0,0,0,0,0,0,0,0,0,0,0,0,0.085561,0.81818,0,0,0,0,0,0,0,0,0,0,0,0,0,0,0,0,0,0,0,0.18182,0.81818,0,0,0,0,0,0,0,0,0,0,0,0,0.0053476,0,0,0,0,0,0,0.17647,0.8984,0,0,0,0,0,0,0,0,0,0,0,0,0,0,0,0,0,0,0,0.1016,0.52941,0,0,0,0,0,0,0,0,0,0,0,0,0.025401,0,0,0,0,0,0,0.44519,0,0,0,0,0,0,0,0,0,0,0,0,0,0.25802,0,0,0,0,0,0,0.74198,0,0,0,0,0,0,0,0,0,0,0,0,0,0.12299,0,0,0,0,0,0,0.87701,0.44118,0,0,0,0,0,0,0,0,0,0,0,0,0.070856,0,0,0,0,0,0,0.48797,0.52941,0,0,0,0,0,0,0,0,0,0,0,0,0.054813,0,0,0,0,0,0,0.41578,0,0,0,0,0,0,0.0080214,0,0,0,0,0,0,0.53209,0,0,0,0,0,0,0.45989,0,0,0,0,0,0,0,0,0,0,0,0,0,0.29947,0,0,0,0,0,0,0.70053,0.44118,0,0,0,0,0,0,0,0,0,0,0,0,0.12701,0,0,0,0,0,0,0.43182,0.89305,0,0,0,0,0,0,0,0,0,0,0,0,0.0026738,0,0,0,0,0,0,0.10428,0.77273,0,0,0,0,0,0,0,0,0,0,0,0,0.073529,0,0,0,0,0,0,0.15374,0.77273,0,0,0,0,0,0,0,0,0,0,0,0,0.018717,0,0,0,0,0,0,0.20856,0.87299,0,0,0,0,0,0,0,0,0,0,0,0,0.0026738,0,0,0,0,0,0,0.12433
0.91444,0,0,0,0,0,0,0,0,0,0,0,0,0.042781,0,0,0,0,0,0,0.042781,0.81818,0,0,0,0,0,0,0,0,0,0,0,0,0.066845,0,0,0,0,0,0,0.11497,0.81818,0,0,0,0,0,0,0,0,0,0,0,0,0.12433,0,0,0,0,0,0,0.057487,0.8984,0,0,0,0,0,0,0,0,0,0,0,0,0.029412,0,0,0,0,0,0,0.072193,0.52941,0,0,0,0,0,0,0,0,0,0,0,0,0.22326,0,0,0,0,0,0,0.24733,0,0,0,0,0,0,0,0,0,0,0,0,0,0.3262,0,0,0,0,0,0,0.6738,0,0,0,0,0,0,0,0,0,0,0,0,0,0.53743,0,0,0,0,0,0,0.46257,0.44118,0,0,0,0,0,0,0,0,0,0,0,0,0.17914,0,0,0,0,0,0,0.37968,0.52941,0,0,0,0,0,0.19652,0,0,0,0,0,0,0.17914,0,0,0,0,0,0,0.09492,0,0,0,0,0,0,0,0,0,0,0,0,0,0.053476,0,0,0,0,0,0,0.94652,0,0,0,0,0,0,0,0,0,0,0,0,0,0.21925,0,0,0,0,0,0,0.78075,0.44118,0,0,0,0,0,0,0,0,0,0,0,0,0.40374,0,0,0,0,0,0,0.15508,0.89305,0,0,0,0,0,0.078877,0,0,0,0,0,0,0.028075,0,0,0,0,0,0,0,0.77273,0,0,0,0,0,0,0,0,0,0,0,0,0.0066845,0,0,0,0,0,0,0.22059,0.77273,0,0,0,0,0,0,0,0,0,0,0,0,0.02139,0,0,0,0,0,0,0.20588,0.87299,0,0,0,0,0,0,0,0,0,0,0,0,0.089572,0,0,0,0,0,0,0.037433
0.91444,0,0,0,0,0,0,0,0,0,0,0,0,0.042781,0,0,0,0,0,0,0.042781,0.81818,0,0,0,0,0,0.0066845,0,0,0,0,0,0,0.16711,0,0,0,0,0,0,0.0080214,0.81818,0,0,0,0,0,0.0093583,0,0,0,0,0,0,0.12968,0,0,0,0,0,0,0.042781,0.8984,0,0,0,0,0,0,0,0,0,0,0,0,0.061497,0,0,0,0,0,0,0.040107,0.52941,0,0,0,0,0,0,0,0,0,0,0,0,0.23262,0,0,0,0,0,0,0.23797,0,0,0,0,0,0,0.0053476,0,0,0,0,0,0,0.29278,0,0,0,0,0,0,0.70187,0,0,0,0,0,0,0.0026738,0,0,0,0,0,0,0.80348,0,0,0,0,0,0,0.19385,0.44118,0,0,0,0,0,0,0,0,0,0,0,0,0.22594,0,0,0,0,0,0,0.33289,0.52941,0,0,0,0,0,0.0080214,0,0,0,0,0,0,0.35027,0,0,0,0,0,0,0.1123,0,0,0,0,0,0,0,0,0,0,0,0,0,0.013369,0,0,0,0,0,0,0.98663,0,0,0,0,0,0,0,0,0,0,0,0,0,0.3516,0,0,0,0,0,0,0.6484,0.44118,0,0,0,0,0,0,0,0,0,0,0,0,0.13369,0,0,0,0,0,0,0.42513,0.89973,0,0,0,0,0,0.020053,0,0,0,0,0,0,0.068182,0,0,0,0,0,0,0.012032,0.77273,0,0,0,0,0,0,0,0,0,0,0,0,0.037433,0,0,0,0,0,0,0.18984,0.77273,0,0,0,0,0,0,0,0,0,0,0,0,0,0,0,0,0,0,0,0.22727,0.87299,0,0,0,0,0,0,0,0,0,0,0,0,0.01738,0,0,0,0,0,0,0.10963
0.91444,0,0,0,0,0,0.010695,0,0,0,0,0,0,0.032086,0,0,0,0,0,0,0.042781,0.82086,0,0,0,0,0,0.025401,0,0,0,0,0,0,0.11096,0,0,0,0,0,0,0.042781,0.81818,0,0,0,0,0,0.0066845,0,0,0,0,0,0,0.082888,0,0,0,0,0,0,0.092246,0.8984,0,0,0,0,0,0.014706,0,0,0,0,0,0,0.086898,0,0,0,0,0,0,0,0.59358,0,0,0,0,0,0.092246,0,0,0,0,0,0,0.078877,0,0,0,0,0,0,0.23529,0.041444,0,0,0,0,0,0.24064,0,0,0,0,0,0,0.20856,0,0,0,0,0,0,0.50936,0,0,0,0,0,0,0.016043,0,0,0,0,0,0,0.29011,0,0,0,0,0,0,0.69385,0.45053,0,0,0,0,0,0.081551,0,0,0,0,0,0,0.31684,0,0,0,0,0,0,0.15107,0.58021,0,0,0,0,0,0.14171,0,0,0,0,0,0,0.042781,0,0,0,0,0,0,0.23529,0.092246,0,0,0,0,0,0.28209,0,0,0,0,0,0,0.20722,0,0,0,0,0,0,0.41845,0,0,0,0,0,0,0.0053476,0,0,0,0,0,0,0.22727,0,0,0,0,0,0,0.76738,0.44118,0,0,0,0,0,0.0040107,0,0,0,0,0,0,0.21257,0,0,0,0,0,0,0.34225,0.89572,0,0,0,0,0,0.044118,0,0,0,0,0,0,0.0066845,0,0,0,0,0,0,0.053476,0.78476,0,0,0,0,0,0.058824,0,0,0,0,0,0,0.064171,0,0,0,0,0,0,0.092246,0.77273,0,0,0,0,0,0,0,0,0,0,0,0,0.074866,0,0,0,0,0,0,0.15241,0.87299,0,0,0,0,0,0,0,0,0,0,0,0,0.016043,0,0,0,0,0,0,0.11096
0.91444,0,0,0,0,0,0,0,0,0,0,0,0,0.042781,0,0,0,0,0,0,0.042781,0.81818,0,0,0,0,0,0,0,0,0,0,0,0,0,0,0,0,0,0,0,0.18182,0.81818,0,0,0,0,0,0,0,0,0,0,0,0,0,0,0,0,0,0,0,0.18182,0.8984,0,0,0,0,0,0,0,0,0,0,0,0,0,0,0,0,0,0,0,0.1016,0.52941,0,0,0,0,0,0,0,0,0,0,0,0,0.19118,0,0,0,0,0,0,0.27941,0,0,0,0,0,0,0,0,0,0,0,0,0,0,0,0,0,0,0,0,1,0,0,0,0,0,0,0,0,0,0,0,0,0,0,0,0,0,0,0,0,1,0.44118,0,0,0,0,0,0.025401,0,0,0,0,0,0,0.18717,0,0,0,0,0,0,0.34626,0.52941,0,0,0,0,0,0,0,0,0,0,0,0,0.23529,0,0,0,0,0,0,0.23529,0,0,0,0,0,0,0,0,0,0,0,0,0,0.0040107,0,0,0,0,0,0,0.99599,0,0,0,0,0,0,0,0,0,0,0,0,0,0.0040107,0,0,0,0,0,0,0.99599,0.44118,0,0,0,0,0,0.061497,0,0,0,0,0,0,0.34759,0,0,0,0,0,0,0.14973,0.89305,0,0,0,0,0,0,0,0,0,0,0,0,0.037433,0,0,0,0,0,0,0.069519,0.77273,0,0,0,0,0,0,0,0,0,0,0,0,0.0080214,0,0,0,0,0,0,0.21925,0.77273,0,0,0,0,0,0,0,0,0,0,0,0,0,0,0,0,0,0,0,0.22727,0.87299,0,0,0,0,0,0.016043,0,0,0,0,0,0,0.070856,0,0,0,0,0,0,0.040107
1,0,0,0,0,0,0,0,0,0,0,0,0,0,0,0,0,0,0,0,0,0.97059,0,0,0,0,0,0.0080214,0,0,0,0,0,0,0.02139,0,0,0,0,0,0,0,0.93984,0,0,0,0,0,0.0080214,0,0,0,0,0,0,0.052139,0,0,0,0,0,0,0,1,0,0,0,0,0,0,0,0,0,0,0,0,0,0,0,0,0,0,0,0,0.80214,0,0,0,0,0,0.050802,0,0,0,0,0,0,0.12032,0,0,0,0,0,0,0.026738,0.24465,0,0,0,0,0,0.030749,0,0,0,0,0,0,0.2861,0,0,0,0,0,0,0.4385,0.010695,0,0,0,0,0,0.044118,0,0,0,0,0,0,0.21925,0,0,0,0,0,0,0.72594,0.90909,0,0,0,0,0,0.030749,0,0,0,0,0,0,0.02139,0,0,0,0,0,0,0.03877,0.52941,0,0,0,0,0,0.16043,0,0,0,0,0,0,0.16176,0,0,0,0,0,0,0.1484,0,0,0,0,0,0,0,0,0,0,0,0,0,0.15241,0,0,0,0,0,0,0.84759,0,0,0,0,0,0,0.014706,0,0,0,0,0,0,0.096257,0,0,0,0,0,0,0.88904,0.86096,0,0,0,0,0,0.037433,0,0,0,0,0,0,0.028075,0,0,0,0,0,0,0.073529,0.89305,0,0,0,0,0,0.053476,0,0,0,0,0,0,0,0,0,0,0,0,0,0.053476,0.77273,0,0,0,0,0,0,0,0,0,0,0,0,0.024064,0,0,0,0,0,0,0.20321,0.77273,0,0,0,0,0,0,0,0,0,0,0,0,0.068182,0,0,0,0,0,0,0.15909,0.96257,0,0,0,0,0,0.0040107,0,0,0,0,0,0,0.0080214,0,0,0,0,0,0,0.025401
1,0,0,0,0,0,0,0,0,0,0,0,0,0,0,0,0,0,0,0,0,1,0,0,0,0,0,0,0,0,0,0,0,0,0,0,0,0,0,0,0,0,0.99064,0,0,0,0,0,0.0093583,0,0,0,0,0,0,0,0,0,0,0,0,0,0,1,0,0,0,0,0,0,0,0,0,0,0,0,0,0,0,0,0,0,0,0,0.83289,0,0,0,0,0,0.16711,0,0,0,0,0,0,0,0,0,0,0,0,0,0,0.40909,0,0,0,0,0,0.39171,0,0,0,0,0,0,0.1377,0,0,0,0,0,0,0.061497,0.076203,0,0,0,0,0,0.080214,0,0,0,0,0,0,0.50668,0,0,0,0,0,0,0.3369,0.5615,0,0,0,0,0,0.11765,0,0,0,0,0,0,0.12166,0,0,0,0,0,0,0.1992,0.52941,0,0,0,0,0,0.41176,0,0,0,0,0,0,0.058824,0,0,0,0,0,0,0,0,0,0,0,0,0,0.52005,0,0,0,0,0,0,0.40241,0,0,0,0,0,0,0.07754,0,0,0,0,0,0,0.0066845,0,0,0,0,0,0,0.073529,0,0,0,0,0,0,0.91979,0.57219,0,0,0,0,0,0.041444,0,0,0,0,0,0,0.058824,0,0,0,0,0,0,0.32754,0.92914,0,0,0,0,0,0.044118,0,0,0,0,0,0,0.026738,0,0,0,0,0,0,0,0.77273,0,0,0,0,0,0.026738,0,0,0,0,0,0,0.17647,0,0,0,0,0,0,0.024064,0.77273,0,0,0,0,0,0,0,0,0,0,0,0,0.0053476,0,0,0,0,0,0,0.22193,0.90374,0,0,0,0,0,0.016043,0,0,0,0,0,0,0.0066845,0,0,0,0,0,0,0.073529
1,0,0,0,0,0,0,0,0,0,0,0,0,0,0,0,0,0,0,0,0,0.99465,0,0,0,0,0,0.0053476,0,0,0,0,0,0,0,0,0,0,0,0,0,0,0.87299,0,0,0,0,0,0.12701,0,0,0,0,0,0,0,0,0,0,0,0,0,0,0.94652,0,0,0,0,0,0.053476,0,0,0,0,0,0,0,0,0,0,0,0,0,0,0.76337,0,0,0,0,0,0.12834,0,0,0,0,0,0,0.097594,0,0,0,0,0,0,0.010695,0.45989,0,0,0,0,0,0.11497,0,0,0,0,0,0,0.28209,0,0,0,0,0,0,0.14305,0,0,0,0,0,0,0.084225,0,0,0,0,0,0,0.068182,0,0,0,0,0,0,0.84759,0.48128,0,0,0,0,0,0.096257,0,0,0,0,0,0,0.15107,0,0,0,0,0,0,0.27139,0.52941,0,0,0,0,0,0.0013369,0,0,0,0,0,0,0.46925,0,0,0,0,0,0,0,0.034759,0,0,0,0,0,0.11096,0,0,0,0,0,0,0.67112,0,0,0,0,0,0,0.18316,0,0,0,0,0,0,0,0,0,0,0,0,0,0.084225,0,0,0,0,0,0,0.91578,0.5,0,0,0,0,0,0.07754,0,0,0,0,0,0,0.12032,0,0,0,0,0,0,0.30214,0.89305,0,0,0,0,0,0,0,0,0,0,0,0,0.078877,0,0,0,0,0,0,0.028075,0.77273,0,0,0,0,0,0.0080214,0,0,0,0,0,0,0.16578,0,0,0,0,0,0,0.053476,0.77273,0,0,0,0,0,0,0,0,0,0,0,0,0.0053476,0,0,0,0,0,0,0.22193,0.88636,0,0,0,0,0,0.033422,0,0,0,0,0,0,0.010695,0,0,0,0,0,0,0.069519
0.91444,0,0,0,0,0,0,0,0,0,0,0,0,0.0080214,0,0,0,0,0,0,0.07754,0.82754,0,0,0,0,0,0.037433,0,0,0,0,0,0,0.080214,0,0,0,0,0,0,0.054813,0.81818,0,0,0,0,0,0.053476,0,0,0,0,0,0,0.069519,0,0,0,0,0,0,0.058824,0.98529,0,0,0,0,0,0.014706,0,0,0,0,0,0,0,0,0,0,0,0,0,0,0.5508,0,0,0,0,0,0.078877,0,0,0,0,0,0,0.18048,0,0,0,0,0,0,0.18984,0,0,0,0,0,0,0.0013369,0,0,0,0,0,0,0.29947,0,0,0,0,0,0,0.6992,0.19519,0,0,0,0,0,0.10561,0,0,0,0,0,0,0.22326,0,0,0,0,0,0,0.47594,0.72193,0,0,0,0,0,0.27807,0,0,0,0,0,0,0,0,0,0,0,0,0,0,0.53075,0,0,0,0,0,0.16444,0,0,0,0,0,0,0.23663,0,0,0,0,0,0,0.068182,0,0,0,0,0,0,0,0,0,0,0,0,0,0.06016,0,0,0,0,0,0,0.93984,0.057487,0,0,0,0,0,0.15374,0,0,0,0,0,0,0.35561,0,0,0,0,0,0,0.43316,0.65107,0,0,0,0,0,0.34893,0,0,0,0,0,0,0,0,0,0,0,0,0,0,0.92246,0,0,0,0,0,0.05615,0,0,0,0,0,0,0.02139,0,0,0,0,0,0,0,0.77273,0,0,0,0,0,0,0,0,0,0,0,0,0.05615,0,0,0,0,0,0,0.17112,0.7754,0,0,0,0,0,0.050802,0,0,0,0,0,0,0.081551,0,0,0,0,0,0,0.092246,0.92246,0,0,0,0,0,0.05615,0,0,0,0,0,0,0.02139,0,0,0,0,0,0,0
0.91444,0,0,0,0,0,0,0,0,0,0,0,0,0.037433,0,0,0,0,0,0,0.048128,0.81818,0,0,0,0,0,0,0,0,0,0,0,0,0.010695,0,0,0,0,0,0,0.17112,0.83957,0,0,0,0,0,0.0093583,0,0,0,0,0,0,0.032086,0,0,0,0,0,0,0.11898,1,0,0,0,0,0,0,0,0,0,0,0,0,0,0,0,0,0,0,0,0,0.52941,0,0,0,0,0,0,0,0,0,0,0,0,0.10294,0,0,0,0,0,0,0.36765,0,0,0,0,0,0,0.0013369,0,0,0,0,0,0,0.2607,0,0,0,0,0,0,0.73797,0.14706,0,0,0,0,0,0.15775,0,0,0,0,0,0,0.34225,0,0,0,0,0,0,0.35294,1,0,0,0,0,0,0,0,0,0,0,0,0,0,0,0,0,0,0,0,0,0.52941,0,0,0,0,0,0,0,0,0,0,0,0,0.05615,0,0,0,0,0,0,0.41444,0,0,0,0,0,0,0,0,0,0,0,0,0,0.16043,0,0,0,0,0,0,0.83957,0.20722,0,0,0,0,0,0.13369,0,0,0,0,0,0,0.1885,0,0,0,0,0,0,0.47059,1,0,0,0,0,0,0,0,0,0,0,0,0,0,0,0,0,0,0,0,0,0.92647,0,0,0,0,0,0.028075,0,0,0,0,0,0,0.012032,0,0,0,0,0,0,0.033422,0.77273,0,0,0,0,0,0.0053476,0,0,0,0,0,0,0.1016,0,0,0,0,0,0,0.12032,0.81952,0,0,0,0,0,0.040107,0,0,0,0,0,0,0.07754,0,0,0,0,0,0,0.062834,1,0,0,0,0,0,0,0,0,0,0,0,0,0,0,0,0,0,0,0,0
0.91444,0,0,0,0,0,0.0013369,0,0,0,0,0,0,0.037433,0,0,0,0,0,0,0.046791,0.81818,0,0,0,0,0,0,0,0,0,0,0,0,0.018717,0,0,0,0,0,0,0.1631,0.82487,0,0,0,0,0,0.0093583,0,0,0,0,0,0,0.024064,0,0,0,0,0,0,0.14171,1,0,0,0,0,0,0,0,0,0,0,0,0,0,0,0,0,0,0,0,0,0.52941,0,0,0,0,0,0.052139,0,0,0,0,0,0,0.17914,0,0,0,0,0,0,0.2393,0.0066845,0,0,0,0,0,0.06016,0,0,0,0,0,0,0.42647,0,0,0,0,0,0,0.50668,0.016043,0,0,0,0,0,0.061497,0,0,0,0,0,0,0.33556,0,0,0,0,0,0,0.5869,1,0,0,0,0,0,0,0,0,0,0,0,0,0,0,0,0,0,0,0,0,0.52941,0,0,0,0,0,0.010695,0,0,0,0,0,0,0.069519,0,0,0,0,0,0,0.39037,0.014706,0,0,0,0,0,0.33155,0,0,0,0,0,0,0.51337,0,0,0,0,0,0,0.14037,0,0,0,0,0,0,0.066845,0,0,0,0,0,0,0.43717,0,0,0,0,0,0,0.49599,0.97995,0,0,0,0,0,0.020053,0,0,0,0,0,0,0,0,0,0,0,0,0,0,0.91444,0,0,0,0,0,0.046791,0,0,0,0,0,0,0.033422,0,0,0,0,0,0,0.0053476,0.77273,0,0,0,0,0,0.024064,0,0,0,0,0,0,0.13503,0,0,0,0,0,0,0.068182,0.78342,0,0,0,0,0,0.042781,0,0,0,0,0,0,0.11898,0,0,0,0,0,0,0.054813,0.9893,0,0,0,0,0,0.0093583,0,0,0,0,0,0,0.0013369,0,0,0,0,0,0,0
0.91444,0,0,0,0,0,0.026738,0,0,0,0,0,0,0.028075,0,0,0,0,0,0,0.030749,0.81818,0,0,0,0,0,0.026738,0,0,0,0,0,0,0.046791,0,0,0,0,0,0,0.10829,0.84492,0,0,0,0,0,0.02139,0,0,0,0,0,0,0.09492,0,0,0,0,0,0,0.03877,1,0,0,0,0,0,0,0,0,0,0,0,0,0,0,0,0,0,0,0,0,0.52941,0,0,0,0,0,0.0013369,0,0,0,0,0,0,0.073529,0,0,0,0,0,0,0.39572,0,0,0,0,0,0,0.062834,0,0,0,0,0,0,0.32353,0,0,0,0,0,0,0.61364,0.15508,0,0,0,0,0,0.1738,0,0,0,0,0,0,0.41979,0,0,0,0,0,0,0.25134,1,0,0,0,0,0,0,0,0,0,0,0,0,0,0,0,0,0,0,0,0,0.52941,0,0,0,0,0,0,0,0,0,0,0,0,0.09492,0,0,0,0,0,0,0.37567,0,0,0,0,0,0,0.062834,0,0,0,0,0,0,0.20722,0,0,0,0,0,0,0.72995,0.14572,0,0,0,0,0,0.17246,0,0,0,0,0,0,0.42112,0,0,0,0,0,0,0.2607,0.99733,0,0,0,0,0,0.0026738,0,0,0,0,0,0,0,0,0,0,0,0,0,0,0.89305,0,0,0,0,0,0.0053476,0,0,0,0,0,0,0.058824,0,0,0,0,0,0,0.042781,0.77273,0,0,0,0,0,0.016043,0,0,0,0,0,0,0.1631,0,0,0,0,0,0,0.048128,0.81551,0,0,0,0,0,0.05615,0,0,0,0,0,0,0.12834,0,0,0,0,0,0,0,0.99866,0,0,0,0,0,0.0013369,0,0,0,0,0,0,0,0,0,0,0,0,0,0
0.91444,0,0,0,0,0,0.022727,0,0,0,0,0,0,0.062834,0,0,0,0,0,0,0,0.81818,0,0,0,0,0,0.010695,0,0,0,0,0,0,0.14706,0,0,0,0,0,0,0.024064,0.81818,0,0,0,0,0,0.010695,0,0,0,0,0,0,0.12701,0,0,0,0,0,0,0.044118,0.8984,0,0,0,0,0,0.0053476,0,0,0,0,0,0,0.081551,0,0,0,0,0,0,0.014706,0.52941,0,0,0,0,0,0.049465,0,0,0,0,0,0,0.30749,0,0,0,0,0,0,0.11364,0.016043,0,0,0,0,0,0.19118,0,0,0,0,0,0,0.49465,0,0,0,0,0,0,0.29813,0.010695,0,0,0,0,0,0.07754,0,0,0,0,0,0,0.33155,0,0,0,0,0,0,0.58021,0.44118,0,0,0,0,0,0.044118,0,0,0,0,0,0,0.32754,0,0,0,0,0,0,0.18717,0.54545,0,0,0,0,0,0.048128,0,0,0,0,0,0,0.27807,0,0,0,0,0,0,0.12834,0.0013369,0,0,0,0,0,0.09492,0,0,0,0,0,0,0.43316,0,0,0,0,0,0,0.47059,0,0,0,0,0,0,0.037433,0,0,0,0,0,0,0.23396,0,0,0,0,0,0,0.72861,0.44118,0,0,0,0,0,0.0093583,0,0,0,0,0,0,0.28743,0,0,0,0,0,0,0.26203,0.90107,0,0,0,0,0,0.093583,0,0,0,0,0,0,0.0053476,0,0,0,0,0,0,0,0.77807,0,0,0,0,0,0.088235,0,0,0,0,0,0,0.09492,0,0,0,0,0,0,0.03877,0.77273,0,0,0,0,0,0.0093583,0,0,0,0,0,0,0.045455,0,0,0,0,0,0,0.17246,0.87299,0,0,0,0,0,0.042781,0,0,0,0,0,0,0.05615,0,0,0,0,0,0,0.028075
1,0,0,0,0,0,0,0,0,0,0,0,0,0,0,0,0,0,0,0,0,0.82353,0,0,0,0,0,0.025401,0,0,0,0,0,0,0.074866,0,0,0,0,0,0,0.076203,0.84759,0,0,0,0,0,0.022727,0,0,0,0,0,0,0.062834,0,0,0,0,0,0,0.066845,0.97861,0,0,0,0,0,0.02139,0,0,0,0,0,0,0,0,0,0,0,0,0,0,1,0,0,0,0,0,0,0,0,0,0,0,0,0,0,0,0,0,0,0,0,0.030749,0,0,0,0,0,0.14706,0,0,0,0,0,0,0.44118,0,0,0,0,0,0,0.38102,0.076203,0,0,0,0,0,0.076203,0,0,0,0,0,0,0.4131,0,0,0,0,0,0,0.43449,0.85027,0,0,0,0,0,0.10963,0,0,0,0,0,0,0.040107,0,0,0,0,0,0,0,1,0,0,0,0,0,0,0,0,0,0,0,0,0,0,0,0,0,0,0,0,0.074866,0,0,0,0,0,0.14706,0,0,0,0,0,0,0.10829,0,0,0,0,0,0,0.66979,0.10695,0,0,0,0,0,0.018717,0,0,0,0,0,0,0.17914,0,0,0,0,0,0,0.69519,0.95455,0,0,0,0,0,0.045455,0,0,0,0,0,0,0,0,0,0,0,0,0,0,1,0,0,0,0,0,0,0,0,0,0,0,0,0,0,0,0,0,0,0,0,0.83556,0,0,0,0,0,0.0053476,0,0,0,0,0,0,0.057487,0,0,0,0,0,0,0.1016,0.79813,0,0,0,0,0,0.025401,0,0,0,0,0,0,0.033422,0,0,0,0,0,0,0.14305,1,0,0,0,0,0,0,0,0,0,0,0,0,0,0,0,0,0,0,0,0
0.92647,0,0,0,0,0,0.073529,0,0,0,0,0,0,0,0,0,0,0,0,0,0,0.81952,0,0,0,0,0,0.037433,0,0,0,0,0,0,0.041444,0,0,0,0,0,0,0.1016,0.81818,0,0,0,0,0,0.020053,0,0,0,0,0,0,0.058824,0,0,0,0,0,0,0.10294,0.92781,0,0,0,0,0,0.072193,0,0,0,0,0,0,0,0,0,0,0,0,0,0,0.86765,0,0,0,0,0,0.12299,0,0,0,0,0,0,0.0093583,0,0,0,0,0,0,0,0.1631,0,0,0,0,0,0.13369,0,0,0,0,0,0,0.14439,0,0,0,0,0,0,0.55882,0,0,0,0,0,0,0.069519,0,0,0,0,0,0,0.19652,0,0,0,0,0,0,0.73396,0.70722,0,0,0,0,0,0.28743,0,0,0,0,0,0,0.0053476,0,0,0,0,0,0,0,0.74198,0,0,0,0,0,0.25802,0,0,0,0,0,0,0,0,0,0,0,0,0,0,0.080214,0,0,0,0,0,0.2393,0,0,0,0,0,0,0.17781,0,0,0,0,0,0,0.50267,0.0013369,0,0,0,0,0,0.033422,0,0,0,0,0,0,0.27941,0,0,0,0,0,0,0.68583,0.75668,0,0,0,0,0,0.18717,0,0,0,0,0,0,0.053476,0,0,0,0,0,0,0.0026738,0.95722,0,0,0,0,0,0.042781,0,0,0,0,0,0,0,0,0,0,0,0,0,0,0.79679,0,0,0,0,0,0.09492,0,0,0,0,0,0,0.080214,0,0,0,0,0,0,0.028075,0.78476,0,0,0,0,0,0.025401,0,0,0,0,0,0,0.069519,0,0,0,0,0,0,0.12032,0.92647,0,0,0,0,0,0.068182,0,0,0,0,0,0,0.0053476,0,0,0,0,0,0,0
0.91444,0,0,0,0,0,0,0,0,0,0,0,0,0.024064,0,0,0,0,0,0,0.061497,0.81818,0,0,0,0,0,0,0,0,0,0,0,0,0.16176,0,0,0,0,0,0,0.020053,0.81818,0,0,0,0,0,0,0,0,0,0,0,0,0.0040107,0,0,0,0,0,0,0.17781,0.8984,0,0,0,0,0,0,0,0,0,0,0,0,0,0,0,0,0,0,0,0.1016,0.52941,0,0,0,0,0,0,0,0,0,0,0,0,0.05615,0,0,0,0,0,0,0.41444,0,0,0,0,0,0,0,0,0,0,0,0,0,0.81016,0,0,0,0,0,0,0.18984,0,0,0,0,0,0,0,0,0,0,0,0,0,0.084225,0,0,0,0,0,0,0.91578,0.44118,0,0,0,0,0,0,0,0,0,0,0,0,0,0,0,0,0,0,0,0.55882,0.52941,0,0,0,0,0,0,0,0,0,0,0,0,0.026738,0,0,0,0,0,0,0.44385,0,0,0,0,0,0,0,0,0,0,0,0,0,0.65241,0,0,0,0,0,0,0.34759,0,0,0,0,0,0,0,0,0,0,0,0,0,0.12567,0,0,0,0,0,0,0.87433,0.44118,0,0,0,0,0,0,0,0,0,0,0,0,0,0,0,0,0,0,0,0.55882,0.89305,0,0,0,0,0,0,0,0,0,0,0,0,0.016043,0,0,0,0,0,0,0.090909,0.77273,0,0,0,0,0,0,0,0,0,0,0,0,0.048128,0,0,0,0,0,0,0.17914,0.77273,0,0,0,0,0,0,0,0,0,0,0,0,0.057487,0,0,0,0,0,0,0.16979,0.87299,0,0,0,0,0,0,0,0,0,0,0,0,0,0,0,0,0,0,0,0.12701
0.91444,0,0,0,0,0,0.0040107,0,0,0,0,0,0,0.028075,0,0,0,0,0,0,0.053476,0.81818,0,0,0,0,0,0,0,0,0,0,0,0,0.089572,0,0,0,0,0,0,0.092246,0.83957,0,0,0,0,0,0.016043,0,0,0,0,0,0,0.089572,0,0,0,0,0,0,0.054813,1,0,0,0,0,0,0,0,0,0,0,0,0,0,0,0,0,0,0,0,0,0.52941,0,0,0,0,0,0,0,0,0,0,0,0,0.15374,0,0,0,0,0,0,0.31684,0,0,0,0,0,0,0.39973,0,0,0,0,0,0,0.36364,0,0,0,0,0,0,0.23663,0.11765,0,0,0,0,0,0.042781,0,0,0,0,0,0,0.43316,0,0,0,0,0,0,0.40642,1,0,0,0,0,0,0,0,0,0,0,0,0,0,0,0,0,0,0,0,0,0.66444,0,0,0,0,0,0.044118,0,0,0,0,0,0,0.12567,0,0,0,0,0,0,0.16578,0.0080214,0,0,0,0,0,0.10294,0,0,0,0,0,0,0.36898,0,0,0,0,0,0,0.52005,0.26471,0,0,0,0,0,0.14037,0,0,0,0,0,0,0.30348,0,0,0,0,0,0,0.29144,0.99733,0,0,0,0,0,0.0026738,0,0,0,0,0,0,0,0,0,0,0,0,0,0,0.97861,0,0,0,0,0,0.012032,0,0,0,0,0,0,0.0093583,0,0,0,0,0,0,0,0.77273,0,0,0,0,0,0.012032,0,0,0,0,0,0,0.21524,0,0,0,0,0,0,0,0.87834,0,0,0,0,0,0.0066845,0,0,0,0,0,0,0.10963,0,0,0,0,0,0,0.0053476,1,0,0,0,0,0,0,0,0,0,0,0,0,0,0,0,0,0,0,0,0
0.91444,0,0,0,0,0,0,0,0,0,0,0,0,0.018717,0,0,0,0,0,0,0.066845,0.81818,0,0,0,0,0,0,0,0,0,0,0,0,0.092246,0,0,0,0,0,0,0.089572,0.90107,0,0,0,0,0,0.024064,0,0,0,0,0,0,0.064171,0,0,0,0,0,0,0.010695,1,0,0,0,0,0,0,0,0,0,0,0,0,0,0,0,0,0,0,0,0,0.52941,0,0,0,0,0,0,0,0,0,0,0,0,0.066845,0,0,0,0,0,0,0.40374,0,0,0,0,0,0,0,0,0,0,0,0,0,0.53743,0,0,0,0,0,0,0.46257,0.42781,0,0,0,0,0,0.13636,0,0,0,0,0,0,0.36096,0,0,0,0,0,0,0.074866,0.99465,0,0,0,0,0,0.0053476,0,0,0,0,0,0,0,0,0,0,0,0,0,0,0.62032,0,0,0,0,0,0.1016,0,0,0,0,0,0,0.082888,0,0,0,0,0,0,0.19519,0.0053476,0,0,0,0,0,0.12567,0,0,0,0,0,0,0.53342,0,0,0,0,0,0,0.33556,0.28209,0,0,0,0,0,0.39706,0,0,0,0,0,0,0.28877,0,0,0,0,0,0,0.032086,0.82888,0,0,0,0,0,0.16845,0,0,0,0,0,0,0.0026738,0,0,0,0,0,0,0,0.95053,0,0,0,0,0,0.041444,0,0,0,0,0,0,0.0080214,0,0,0,0,0,0,0,0.77273,0,0,0,0,0,0.0093583,0,0,0,0,0,0,0.088235,0,0,0,0,0,0,0.12968,0.87299,0,0,0,0,0,0.080214,0,0,0,0,0,0,0.044118,0,0,0,0,0,0,0.0026738,0.99599,0,0,0,0,0,0.0040107,0,0,0,0,0,0,0,0,0,0,0,0,0,0
1,0,0,0,0,0,0,0,0,0,0,0,0,0,0,0,0,0,0,0,0,0.90508,0,0,0,0,0,0.044118,0,0,0,0,0,0,0.03877,0,0,0,0,0,0,0.012032,0.81818,0,0,0,0,0,0,0,0,0,0,0,0,0.016043,0,0,0,0,0,0,0.16578,0.90374,0,0,0,0,0,0.0040107,0,0,0,0,0,0,0.045455,0,0,0,0,0,0,0.046791,1,0,0,0,0,0,0,0,0,0,0,0,0,0,0,0,0,0,0,0,0,0.37834,0,0,0,0,0,0.19652,0,0,0,0,0,0,0.30481,0,0,0,0,0,0,0.12032,0,0,0,0,0,0,0,0,0,0,0,0,0,0.20455,0,0,0,0,0,0,0.79545,0.44786,0,0,0,0,0,0.049465,0,0,0,0,0,0,0.32353,0,0,0,0,0,0,0.17914,1,0,0,0,0,0,0,0,0,0,0,0,0,0,0,0,0,0,0,0,0,0.28877,0,0,0,0,0,0.41711,0,0,0,0,0,0,0.025401,0,0,0,0,0,0,0.26872,0,0,0,0,0,0,0,0,0,0,0,0,0,0.086898,0,0,0,0,0,0,0.9131,0.46791,0,0,0,0,0,0.10428,0,0,0,0,0,0,0.24465,0,0,0,0,0,0,0.18316,1,0,0,0,0,0,0,0,0,0,0,0,0,0,0,0,0,0,0,0,0,0.8369,0,0,0,0,0,0.090909,0,0,0,0,0,0,0.010695,0,0,0,0,0,0,0.061497,0.77273,0,0,0,0,0,0,0,0,0,0,0,0,0.0040107,0,0,0,0,0,0,0.22326,0.88636,0,0,0,0,0,0.046791,0,0,0,0,0,0,0.020053,0,0,0,0,0,0,0.046791
0.91444,0,0,0,0,0,0.010695,0,0,0,0,0,0,0.06016,0,0,0,0,0,0,0.014706,0.81818,0,0,0,0,0,0.0080214,0,0,0,0,0,0,0.093583,0,0,0,0,0,0,0.080214,0.89706,0,0,0,0,0,0.093583,0,0,0,0,0,0,0.0093583,0,0,0,0,0,0,0,0.99332,0,0,0,0,0,0.0066845,0,0,0,0,0,0,0,0,0,0,0,0,0,0,0.56283,0,0,0,0,0,0.17246,0,0,0,0,0,0,0.23128,0,0,0,0,0,0,0.033422,0.0013369,0,0,0,0,0,0.24866,0,0,0,0,0,0,0.47861,0,0,0,0,0,0,0.27139,0.38235,0,0,0,0,0,0.58824,0,0,0,0,0,0,0.028075,0,0,0,0,0,0,0.0013369,0.92914,0,0,0,0,0,0.070856,0,0,0,0,0,0,0,0,0,0,0,0,0,0,0.52941,0,0,0,0,0,0.014706,0,0,0,0,0,0,0.1885,0,0,0,0,0,0,0.26738,0,0,0,0,0,0,0.31952,0,0,0,0,0,0,0.37032,0,0,0,0,0,0,0.31016,0.8877,0,0,0,0,0,0.1123,0,0,0,0,0,0,0,0,0,0,0,0,0,0,1,0,0,0,0,0,0,0,0,0,0,0,0,0,0,0,0,0,0,0,0,0.89305,0,0,0,0,0,0,0,0,0,0,0,0,0.0026738,0,0,0,0,0,0,0.10428,0.77273,0,0,0,0,0,0.054813,0,0,0,0,0,0,0.076203,0,0,0,0,0,0,0.096257,0.97059,0,0,0,0,0,0.022727,0,0,0,0,0,0,0.0066845,0,0,0,0,0,0,0,1,0,0,0,0,0,0,0,0,0,0,0,0,0,0,0,0,0,0,0,0
0.91711,0,0,0,0,0,0.081551,0,0,0,0,0,0,0.0013369,0,0,0,0,0,0,0,0.84091,0,0,0,0,0,0.069519,0,0,0,0,0,0,0.086898,0,0,0,0,0,0,0.0026738,0.82086,0,0,0,0,0,0.014706,0,0,0,0,0,0,0.1123,0,0,0,0,0,0,0.052139,0.90508,0,0,0,0,0,0.016043,0,0,0,0,0,0,0.029412,0,0,0,0,0,0,0.049465,0.60829,0,0,0,0,0,0.36765,0,0,0,0,0,0,0.024064,0,0,0,0,0,0,0,0.18583,0,0,0,0,0,0.4639,0,0,0,0,0,0,0.35027,0,0,0,0,0,0,0,0.010695,0,0,0,0,0,0.12166,0,0,0,0,0,0,0.61765,0,0,0,0,0,0,0.25,0.44786,0,0,0,0,0,0.10561,0,0,0,0,0,0,0.24332,0,0,0,0,0,0,0.20321,1,0,0,0,0,0,0,0,0,0,0,0,0,0,0,0,0,0,0,0,0,0.52139,0,0,0,0,0,0.32219,0,0,0,0,0,0,0.15642,0,0,0,0,0,0,0,0,0,0,0,0,0,0.092246,0,0,0,0,0,0,0.53075,0,0,0,0,0,0,0.37701,0.46123,0,0,0,0,0,0.10561,0,0,0,0,0,0,0.24064,0,0,0,0,0,0,0.19251,1,0,0,0,0,0,0,0,0,0,0,0,0,0,0,0,0,0,0,0,0,0.8984,0,0,0,0,0,0.090909,0,0,0,0,0,0,0.010695,0,0,0,0,0,0,0,0.77674,0,0,0,0,0,0.028075,0,0,0,0,0,0,0.089572,0,0,0,0,0,0,0.10561,0.87701,0,0,0,0,0,0.029412,0,0,0,0,0,0,0.050802,0,0,0,0,0,0,0.042781
1,0,0,0,0,0,0,0,0,0,0,0,0,0,0,0,0,0,0,0,0,0.86497,0,0,0,0,0,0.065508,0,0,0,0,0,0,0.066845,0,0,0,0,0,0,0.0026738,0.83289,0,0,0,0,0,0.054813,0,0,0,0,0,0,0.061497,0,0,0,0,0,0,0.050802,0.91176,0,0,0,0,0,0.053476,0,0,0,0,0,0,0.034759,0,0,0,0,0,0,0,1,0,0,0,0,0,0,0,0,0,0,0,0,0,0,0,0,0,0,0,0,0.20989,0,0,0,0,0,0.31818,0,0,0,0,0,0,0.36497,0,0,0,0,0,0,0.10695,0.0066845,0,0,0,0,0,0.07754,0,0,0,0,0,0,0.16845,0,0,0,0,0,0,0.74733,0.4893,0,0,0,0,0,0.12299,0,0,0,0,0,0,0.21257,0,0,0,0,0,0,0.17513,0.95053,0,0,0,0,0,0.049465,0,0,0,0,0,0,0,0,0,0,0,0,0,0,0.070856,0,0,0,0,0,0.29011,0,0,0,0,0,0,0.34492,0,0,0,0,0,0,0.29412,0,0,0,0,0,0,0,0,0,0,0,0,0,0.10963,0,0,0,0,0,0,0.89037,0.46524,0,0,0,0,0,0.10027,0,0,0,0,0,0,0.2139,0,0,0,0,0,0,0.22059,0.98663,0,0,0,0,0,0.013369,0,0,0,0,0,0,0,0,0,0,0,0,0,0,0.78743,0,0,0,0,0,0.062834,0,0,0,0,0,0,0.09893,0,0,0,0,0,0,0.050802,0.77273,0,0,0,0,0,0.0093583,0,0,0,0,0,0,0.090909,0,0,0,0,0,0,0.12701,0.87968,0,0,0,0,0,0.034759,0,0,0,0,0,0,0.03877,0,0,0,0,0,0,0.046791
0.91444,0,0,0,0,0,0.013369,0,0,0,0,0,0,0.061497,0,0,0,0,0,0,0.010695,0.82888,0,0,0,0,0,0.062834,0,0,0,0,0,0,0.090909,0,0,0,0,0,0,0.01738,0.92112,0,0,0,0,0,0.066845,0,0,0,0,0,0,0.0066845,0,0,0,0,0,0,0.0053476,1,0,0,0,0,0,0,0,0,0,0,0,0,0,0,0,0,0,0,0,0,0.53075,0,0,0,0,0,0.033422,0,0,0,0,0,0,0.23396,0,0,0,0,0,0,0.20187,0.0066845,0,0,0,0,0,0.082888,0,0,0,0,0,0,0.50401,0,0,0,0,0,0,0.40642,0.28476,0,0,0,0,0,0.27941,0,0,0,0,0,0,0.18984,0,0,0,0,0,0,0.24599,0.79813,0,0,0,0,0,0.01738,0,0,0,0,0,0,0.048128,0,0,0,0,0,0,0.13636,0.54679,0,0,0,0,0,0.10963,0,0,0,0,0,0,0.24465,0,0,0,0,0,0,0.09893,0.0080214,0,0,0,0,0,0.11631,0,0,0,0,0,0,0.54011,0,0,0,0,0,0,0.33556,0.20989,0,0,0,0,0,0.38636,0,0,0,0,0,0,0.3115,0,0,0,0,0,0,0.092246,0.77005,0,0,0,0,0,0.06016,0,0,0,0,0,0,0.1631,0,0,0,0,0,0,0.0066845,0.90642,0,0,0,0,0,0.025401,0,0,0,0,0,0,0.066845,0,0,0,0,0,0,0.0013369,0.77941,0,0,0,0,0,0.049465,0,0,0,0,0,0,0.065508,0,0,0,0,0,0,0.10561,0.79011,0,0,0,0,0,0.032086,0,0,0,0,0,0,0.045455,0,0,0,0,0,0,0.13235,0.91711,0,0,0,0,0,0.082888,0,0,0,0,0,0,0,0,0,0,0,0,0,0
1,0,0,0,0,0,0,0,0,0,0,0,0,0,0,0,0,0,0,0,0,0.85428,0,0,0,0,0,0.09893,0,0,0,0,0,0,0.046791,0,0,0,0,0,0,0,0.81818,0,0,0,0,0,0.10428,0,0,0,0,0,0,0.07754,0,0,0,0,0,0,0,0.94652,0,0,0,0,0,0.053476,0,0,0,0,0,0,0,0,0,0,0,0,0,0,0.96791,0,0,0,0,0,0.032086,0,0,0,0,0,0,0,0,0,0,0,0,0,0,0.05615,0,0,0,0,0,0.39037,0,0,0,0,0,0,0.25535,0,0,0,0,0,0,0.29813,0,0,0,0,0,0,0.12567,0,0,0,0,0,0,0.43182,0,0,0,0,0,0,0.44251,0.64171,0,0,0,0,0,0.30481,0,0,0,0,0,0,0.053476,0,0,0,0,0,0,0,0.89305,0,0,0,0,0,0.10695,0,0,0,0,0,0,0,0,0,0,0,0,0,0,0.0053476,0,0,0,0,0,0.25,0,0,0,0,0,0,0.26738,0,0,0,0,0,0,0.47727,0,0,0,0,0,0,0.026738,0,0,0,0,0,0,0.25936,0,0,0,0,0,0,0.7139,0.62567,0,0,0,0,0,0.18583,0,0,0,0,0,0,0.1885,0,0,0,0,0,0,0,0.97326,0,0,0,0,0,0.026738,0,0,0,0,0,0,0,0,0,0,0,0,0,0,0.77273,0,0,0,0,0,0.037433,0,0,0,0,0,0,0.064171,0,0,0,0,0,0,0.12567,0.77273,0,0,0,0,0,0.0066845,0,0,0,0,0,0,0.049465,0,0,0,0,0,0,0.17112,0.93316,0,0,0,0,0,0.03877,0,0,0,0,0,0,0.028075,0,0,0,0,0,0,0
0.91444,0,0,0,0,0,0,0,0,0,0,0,0,0.03877,0,0,0,0,0,0,0.046791,0.81818,0,0,0,0,0,0,0,0,0,0,0,0,0.053476,0,0,0,0,0,0,0.12834,0.81818,0,0,0,0,0,0.064171,0,0,0,0,0,0,0.11765,0,0,0,0,0,0,0,0.8984,0,0,0,0,0,0.029412,0,0,0,0,0,0,0.072193,0,0,0,0,0,0,0,0.52941,0,0,0,0,0,0.13102,0,0,0,0,0,0,0.14572,0,0,0,0,0,0,0.19385,0.0080214,0,0,0,0,0,0.13904,0,0,0,0,0,0,0.44652,0,0,0,0,0,0,0.40642,0.085561,0,0,0,0,0,0.33289,0,0,0,0,0,0,0.34626,0,0,0,0,0,0,0.23529,0.63503,0,0,0,0,0,0.16444,0,0,0,0,0,0,0.18449,0,0,0,0,0,0,0.016043,0.52941,0,0,0,0,0,0.022727,0,0,0,0,0,0,0.2861,0,0,0,0,0,0,0.16176,0.0093583,0,0,0,0,0,0.10294,0,0,0,0,0,0,0.57754,0,0,0,0,0,0,0.31016,0.76471,0,0,0,0,0,0.089572,0,0,0,0,0,0,0.14572,0,0,0,0,0,0,0,1,0,0,0,0,0,0,0,0,0,0,0,0,0,0,0,0,0,0,0,0,0.89305,0,0,0,0,0,0.010695,0,0,0,0,0,0,0.088235,0,0,0,0,0,0,0.0080214,0.77273,0,0,0,0,0,0.0093583,0,0,0,0,0,0,0.12032,0,0,0,0,0,0,0.097594,0.94786,0,0,0,0,0,0.018717,0,0,0,0,0,0,0.033422,0,0,0,0,0,0,0,1,0,0,0,0,0,0,0,0,0,0,0,0,0,0,0,0,0,0,0,0
0.92246,0,0,0,0,0,0.018717,0,0,0,0,0,0,0.057487,0,0,0,0,0,0,0.0013369,0.81818,0,0,0,0,0,0.026738,0,0,0,0,0,0,0.076203,0,0,0,0,0,0,0.078877,0.82353,0,0,0,0,0,0.013369,0,0,0,0,0,0,0.05615,0,0,0,0,0,0,0.10695,0.93048,0,0,0,0,0,0.045455,0,0,0,0,0,0,0.024064,0,0,0,0,0,0,0,0.84759,0,0,0,0,0,0.1484,0,0,0,0,0,0,0.0040107,0,0,0,0,0,0,0,0.041444,0,0,0,0,0,0.30882,0,0,0,0,0,0,0.18316,0,0,0,0,0,0,0.46658,0,0,0,0,0,0,0.084225,0,0,0,0,0,0,0.28075,0,0,0,0,0,0,0.63503,0.69251,0,0,0,0,0,0.17112,0,0,0,0,0,0,0.10428,0,0,0,0,0,0,0.032086,0.8984,0,0,0,0,0,0.1016,0,0,0,0,0,0,0,0,0,0,0,0,0,0,0.14037,0,0,0,0,0,0.16979,0,0,0,0,0,0,0.26738,0,0,0,0,0,0,0.42246,0,0,0,0,0,0,0.01738,0,0,0,0,0,0,0.17914,0,0,0,0,0,0,0.80348,0.46925,0,0,0,0,0,0.32219,0,0,0,0,0,0,0.09492,0,0,0,0,0,0,0.11364,0.97326,0,0,0,0,0,0.026738,0,0,0,0,0,0,0,0,0,0,0,0,0,0,0.77273,0,0,0,0,0,0.073529,0,0,0,0,0,0,0.092246,0,0,0,0,0,0,0.061497,0.78075,0,0,0,0,0,0.049465,0,0,0,0,0,0,0.11096,0,0,0,0,0,0,0.058824,0.88369,0,0,0,0,0,0.072193,0,0,0,0,0,0,0.0066845,0,0,0,0,0,0,0.037433
0.91444,0,0,0,0,0,0.037433,0,0,0,0,0,0,0.045455,0,0,0,0,0,0,0.0026738,0.81818,0,0,0,0,0,0.034759,0,0,0,0,0,0,0.093583,0,0,0,0,0,0,0.053476,0.84358,0,0,0,0,0,0.14171,0,0,0,0,0,0,0.014706,0,0,0,0,0,0,0,0.9893,0,0,0,0,0,0.010695,0,0,0,0,0,0,0,0,0,0,0,0,0,0,0.52941,0,0,0,0,0,0.02139,0,0,0,0,0,0,0.14706,0,0,0,0,0,0,0.30214,0.0026738,0,0,0,0,0,0.053476,0,0,0,0,0,0,0.29679,0,0,0,0,0,0,0.64706,0.54278,0,0,0,0,0,0.33824,0,0,0,0,0,0,0.11898,0,0,0,0,0,0,0,0.78743,0,0,0,0,0,0.19652,0,0,0,0,0,0,0.016043,0,0,0,0,0,0,0,0.52941,0,0,0,0,0,0,0,0,0,0,0,0,0.061497,0,0,0,0,0,0,0.40909,0.0026738,0,0,0,0,0,0.07754,0,0,0,0,0,0,0.30615,0,0,0,0,0,0,0.61364,0.65642,0,0,0,0,0,0.23262,0,0,0,0,0,0,0.11096,0,0,0,0,0,0,0,1,0,0,0,0,0,0,0,0,0,0,0,0,0,0,0,0,0,0,0,0,0.89305,0,0,0,0,0,0.0013369,0,0,0,0,0,0,0.048128,0,0,0,0,0,0,0.057487,0.78743,0,0,0,0,0,0.03877,0,0,0,0,0,0,0.12834,0,0,0,0,0,0,0.045455,0.91578,0,0,0,0,0,0.054813,0,0,0,0,0,0,0.029412,0,0,0,0,0,0,0,1,0,0,0,0,0,0,0,0,0,0,0,0,0,0,0,0,0,0,0,0
0.91711,0,0,0,0,0,0.040107,0,0,0,0,0,0,0.041444,0,0,0,0,0,0,0.0013369,0.82086,0,0,0,0,0,0.033422,0,0,0,0,0,0,0.088235,0,0,0,0,0,0,0.057487,0.82086,0,0,0,0,0,0.069519,0,0,0,0,0,0,0.10695,0,0,0,0,0,0,0.0026738,0.95053,0,0,0,0,0,0.037433,0,0,0,0,0,0,0.012032,0,0,0,0,0,0,0,0.87567,0,0,0,0,0,0.081551,0,0,0,0,0,0,0.042781,0,0,0,0,0,0,0,0.01738,0,0,0,0,0,0.19118,0,0,0,0,0,0,0.33422,0,0,0,0,0,0,0.45722,0.0026738,0,0,0,0,0,0.14305,0,0,0,0,0,0,0.25134,0,0,0,0,0,0,0.60294,0.65642,0,0,0,0,0,0.16578,0,0,0,0,0,0,0.1484,0,0,0,0,0,0,0.029412,0.88235,0,0,0,0,0,0.080214,0,0,0,0,0,0,0.037433,0,0,0,0,0,0,0,0.0040107,0,0,0,0,0,0.089572,0,0,0,0,0,0,0.43182,0,0,0,0,0,0,0.4746,0,0,0,0,0,0,0.020053,0,0,0,0,0,0,0.18182,0,0,0,0,0,0,0.79813,0.48663,0,0,0,0,0,0.34358,0,0,0,0,0,0,0.10428,0,0,0,0,0,0,0.065508,0.97326,0,0,0,0,0,0.014706,0,0,0,0,0,0,0.012032,0,0,0,0,0,0,0,0.77674,0,0,0,0,0,0.016043,0,0,0,0,0,0,0.10294,0,0,0,0,0,0,0.10428,0.77273,0,0,0,0,0,0.016043,0,0,0,0,0,0,0.096257,0,0,0,0,0,0,0.11497,0.88636,0,0,0,0,0,0.076203,0,0,0,0,0,0,0.012032,0,0,0,0,0,0,0.025401
0.92246,0,0,0,0,0,0.029412,0,0,0,0,0,0,0.03877,0,0,0,0,0,0,0.0093583,0.82086,0,0,0,0,0,0.018717,0,0,0,0,0,0,0.088235,0,0,0,0,0,0,0.072193,0.81952,0,0,0,0,0,0.17112,0,0,0,0,0,0,0.0093583,0,0,0,0,0,0,0,0.99198,0,0,0,0,0,0.0080214,0,0,0,0,0,0,0,0,0,0,0,0,0,0,0.52941,0,0,0,0,0,0.032086,0,0,0,0,0,0,0.13503,0,0,0,0,0,0,0.30348,0.01738,0,0,0,0,0,0.16176,0,0,0,0,0,0,0.22326,0,0,0,0,0,0,0.59759,0.50401,0,0,0,0,0,0.45321,0,0,0,0,0,0,0.042781,0,0,0,0,0,0,0,0.82888,0,0,0,0,0,0.16578,0,0,0,0,0,0,0.0053476,0,0,0,0,0,0,0,0.52941,0,0,0,0,0,0,0,0,0,0,0,0,0.05615,0,0,0,0,0,0,0.41444,0.032086,0,0,0,0,0,0.066845,0,0,0,0,0,0,0.27406,0,0,0,0,0,0,0.62701,0.62433,0,0,0,0,0,0.35963,0,0,0,0,0,0,0.016043,0,0,0,0,0,0,0,0.97995,0,0,0,0,0,0.020053,0,0,0,0,0,0,0,0,0,0,0,0,0,0,0.89305,0,0,0,0,0,0,0,0,0,0,0,0,0.03877,0,0,0,0,0,0,0.068182,0.77273,0,0,0,0,0,0.020053,0,0,0,0,0,0,0.033422,0,0,0,0,0,0,0.1738,0.8984,0,0,0,0,0,0.054813,0,0,0,0,0,0,0.046791,0,0,0,0,0,0,0,0.9746,0,0,0,0,0,0.022727,0,0,0,0,0,0,0.0026738,0,0,0,0,0,0,0
1,0,0,0,0,0,0,0,0,0,0,0,0,0,0,0,0,0,0,0,0,0.86497,0,0,0,0,0,0.037433,0,0,0,0,0,0,0.034759,0,0,0,0,0,0,0.062834,0.81818,0,0,0,0,0,0,0,0,0,0,0,0,0.034759,0,0,0,0,0,0,0.14706,0.92914,0,0,0,0,0,0.041444,0,0,0,0,0,0,0.026738,0,0,0,0,0,0,0.0026738,1,0,0,0,0,0,0,0,0,0,0,0,0,0,0,0,0,0,0,0,0,0.23529,0,0,0,0,0,0.18583,0,0,0,0,0,0,0.2393,0,0,0,0,0,0,0.33957,0.0053476,0,0,0,0,0,0.090909,0,0,0,0,0,0,0.45053,0,0,0,0,0,0,0.45321,0.59358,0,0,0,0,0,0.2139,0,0,0,0,0,0,0.1885,0,0,0,0,0,0,0.0040107,1,0,0,0,0,0,0,0,0,0,0,0,0,0,0,0,0,0,0,0,0,0.24866,0,0,0,0,0,0.1484,0,0,0,0,0,0,0.11096,0,0,0,0,0,0,0.49198,0,0,0,0,0,0,0.032086,0,0,0,0,0,0,0.2393,0,0,0,0,0,0,0.72861,0.57888,0,0,0,0,0,0.20989,0,0,0,0,0,0,0.18717,0,0,0,0,0,0,0.024064,1,0,0,0,0,0,0,0,0,0,0,0,0,0,0,0,0,0,0,0,0,0.83422,0,0,0,0,0,0.029412,0,0,0,0,0,0,0.025401,0,0,0,0,0,0,0.11096,0.77273,0,0,0,0,0,0,0,0,0,0,0,0,0,0,0,0,0,0,0,0.22727,0.87834,0,0,0,0,0,0.074866,0,0,0,0,0,0,0.028075,0,0,0,0,0,0,0.018717
0.91444,0,0,0,0,0,0.013369,0,0,0,0,0,0,0.053476,0,0,0,0,0,0,0.018717,0.81818,0,0,0,0,0,0.0040107,0,0,0,0,0,0,0.081551,0,0,0,0,0,0,0.096257,0.91711,0,0,0,0,0,0.037433,0,0,0,0,0,0,0.034759,0,0,0,0,0,0,0.010695,1,0,0,0,0,0,0,0,0,0,0,0,0,0,0,0,0,0,0,0,0,0.52941,0,0,0,0,0,0.10561,0,0,0,0,0,0,0.23262,0,0,0,0,0,0,0.13235,0,0,0,0,0,0,0.12968,0,0,0,0,0,0,0.52273,0,0,0,0,0,0,0.34759,0.27941,0,0,0,0,0,0.39572,0,0,0,0,0,0,0.22995,0,0,0,0,0,0,0.09492,1,0,0,0,0,0,0,0,0,0,0,0,0,0,0,0,0,0,0,0,0,0.66043,0,0,0,0,0,0.19385,0,0,0,0,0,0,0.12701,0,0,0,0,0,0,0.018717,0,0,0,0,0,0,0,0,0,0,0,0,0,0.12968,0,0,0,0,0,0,0.87032,0.25936,0,0,0,0,0,0.3877,0,0,0,0,0,0,0.1123,0,0,0,0,0,0,0.24064,1,0,0,0,0,0,0,0,0,0,0,0,0,0,0,0,0,0,0,0,0,0.9385,0,0,0,0,0,0.041444,0,0,0,0,0,0,0.013369,0,0,0,0,0,0,0.0066845,0.77273,0,0,0,0,0,0,0,0,0,0,0,0,0.018717,0,0,0,0,0,0,0.20856,0.8262,0,0,0,0,0,0.086898,0,0,0,0,0,0,0.026738,0,0,0,0,0,0,0.06016,1,0,0,0,0,0,0,0,0,0,0,0,0,0,0,0,0,0,0,0,0
0.97326,0,0,0,0,0,0.026738,0,0,0,0,0,0,0,0,0,0,0,0,0,0,0.85963,0,0,0,0,0,0.086898,0,0,0,0,0,0,0.048128,0,0,0,0,0,0,0.0053476,0.84759,0,0,0,0,0,0.073529,0,0,0,0,0,0,0.068182,0,0,0,0,0,0,0.010695,0.94519,0,0,0,0,0,0.037433,0,0,0,0,0,0,0.01738,0,0,0,0,0,0,0,0.82353,0,0,0,0,0,0.17647,0,0,0,0,0,0,0,0,0,0,0,0,0,0,0.037433,0,0,0,0,0,0.22861,0,0,0,0,0,0,0.58957,0,0,0,0,0,0,0.14439,0.068182,0,0,0,0,0,0.20856,0,0,0,0,0,0,0.41043,0,0,0,0,0,0,0.31283,0.64973,0,0,0,0,0,0.21257,0,0,0,0,0,0,0.1377,0,0,0,0,0,0,0,0.7861,0,0,0,0,0,0.2139,0,0,0,0,0,0,0,0,0,0,0,0,0,0,0.010695,0,0,0,0,0,0.11631,0,0,0,0,0,0,0.38904,0,0,0,0,0,0,0.48396,0.030749,0,0,0,0,0,0.054813,0,0,0,0,0,0,0.50267,0,0,0,0,0,0,0.41176,0.71791,0,0,0,0,0,0.11898,0,0,0,0,0,0,0.1631,0,0,0,0,0,0,0,0.95455,0,0,0,0,0,0.045455,0,0,0,0,0,0,0,0,0,0,0,0,0,0,0.78342,0,0,0,0,0,0.0053476,0,0,0,0,0,0,0.041444,0,0,0,0,0,0,0.16979,0.77273,0,0,0,0,0,0.016043,0,0,0,0,0,0,0.066845,0,0,0,0,0,0,0.14439,0.95321,0,0,0,0,0,0,0,0,0,0,0,0,0.046791,0,0,0,0,0,0,0
0.91444,0,0,0,0,0,0.0066845,0,0,0,0,0,0,0.044118,0,0,0,0,0,0,0.034759,0.81818,0,0,0,0,0,0.0053476,0,0,0,0,0,0,0.042781,0,0,0,0,0,0,0.13369,0.94652,0,0,0,0,0,0.033422,0,0,0,0,0,0,0.020053,0,0,0,0,0,0,0,1,0,0,0,0,0,0,0,0,0,0,0,0,0,0,0,0,0,0,0,0,0.52941,0,0,0,0,0,0.0013369,0,0,0,0,0,0,0.15508,0,0,0,0,0,0,0.31417,0,0,0,0,0,0,0.028075,0,0,0,0,0,0,0.14572,0,0,0,0,0,0,0.8262,0.58824,0,0,0,0,0,0.24599,0,0,0,0,0,0,0.1631,0,0,0,0,0,0,0.0026738,1,0,0,0,0,0,0,0,0,0,0,0,0,0,0,0,0,0,0,0,0,0.52941,0,0,0,0,0,0,0,0,0,0,0,0,0.050802,0,0,0,0,0,0,0.41979,0,0,0,0,0,0,0.033422,0,0,0,0,0,0,0.09492,0,0,0,0,0,0,0.87166,0.63503,0,0,0,0,0,0.31016,0,0,0,0,0,0,0.054813,0,0,0,0,0,0,0,1,0,0,0,0,0,0,0,0,0,0,0,0,0,0,0,0,0,0,0,0,0.89305,0,0,0,0,0,0,0,0,0,0,0,0,0.03877,0,0,0,0,0,0,0.068182,0.77273,0,0,0,0,0,0.0026738,0,0,0,0,0,0,0.061497,0,0,0,0,0,0,0.1631,0.94251,0,0,0,0,0,0.02139,0,0,0,0,0,0,0.034759,0,0,0,0,0,0,0.0013369,1,0,0,0,0,0,0,0,0,0,0,0,0,0,0,0,0,0,0,0,0
1,0,0,0,0,0,0,0,0,0,0,0,0,0,0,0,0,0,0,0,0,0.96791,0,0,0,0,0,0.024064,0,0,0,0,0,0,0.0080214,0,0,0,0,0,0,0,0.81818,0,0,0,0,0,0.0026738,0,0,0,0,0,0,0.12433,0,0,0,0,0,0,0.054813,0.8984,0,0,0,0,0,0.0013369,0,0,0,0,0,0,0.03877,0,0,0,0,0,0,0.061497,1,0,0,0,0,0,0,0,0,0,0,0,0,0,0,0,0,0,0,0,0,0.78075,0,0,0,0,0,0.13369,0,0,0,0,0,0,0.064171,0,0,0,0,0,0,0.02139,0,0,0,0,0,0,0.02139,0,0,0,0,0,0,0.40374,0,0,0,0,0,0,0.57487,0.44118,0,0,0,0,0,0.0093583,0,0,0,0,0,0,0.20588,0,0,0,0,0,0,0.34358,1,0,0,0,0,0,0,0,0,0,0,0,0,0,0,0,0,0,0,0,0,0.76337,0,0,0,0,0,0.1631,0,0,0,0,0,0,0.040107,0,0,0,0,0,0,0.033422,0,0,0,0,0,0,0.0053476,0,0,0,0,0,0,0.090909,0,0,0,0,0,0,0.90374,0.44118,0,0,0,0,0,0.0026738,0,0,0,0,0,0,0.054813,0,0,0,0,0,0,0.50134,1,0,0,0,0,0,0,0,0,0,0,0,0,0,0,0,0,0,0,0,0,0.94652,0,0,0,0,0,0.033422,0,0,0,0,0,0,0.0066845,0,0,0,0,0,0,0.013369,0.77273,0,0,0,0,0,0,0,0,0,0,0,0,0.025401,0,0,0,0,0,0,0.20187,0.87433,0,0,0,0,0,0.0026738,0,0,0,0,0,0,0.016043,0,0,0,0,0,0,0.10695
1,0,0,0,0,0,0,0,0,0,0,0,0,0,0,0,0,0,0,0,0,0.84492,0,0,0,0,0,0.032086,0,0,0,0,0,0,0.10829,0,0,0,0,0,0,0.014706,0.81818,0,0,0,0,0,0.049465,0,0,0,0,0,0,0.12701,0,0,0,0,0,0,0.0053476,0.95989,0,0,0,0,0,0.040107,0,0,0,0,0,0,0,0,0,0,0,0,0,0,0.89439,0,0,0,0,0,0.10561,0,0,0,0,0,0,0,0,0,0,0,0,0,0,0.065508,0,0,0,0,0,0.21925,0,0,0,0,0,0,0.36364,0,0,0,0,0,0,0.3516,0.018717,0,0,0,0,0,0.18316,0,0,0,0,0,0,0.55481,0,0,0,0,0,0,0.24332,0.77807,0,0,0,0,0,0.16979,0,0,0,0,0,0,0.052139,0,0,0,0,0,0,0,0.99332,0,0,0,0,0,0.0066845,0,0,0,0,0,0,0,0,0,0,0,0,0,0,0.10294,0,0,0,0,0,0.11631,0,0,0,0,0,0,0.28476,0,0,0,0,0,0,0.49599,0.0066845,0,0,0,0,0,0.10963,0,0,0,0,0,0,0.2861,0,0,0,0,0,0,0.59759,0.73663,0,0,0,0,0,0.082888,0,0,0,0,0,0,0.18048,0,0,0,0,0,0,0,1,0,0,0,0,0,0,0,0,0,0,0,0,0,0,0,0,0,0,0,0,0.79278,0,0,0,0,0,0.02139,0,0,0,0,0,0,0.03877,0,0,0,0,0,0,0.14706,0.77273,0,0,0,0,0,0,0,0,0,0,0,0,0.010695,0,0,0,0,0,0,0.21658,0.93316,0,0,0,0,0,0.013369,0,0,0,0,0,0,0.050802,0,0,0,0,0,0,0.0026738
0.91444,0,0,0,0,0,0.054813,0,0,0,0,0,0,0.01738,0,0,0,0,0,0,0.013369,0.81818,0,0,0,0,0,0.049465,0,0,0,0,0,0,0.065508,0,0,0,0,0,0,0.066845,0.88904,0,0,0,0,0,0.032086,0,0,0,0,0,0,0.066845,0,0,0,0,0,0,0.012032,1,0,0,0,0,0,0,0,0,0,0,0,0,0,0,0,0,0,0,0,0,0.52941,0,0,0,0,0,0.054813,0,0,0,0,0,0,0.26738,0,0,0,0,0,0,0.1484,0.0013369,0,0,0,0,0,0.10027,0,0,0,0,0,0,0.48663,0,0,0,0,0,0,0.41176,0.25267,0,0,0,0,0,0.3369,0,0,0,0,0,0,0.20856,0,0,0,0,0,0,0.20187,1,0,0,0,0,0,0,0,0,0,0,0,0,0,0,0,0,0,0,0,0,0.52941,0,0,0,0,0,0,0,0,0,0,0,0,0.25,0,0,0,0,0,0,0.22059,0,0,0,0,0,0,0.012032,0,0,0,0,0,0,0.25,0,0,0,0,0,0,0.73797,0.19251,0,0,0,0,0,0.31684,0,0,0,0,0,0,0.18449,0,0,0,0,0,0,0.30615,1,0,0,0,0,0,0,0,0,0,0,0,0,0,0,0,0,0,0,0,0,0.89305,0,0,0,0,0,0,0,0,0,0,0,0,0.034759,0,0,0,0,0,0,0.072193,0.77273,0,0,0,0,0,0,0,0,0,0,0,0,0.014706,0,0,0,0,0,0,0.21257,0.81952,0,0,0,0,0,0.065508,0,0,0,0,0,0,0.044118,0,0,0,0,0,0,0.070856,1,0,0,0,0,0,0,0,0,0,0,0,0,0,0,0,0,0,0,0,0
0.91444,0,0,0,0,0,0.014706,0,0,0,0,0,0,0.044118,0,0,0,0,0,0,0.026738,0.82353,0,0,0,0,0,0.026738,0,0,0,0,0,0,0.037433,0,0,0,0,0,0,0.1123,0.93717,0,0,0,0,0,0.062834,0,0,0,0,0,0,0,0,0,0,0,0,0,0,0.91711,0,0,0,0,0,0.082888,0,0,0,0,0,0,0,0,0,0,0,0,0,0,0.52941,0,0,0,0,0,0.0053476,0,0,0,0,0,0,0.12166,0,0,0,0,0,0,0.34358,0,0,0,0,0,0,0.16979,0,0,0,0,0,0,0.31952,0,0,0,0,0,0,0.5107,0.50936,0,0,0,0,0,0.45053,0,0,0,0,0,0,0.040107,0,0,0,0,0,0,0,0.98663,0,0,0,0,0,0.013369,0,0,0,0,0,0,0,0,0,0,0,0,0,0,0.52941,0,0,0,0,0,0,0,0,0,0,0,0,0.086898,0,0,0,0,0,0,0.38369,0.0066845,0,0,0,0,0,0.15374,0,0,0,0,0,0,0.09492,0,0,0,0,0,0,0.74465,0.76738,0,0,0,0,0,0.23262,0,0,0,0,0,0,0,0,0,0,0,0,0,0,0.99866,0,0,0,0,0,0.0013369,0,0,0,0,0,0,0,0,0,0,0,0,0,0,0.89305,0,0,0,0,0,0,0,0,0,0,0,0,0.02139,0,0,0,0,0,0,0.085561,0.7754,0,0,0,0,0,0.03877,0,0,0,0,0,0,0.01738,0,0,0,0,0,0,0.16845,0.95989,0,0,0,0,0,0.037433,0,0,0,0,0,0,0.0026738,0,0,0,0,0,0,0,1,0,0,0,0,0,0,0,0,0,0,0,0,0,0,0,0,0,0,0,0
0.91444,0,0,0,0,0,0.018717,0,0,0,0,0,0,0.066845,0,0,0,0,0,0,0,0.90642,0,0,0,0,0,0.081551,0,0,0,0,0,0,0.012032,0,0,0,0,0,0,0,0.81818,0,0,0,0,0,0.046791,0,0,0,0,0,0,0.10294,0,0,0,0,0,0,0.032086,0.90241,0,0,0,0,0,0.033422,0,0,0,0,0,0,0.058824,0,0,0,0,0,0,0.0053476,0.70989,0,0,0,0,0,0.22059,0,0,0,0,0,0,0.069519,0,0,0,0,0,0,0,0.53342,0,0,0,0,0,0.41176,0,0,0,0,0,0,0.032086,0,0,0,0,0,0,0.022727,0,0,0,0,0,0,0.03877,0,0,0,0,0,0,0.31818,0,0,0,0,0,0,0.64305,0.44118,0,0,0,0,0,0.010695,0,0,0,0,0,0,0.15642,0,0,0,0,0,0,0.39171,1,0,0,0,0,0,0,0,0,0,0,0,0,0,0,0,0,0,0,0,0,0.7246,0,0,0,0,0,0.18717,0,0,0,0,0,0,0.058824,0,0,0,0,0,0,0.029412,0,0,0,0,0,0,0.0040107,0,0,0,0,0,0,0.20455,0,0,0,0,0,0,0.79144,0.44118,0,0,0,0,0,0,0,0,0,0,0,0,0.10963,0,0,0,0,0,0,0.4492,1,0,0,0,0,0,0,0,0,0,0,0,0,0,0,0,0,0,0,0,0,0.93316,0,0,0,0,0,0.046791,0,0,0,0,0,0,0.013369,0,0,0,0,0,0,0.0066845,0.77273,0,0,0,0,0,0,0,0,0,0,0,0,0.058824,0,0,0,0,0,0,0.16845,0.87299,0,0,0,0,0,0.0080214,0,0,0,0,0,0,0.049465,0,0,0,0,0,0,0.069519
0.93182,0,0,0,0,0,0.068182,0,0,0,0,0,0,0,0,0,0,0,0,0,0,0.83824,0,0,0,0,0,0.072193,0,0,0,0,0,0,0.020053,0,0,0,0,0,0,0.069519,0.81818,0,0,0,0,0,0.0040107,0,0,0,0,0,0,0.034759,0,0,0,0,0,0,0.14305,0.95856,0,0,0,0,0,0.026738,0,0,0,0,0,0,0.010695,0,0,0,0,0,0,0.0040107,0.80749,0,0,0,0,0,0.19251,0,0,0,0,0,0,0,0,0,0,0,0,0,0,0.028075,0,0,0,0,0,0.24332,0,0,0,0,0,0,0.26738,0,0,0,0,0,0,0.46123,0,0,0,0,0,0,0.078877,0,0,0,0,0,0,0.26738,0,0,0,0,0,0,0.65374,0.69652,0,0,0,0,0,0.15642,0,0,0,0,0,0,0.12968,0,0,0,0,0,0,0.01738,1,0,0,0,0,0,0,0,0,0,0,0,0,0,0,0,0,0,0,0,0,0.15107,0,0,0,0,0,0.049465,0,0,0,0,0,0,0.28075,0,0,0,0,0,0,0.51872,0,0,0,0,0,0,0.010695,0,0,0,0,0,0,0.21658,0,0,0,0,0,0,0.77273,0.6885,0,0,0,0,0,0.11096,0,0,0,0,0,0,0.20053,0,0,0,0,0,0,0,1,0,0,0,0,0,0,0,0,0,0,0,0,0,0,0,0,0,0,0,0,0.80749,0,0,0,0,0,0.0053476,0,0,0,0,0,0,0.040107,0,0,0,0,0,0,0.14706,0.77273,0,0,0,0,0,0.010695,0,0,0,0,0,0,0.022727,0,0,0,0,0,0,0.19385,0.92112,0,0,0,0,0,0.041444,0,0,0,0,0,0,0.034759,0,0,0,0,0,0,0.0026738
0.91979,0,0,0,0,0,0.058824,0,0,0,0,0,0,0,0,0,0,0,0,0,0.02139,0.81818,0,0,0,0,0,0,0,0,0,0,0,0,0.0053476,0,0,0,0,0,0,0.17647,0.89305,0,0,0,0,0,0.03877,0,0,0,0,0,0,0.026738,0,0,0,0,0,0,0.041444,1,0,0,0,0,0,0,0,0,0,0,0,0,0,0,0,0,0,0,0,0,0.57086,0,0,0,0,0,0.12433,0,0,0,0,0,0,0.12299,0,0,0,0,0,0,0.18182,0,0,0,0,0,0,0.0080214,0,0,0,0,0,0,0.25668,0,0,0,0,0,0,0.73529,0.24064,0,0,0,0,0,0.34492,0,0,0,0,0,0,0.22995,0,0,0,0,0,0,0.18449,0.99866,0,0,0,0,0,0.0013369,0,0,0,0,0,0,0,0,0,0,0,0,0,0,0.5762,0,0,0,0,0,0.09492,0,0,0,0,0,0,0.15107,0,0,0,0,0,0,0.17781,0,0,0,0,0,0,0.0053476,0,0,0,0,0,0,0.13904,0,0,0,0,0,0,0.85561,0.24599,0,0,0,0,0,0.2607,0,0,0,0,0,0,0.2246,0,0,0,0,0,0,0.26872,1,0,0,0,0,0,0,0,0,0,0,0,0,0,0,0,0,0,0,0,0,0.89305,0,0,0,0,0,0.032086,0,0,0,0,0,0,0.033422,0,0,0,0,0,0,0.041444,0.77273,0,0,0,0,0,0,0,0,0,0,0,0,0.13503,0,0,0,0,0,0,0.092246,0.82888,0,0,0,0,0,0.088235,0,0,0,0,0,0,0.065508,0,0,0,0,0,0,0.01738,1,0,0,0,0,0,0,0,0,0,0,0,0,0,0,0,0,0,0,0,0
0.91444,0,0,0,0,0,0,0,0,0,0,0,0,0.042781,0,0,0,0,0,0,0.042781,0.81952,0,0,0,0,0,0.025401,0,0,0,0,0,0,0.076203,0,0,0,0,0,0,0.078877,0.93449,0,0,0,0,0,0.065508,0,0,0,0,0,0,0,0,0,0,0,0,0,0,0.90909,0,0,0,0,0,0.05615,0,0,0,0,0,0,0.034759,0,0,0,0,0,0,0,0.52941,0,0,0,0,0,0,0,0,0,0,0,0,0.076203,0,0,0,0,0,0,0.39439,0.0026738,0,0,0,0,0,0.12166,0,0,0,0,0,0,0.30882,0,0,0,0,0,0,0.56684,0.49332,0,0,0,0,0,0.50535,0,0,0,0,0,0,0.0013369,0,0,0,0,0,0,0,0.83155,0,0,0,0,0,0.14706,0,0,0,0,0,0,0.02139,0,0,0,0,0,0,0,0.52941,0,0,0,0,0,0.03877,0,0,0,0,0,0,0.23128,0,0,0,0,0,0,0.20053,0.013369,0,0,0,0,0,0.17246,0,0,0,0,0,0,0.39572,0,0,0,0,0,0,0.41845,0.98262,0,0,0,0,0,0.01738,0,0,0,0,0,0,0,0,0,0,0,0,0,0,0.98396,0,0,0,0,0,0.016043,0,0,0,0,0,0,0,0,0,0,0,0,0,0,0.89305,0,0,0,0,0,0,0,0,0,0,0,0,0.042781,0,0,0,0,0,0,0.064171,0.77807,0,0,0,0,0,0.020053,0,0,0,0,0,0,0.1016,0,0,0,0,0,0,0.10027,0.98262,0,0,0,0,0,0.01738,0,0,0,0,0,0,0,0,0,0,0,0,0,0,1,0,0,0,0,0,0,0,0,0,0,0,0,0,0,0,0,0,0,0,0
1,0,0,0,0,0,0,0,0,0,0,0,0,0,0,0,0,0,0,0,0,0.86497,0,0,0,0,0,0.065508,0,0,0,0,0,0,0.066845,0,0,0,0,0,0,0.0026738,0.83289,0,0,0,0,0,0.054813,0,0,0,0,0,0,0.061497,0,0,0,0,0,0,0.050802,0.91176,0,0,0,0,0,0.053476,0,0,0,0,0,0,0.034759,0,0,0,0,0,0,0,1,0,0,0,0,0,0,0,0,0,0,0,0,0,0,0,0,0,0,0,0,0.20989,0,0,0,0,0,0.31818,0,0,0,0,0,0,0.36497,0,0,0,0,0,0,0.10695,0.0066845,0,0,0,0,0,0.07754,0,0,0,0,0,0,0.16845,0,0,0,0,0,0,0.74733,0.4893,0,0,0,0,0,0.12299,0,0,0,0,0,0,0.21257,0,0,0,0,0,0,0.17513,0.95053,0,0,0,0,0,0.049465,0,0,0,0,0,0,0,0,0,0,0,0,0,0,0.070856,0,0,0,0,0,0.29011,0,0,0,0,0,0,0.34492,0,0,0,0,0,0,0.29412,0,0,0,0,0,0,0,0,0,0,0,0,0,0.10963,0,0,0,0,0,0,0.89037,0.46524,0,0,0,0,0,0.10027,0,0,0,0,0,0,0.2139,0,0,0,0,0,0,0.22059,0.98663,0,0,0,0,0,0.013369,0,0,0,0,0,0,0,0,0,0,0,0,0,0,0.78743,0,0,0,0,0,0.062834,0,0,0,0,0,0,0.09893,0,0,0,0,0,0,0.050802,0.77273,0,0,0,0,0,0.0093583,0,0,0,0,0,0,0.090909,0,0,0,0,0,0,0.12701,0.87968,0,0,0,0,0,0.034759,0,0,0,0,0,0,0.03877,0,0,0,0,0,0,0.046791
0.91444,0,0,0,0,0,0.013369,0,0,0,0,0,0,0.061497,0,0,0,0,0,0,0.010695,0.82888,0,0,0,0,0,0.062834,0,0,0,0,0,0,0.090909,0,0,0,0,0,0,0.01738,0.92112,0,0,0,0,0,0.066845,0,0,0,0,0,0,0.0066845,0,0,0,0,0,0,0.0053476,1,0,0,0,0,0,0,0,0,0,0,0,0,0,0,0,0,0,0,0,0,0.53075,0,0,0,0,0,0.033422,0,0,0,0,0,0,0.23396,0,0,0,0,0,0,0.20187,0.0066845,0,0,0,0,0,0.082888,0,0,0,0,0,0,0.50401,0,0,0,0,0,0,0.40642,0.28476,0,0,0,0,0,0.27941,0,0,0,0,0,0,0.18984,0,0,0,0,0,0,0.24599,0.79813,0,0,0,0,0,0.01738,0,0,0,0,0,0,0.048128,0,0,0,0,0,0,0.13636,0.54679,0,0,0,0,0,0.10963,0,0,0,0,0,0,0.24465,0,0,0,0,0,0,0.09893,0.0080214,0,0,0,0,0,0.11631,0,0,0,0,0,0,0.54011,0,0,0,0,0,0,0.33556,0.20989,0,0,0,0,0,0.38636,0,0,0,0,0,0,0.3115,0,0,0,0,0,0,0.092246,0.77005,0,0,0,0,0,0.06016,0,0,0,0,0,0,0.1631,0,0,0,0,0,0,0.0066845,0.90642,0,0,0,0,0,0.025401,0,0,0,0,0,0,0.066845,0,0,0,0,0,0,0.0013369,0.77941,0,0,0,0,0,0.049465,0,0,0,0,0,0,0.065508,0,0,0,0,0,0,0.10561,0.79011,0,0,0,0,0,0.032086,0,0,0,0,0,0,0.045455,0,0,0,0,0,0,0.13235,0.91711,0,0,0,0,0,0.082888,0,0,0,0,0,0,0,0,0,0,0,0,0,0
0.99599,0,0,0,0,0,0.0040107,0,0,0,0,0,0,0,0,0,0,0,0,0,0,0.82487,0,0,0,0,0,0.084225,0,0,0,0,0,0,0.074866,0,0,0,0,0,0,0.016043,0.81818,0,0,0,0,0,0.013369,0,0,0,0,0,0,0.084225,0,0,0,0,0,0,0.084225,0.9492,0,0,0,0,0,0.042781,0,0,0,0,0,0,0.0066845,0,0,0,0,0,0,0.0013369,0.89706,0,0,0,0,0,0.10294,0,0,0,0,0,0,0,0,0,0,0,0,0,0,0.0026738,0,0,0,0,0,0.20722,0,0,0,0,0,0,0.47193,0,0,0,0,0,0,0.31818,0,0,0,0,0,0,0.028075,0,0,0,0,0,0,0.30749,0,0,0,0,0,0,0.66444,0.66578,0,0,0,0,0,0.19652,0,0,0,0,0,0,0.1016,0,0,0,0,0,0,0.036096,0.88235,0,0,0,0,0,0.11765,0,0,0,0,0,0,0,0,0,0,0,0,0,0,0,0,0,0,0,0,0.11364,0,0,0,0,0,0,0.58289,0,0,0,0,0,0,0.30348,0,0,0,0,0,0,0.016043,0,0,0,0,0,0,0.42112,0,0,0,0,0,0,0.56283,0.4746,0,0,0,0,0,0.35027,0,0,0,0,0,0,0.09492,0,0,0,0,0,0,0.080214,0.9746,0,0,0,0,0,0.025401,0,0,0,0,0,0,0,0,0,0,0,0,0,0,0.77273,0,0,0,0,0,0.013369,0,0,0,0,0,0,0.10695,0,0,0,0,0,0,0.10695,0.77273,0,0,0,0,0,0.0026738,0,0,0,0,0,0,0.05615,0,0,0,0,0,0,0.16845,0.88102,0,0,0,0,0,0.078877,0,0,0,0,0,0,0.016043,0,0,0,0,0,0,0.024064
0.91444,0,0,0,0,0,0.0026738,0,0,0,0,0,0,0.014706,0,0,0,0,0,0,0.068182,0.81818,0,0,0,0,0,0.0026738,0,0,0,0,0,0,0.036096,0,0,0,0,0,0,0.14305,0.95989,0,0,0,0,0,0.037433,0,0,0,0,0,0,0.0026738,0,0,0,0,0,0,0,1,0,0,0,0,0,0,0,0,0,0,0,0,0,0,0,0,0,0,0,0,0.52941,0,0,0,0,0,0.089572,0,0,0,0,0,0,0.1885,0,0,0,0,0,0,0.19251,0,0,0,0,0,0,0.010695,0,0,0,0,0,0,0.28476,0,0,0,0,0,0,0.70455,0.66578,0,0,0,0,0,0.15374,0,0,0,0,0,0,0.17781,0,0,0,0,0,0,0.0026738,0.98262,0,0,0,0,0,0.01738,0,0,0,0,0,0,0,0,0,0,0,0,0,0,0.52941,0,0,0,0,0,0.014706,0,0,0,0,0,0,0.21925,0,0,0,0,0,0,0.23663,0,0,0,0,0,0,0.032086,0,0,0,0,0,0,0.25,0,0,0,0,0,0,0.71791,0.52807,0,0,0,0,0,0.23128,0,0,0,0,0,0,0.24064,0,0,0,0,0,0,0,0.82487,0,0,0,0,0,0.17513,0,0,0,0,0,0,0,0,0,0,0,0,0,0,0.89305,0,0,0,0,0,0,0,0,0,0,0,0,0.033422,0,0,0,0,0,0,0.073529,0.77273,0,0,0,0,0,0.0093583,0,0,0,0,0,0,0.064171,0,0,0,0,0,0,0.15374,0.86497,0,0,0,0,0,0.061497,0,0,0,0,0,0,0.073529,0,0,0,0,0,0,0,0.98663,0,0,0,0,0,0.013369,0,0,0,0,0,0,0,0,0,0,0,0,0,0
0.91444,0,0,0,0,0,0,0,0,0,0,0,0,0.020053,0,0,0,0,0,0,0.065508,0.81818,0,0,0,0,0,0,0,0,0,0,0,0,0.010695,0,0,0,0,0,0,0.17112,0.83556,0,0,0,0,0,0.025401,0,0,0,0,0,0,0.046791,0,0,0,0,0,0,0.092246,1,0,0,0,0,0,0,0,0,0,0,0,0,0,0,0,0,0,0,0,0,0.52941,0,0,0,0,0,0,0,0,0,0,0,0,0.088235,0,0,0,0,0,0,0.38235,0,0,0,0,0,0,0,0,0,0,0,0,0,0.020053,0,0,0,0,0,0,0.97995,0.085561,0,0,0,0,0,0.072193,0,0,0,0,0,0,0.38235,0,0,0,0,0,0,0.45989,1,0,0,0,0,0,0,0,0,0,0,0,0,0,0,0,0,0,0,0,0,0.60829,0,0,0,0,0,0.072193,0,0,0,0,0,0,0.15241,0,0,0,0,0,0,0.16711,0.026738,0,0,0,0,0,0.25,0,0,0,0,0,0,0.11631,0,0,0,0,0,0,0.60695,0.21257,0,0,0,0,0,0.23128,0,0,0,0,0,0,0.23663,0,0,0,0,0,0,0.31952,1,0,0,0,0,0,0,0,0,0,0,0,0,0,0,0,0,0,0,0,0,1,0,0,0,0,0,0,0,0,0,0,0,0,0,0,0,0,0,0,0,0,0.80615,0,0,0,0,0,0.19385,0,0,0,0,0,0,0,0,0,0,0,0,0,0,0.87299,0,0,0,0,0,0.12032,0,0,0,0,0,0,0.0066845,0,0,0,0,0,0,0,1,0,0,0,0,0,0,0,0,0,0,0,0,0,0,0,0,0,0,0,0
0.91444,0,0,0,0,0,0.01738,0,0,0,0,0,0,0.020053,0,0,0,0,0,0,0.048128,0.81818,0,0,0,0,0,0,0,0,0,0,0,0,0.0026738,0,0,0,0,0,0,0.17914,0.83824,0,0,0,0,0,0.034759,0,0,0,0,0,0,0.048128,0,0,0,0,0,0,0.078877,1,0,0,0,0,0,0,0,0,0,0,0,0,0,0,0,0,0,0,0,0,0.52941,0,0,0,0,0,0.05615,0,0,0,0,0,0,0.16578,0,0,0,0,0,0,0.24866,0,0,0,0,0,0,0,0,0,0,0,0,0,0,0,0,0,0,0,0,1,0.10695,0,0,0,0,0,0.22059,0,0,0,0,0,0,0.34225,0,0,0,0,0,0,0.33021,0.99599,0,0,0,0,0,0.0040107,0,0,0,0,0,0,0,0,0,0,0,0,0,0,0.59759,0,0,0,0,0,0.16578,0,0,0,0,0,0,0.13102,0,0,0,0,0,0,0.10561,0.090909,0,0,0,0,0,0.2246,0,0,0,0,0,0,0.28476,0,0,0,0,0,0,0.39973,0.23663,0,0,0,0,0,0.22326,0,0,0,0,0,0,0.23663,0,0,0,0,0,0,0.30348,0.99599,0,0,0,0,0,0.0040107,0,0,0,0,0,0,0,0,0,0,0,0,0,0,1,0,0,0,0,0,0,0,0,0,0,0,0,0,0,0,0,0,0,0,0,0.99733,0,0,0,0,0,0.0026738,0,0,0,0,0,0,0,0,0,0,0,0,0,0,0.93583,0,0,0,0,0,0.0080214,0,0,0,0,0,0,0.018717,0,0,0,0,0,0,0.037433,1,0,0,0,0,0,0,0,0,0,0,0,0,0,0,0,0,0,0,0,0
1,0,0,0,0,0,0,0,0,0,0,0,0,0,0,0,0,0,0,0,0,0.83957,0,0,0,0,0,0.12567,0,0,0,0,0,0,0.034759,0,0,0,0,0,0,0,0.82487,0,0,0,0,0,0.037433,0,0,0,0,0,0,0.096257,0,0,0,0,0,0,0.041444,0.90508,0,0,0,0,0,0.028075,0,0,0,0,0,0,0.054813,0,0,0,0,0,0,0.012032,0.95588,0,0,0,0,0,0.044118,0,0,0,0,0,0,0,0,0,0,0,0,0,0,0.068182,0,0,0,0,0,0.53877,0,0,0,0,0,0,0.28743,0,0,0,0,0,0,0.10561,0,0,0,0,0,0,0.040107,0,0,0,0,0,0,0.53209,0,0,0,0,0,0,0.42781,0.47995,0,0,0,0,0,0.10695,0,0,0,0,0,0,0.29813,0,0,0,0,0,0,0.11497,0.91176,0,0,0,0,0,0.088235,0,0,0,0,0,0,0,0,0,0,0,0,0,0,0.010695,0,0,0,0,0,0.39037,0,0,0,0,0,0,0.47995,0,0,0,0,0,0,0.11898,0,0,0,0,0,0,0.041444,0,0,0,0,0,0,0.47059,0,0,0,0,0,0,0.48797,0.59759,0,0,0,0,0,0.16845,0,0,0,0,0,0,0.19251,0,0,0,0,0,0,0.041444,0.97995,0,0,0,0,0,0.020053,0,0,0,0,0,0,0,0,0,0,0,0,0,0,0.77674,0,0,0,0,0,0.09893,0,0,0,0,0,0,0.050802,0,0,0,0,0,0,0.073529,0.77273,0,0,0,0,0,0.0013369,0,0,0,0,0,0,0.07754,0,0,0,0,0,0,0.1484,0.93583,0,0,0,0,0,0.030749,0,0,0,0,0,0,0.029412,0,0,0,0,0,0,0.0040107
0.91444,0,0,0,0,0,0.0013369,0,0,0,0,0,0,0.025401,0,0,0,0,0,0,0.058824,0.81818,0,0,0,0,0,0.0080214,0,0,0,0,0,0,0.12299,0,0,0,0,0,0,0.050802,0.87567,0,0,0,0,0,0.058824,0,0,0,0,0,0,0.062834,0,0,0,0,0,0,0.0026738,1,0,0,0,0,0,0,0,0,0,0,0,0,0,0,0,0,0,0,0,0,0.52941,0,0,0,0,0,0.058824,0,0,0,0,0,0,0.24332,0,0,0,0,0,0,0.16845,0,0,0,0,0,0,0.052139,0,0,0,0,0,0,0.49866,0,0,0,0,0,0,0.4492,0.42647,0,0,0,0,0,0.40241,0,0,0,0,0,0,0.17112,0,0,0,0,0,0,0,1,0,0,0,0,0,0,0,0,0,0,0,0,0,0,0,0,0,0,0,0,0.52941,0,0,0,0,0,0.080214,0,0,0,0,0,0,0.15642,0,0,0,0,0,0,0.23396,0.0040107,0,0,0,0,0,0.090909,0,0,0,0,0,0,0.32754,0,0,0,0,0,0,0.57754,0.65909,0,0,0,0,0,0.34091,0,0,0,0,0,0,0,0,0,0,0,0,0,0,1,0,0,0,0,0,0,0,0,0,0,0,0,0,0,0,0,0,0,0,0,0.89305,0,0,0,0,0,0.013369,0,0,0,0,0,0,0.042781,0,0,0,0,0,0,0.050802,0.77273,0,0,0,0,0,0.033422,0,0,0,0,0,0,0.040107,0,0,0,0,0,0,0.15374,0.92647,0,0,0,0,0,0.073529,0,0,0,0,0,0,0,0,0,0,0,0,0,0,1,0,0,0,0,0,0,0,0,0,0,0,0,0,0,0,0,0,0,0,0
