1,0,0,0,0,0,0,0,0,0,0,0,0,0,0,0,0,0,0,0,0,0.93939,0,0,0,0,0,0.030303,0,0,0,0,0,0,0.010606,0,0,0,0,0,0,0.019697,0.81818,0,0,0,0,0,0.0030303,0,0,0,0,0,0,0.031818,0,0,0,0,0,0,0.14697,0.90909,0,0,0,0,0,0,0,0,0,0,0,0,0.0015152,0,0,0,0,0,0,0.089394,0.76364,0,0,0,0,0,0.19242,0,0,0,0,0,0,0.043939,0,0,0,0,0,0,0,0.31667,0,0,0,0,0,0.46515,0,0,0,0,0,0,0.15303,0,0,0,0,0,0,0.065152,0,0,0,0,0,0,0.039394,0,0,0,0,0,0,0.29697,0,0,0,0,0,0,0.66364,0.5,0,0,0,0,0,0,0,0,0,0,0,0,0.2,0,0,0,0,0,0,0.3,0.82424,0,0,0,0,0,0.14848,0,0,0,0,0,0,0.027273,0,0,0,0,0,0,0,0.26667,0,0,0,0,0,0.35606,0,0,0,0,0,0,0.23182,0,0,0,0,0,0,0.14545,0,0,0,0,0,0,0.0030303,0,0,0,0,0,0,0.16818,0,0,0,0,0,0,0.82879,0.5,0,0,0,0,0,0,0,0,0,0,0,0,0.086364,0,0,0,0,0,0,0.41364,0.93636,0,0,0,0,0,0.063636,0,0,0,0,0,0,0,0,0,0,0,0,0,0,0.79091,0,0,0,0,0,0.12879,0,0,0,0,0,0,0.05,0,0,0,0,0,0,0.030303,0.77273,0,0,0,0,0,0.0090909,0,0,0,0,0,0,0.034848,0,0,0,0,0,0,0.18333,0.88636,0,0,0,0,0,0,0,0,0,0,0,0,0.0030303,0,0,0,0,0,0,0.11061
0.92727,0,0,0,0,0,0,0,0,0,0,0,0,0.0015152,0,0,0,0,0,0,0.071212,0.81818,0,0,0,0,0,0,0,0,0,0,0,0,0.021212,0,0,0,0,0,0,0.16061,0.93636,0,0,0,0,0,0.021212,0,0,0,0,0,0,0.027273,0,0,0,0,0,0,0.015152,0.91515,0,0,0,0,0,0.0075758,0,0,0,0,0,0,0.021212,0,0,0,0,0,0,0.056061,0.6,0,0,0,0,0,0.024242,0,0,0,0,0,0,0.10455,0,0,0,0,0,0,0.27121,0.016667,0,0,0,0,0,0.086364,0,0,0,0,0,0,0.32879,0,0,0,0,0,0,0.56818,0.56212,0,0,0,0,0,0.087879,0,0,0,0,0,0,0.22121,0,0,0,0,0,0,0.12879,0.58182,0,0,0,0,0,0.080303,0,0,0,0,0,0,0.28788,0,0,0,0,0,0,0.05,0.6,0,0,0,0,0,0,0,0,0,0,0,0,0.016667,0,0,0,0,0,0,0.38333,0.0030303,0,0,0,0,0,0.13788,0,0,0,0,0,0,0.30758,0,0,0,0,0,0,0.55152,0.53788,0,0,0,0,0,0.15758,0,0,0,0,0,0,0.15303,0,0,0,0,0,0,0.15152,0.69394,0,0,0,0,0,0.25909,0,0,0,0,0,0,0.045455,0,0,0,0,0,0,0.0015152,0.90909,0,0,0,0,0,0.0045455,0,0,0,0,0,0,0.0090909,0,0,0,0,0,0,0.077273,0.77273,0,0,0,0,0,0.0030303,0,0,0,0,0,0,0.059091,0,0,0,0,0,0,0.16515,0.93182,0,0,0,0,0,0.0030303,0,0,0,0,0,0,0.033333,0,0,0,0,0,0,0.031818,1,0,0,0,0,0,0,0,0,0,0,0,0,0,0,0,0,0,0,0,0
0.92727,0,0,0,0,0,0.072727,0,0,0,0,0,0,0,0,0,0,0,0,0,0,0.81818,0,0,0,0,0,0.10758,0,0,0,0,0,0,0.05,0,0,0,0,0,0,0.024242,0.8197,0,0,0,0,0,0.080303,0,0,0,0,0,0,0.075758,0,0,0,0,0,0,0.024242,0.91667,0,0,0,0,0,0.04697,0,0,0,0,0,0,0.018182,0,0,0,0,0,0,0.018182,0.6,0,0,0,0,0,0.36061,0,0,0,0,0,0,0.036364,0,0,0,0,0,0,0.0030303,0,0,0,0,0,0,0.49848,0,0,0,0,0,0,0.083333,0,0,0,0,0,0,0.41818,0,0,0,0,0,0,0.015152,0,0,0,0,0,0,0.3697,0,0,0,0,0,0,0.61515,0.54848,0,0,0,0,0,0.20303,0,0,0,0,0,0,0.13939,0,0,0,0,0,0,0.10909,0.6,0,0,0,0,0,0,0,0,0,0,0,0,0.030303,0,0,0,0,0,0,0.3697,0,0,0,0,0,0,0.11667,0,0,0,0,0,0,0.29091,0,0,0,0,0,0,0.59242,0,0,0,0,0,0,0,0,0,0,0,0,0,0.072727,0,0,0,0,0,0,0.92727,0.5,0,0,0,0,0,0,0,0,0,0,0,0,0.10303,0,0,0,0,0,0,0.39697,0.90909,0,0,0,0,0,0,0,0,0,0,0,0,0,0,0,0,0,0,0,0.090909,0.77576,0,0,0,0,0,0.034848,0,0,0,0,0,0,0.062121,0,0,0,0,0,0,0.12727,0.77273,0,0,0,0,0,0.0060606,0,0,0,0,0,0,0.042424,0,0,0,0,0,0,0.17879,0.88636,0,0,0,0,0,0,0,0,0,0,0,0,0,0,0,0,0,0,0,0.11364
1,0,0,0,0,0,0,0,0,0,0,0,0,0,0,0,0,0,0,0,0,0.96667,0,0,0,0,0,0.015152,0,0,0,0,0,0,0.016667,0,0,0,0,0,0,0.0015152,0.81818,0,0,0,0,0,0.0030303,0,0,0,0,0,0,0.0060606,0,0,0,0,0,0,0.17273,0.90909,0,0,0,0,0,0,0,0,0,0,0,0,0,0,0,0,0,0,0,0.090909,1,0,0,0,0,0,0,0,0,0,0,0,0,0,0,0,0,0,0,0,0,0.8,0,0,0,0,0,0.10909,0,0,0,0,0,0,0.087879,0,0,0,0,0,0,0.0030303,0,0,0,0,0,0,0,0,0,0,0,0,0,0,0,0,0,0,0,0,1,0.5,0,0,0,0,0,0,0,0,0,0,0,0,0.0015152,0,0,0,0,0,0,0.49848,1,0,0,0,0,0,0,0,0,0,0,0,0,0,0,0,0,0,0,0,0,0.80303,0,0,0,0,0,0.036364,0,0,0,0,0,0,0.11667,0,0,0,0,0,0,0.043939,0,0,0,0,0,0,0,0,0,0,0,0,0,0.05303,0,0,0,0,0,0,0.94697,0.5,0,0,0,0,0,0,0,0,0,0,0,0,0.039394,0,0,0,0,0,0,0.46061,1,0,0,0,0,0,0,0,0,0,0,0,0,0,0,0,0,0,0,0,0,0.96818,0,0,0,0,0,0.0090909,0,0,0,0,0,0,0.018182,0,0,0,0,0,0,0.0045455,0.77273,0,0,0,0,0,0.0030303,0,0,0,0,0,0,0.054545,0,0,0,0,0,0,0.1697,0.88636,0,0,0,0,0,0.033333,0,0,0,0,0,0,0.05,0,0,0,0,0,0,0.030303
0.92727,0,0,0,0,0,0,0,0,0,0,0,0,0,0,0,0,0,0,0,0.072727,0.8197,0,0,0,0,0,0.015152,0,0,0,0,0,0,0.080303,0,0,0,0,0,0,0.084848,0.81818,0,0,0,0,0,0.0060606,0,0,0,0,0,0,0.14394,0,0,0,0,0,0,0.031818,0.90909,0,0,0,0,0,0.066667,0,0,0,0,0,0,0.015152,0,0,0,0,0,0,0.0090909,0.6,0,0,0,0,0,0,0,0,0,0,0,0,0,0,0,0,0,0,0,0.4,0.013636,0,0,0,0,0,0.063636,0,0,0,0,0,0,0.25303,0,0,0,0,0,0,0.6697,0,0,0,0,0,0,0.033333,0,0,0,0,0,0,0.76515,0,0,0,0,0,0,0.20152,0.5,0,0,0,0,0,0.36515,0,0,0,0,0,0,0.13485,0,0,0,0,0,0,0,0.6,0,0,0,0,0,0.14242,0,0,0,0,0,0,0.019697,0,0,0,0,0,0,0.23788,0.034848,0,0,0,0,0,0.1697,0,0,0,0,0,0,0.34394,0,0,0,0,0,0,0.45152,0.12879,0,0,0,0,0,0.32121,0,0,0,0,0,0,0.34394,0,0,0,0,0,0,0.20606,0.51818,0,0,0,0,0,0.46667,0,0,0,0,0,0,0.015152,0,0,0,0,0,0,0,0.90909,0,0,0,0,0,0.090909,0,0,0,0,0,0,0,0,0,0,0,0,0,0,0.79091,0,0,0,0,0,0.20152,0,0,0,0,0,0,0.0075758,0,0,0,0,0,0,0,0.87576,0,0,0,0,0,0.10606,0,0,0,0,0,0,0.018182,0,0,0,0,0,0,0,0.95152,0,0,0,0,0,0.048485,0,0,0,0,0,0,0,0,0,0,0,0,0,0
0.93636,0,0,0,0,0,0.036364,0,0,0,0,0,0,0.025758,0,0,0,0,0,0,0.0015152,0.81818,0,0,0,0,0,0,0,0,0,0,0,0,0.056061,0,0,0,0,0,0,0.12576,0.81818,0,0,0,0,0,0,0,0,0,0,0,0,0.024242,0,0,0,0,0,0,0.15758,0.90909,0,0,0,0,0,0.012121,0,0,0,0,0,0,0.048485,0,0,0,0,0,0,0.030303,0.62727,0,0,0,0,0,0.042424,0,0,0,0,0,0,0.11667,0,0,0,0,0,0,0.21364,0.0090909,0,0,0,0,0,0.10152,0,0,0,0,0,0,0.39242,0,0,0,0,0,0,0.49697,0,0,0,0,0,0,0.016667,0,0,0,0,0,0,0.34848,0,0,0,0,0,0,0.63485,0.5,0,0,0,0,0,0.031818,0,0,0,0,0,0,0.1803,0,0,0,0,0,0,0.28788,0.61212,0,0,0,0,0,0.037879,0,0,0,0,0,0,0.35,0,0,0,0,0,0,0,0,0,0,0,0,0,0.35303,0,0,0,0,0,0,0.37273,0,0,0,0,0,0,0.27424,0.013636,0,0,0,0,0,0.15455,0,0,0,0,0,0,0.39545,0,0,0,0,0,0,0.43636,0.5,0,0,0,0,0,0.039394,0,0,0,0,0,0,0.17576,0,0,0,0,0,0,0.28485,0.91667,0,0,0,0,0,0,0,0,0,0,0,0,0.083333,0,0,0,0,0,0,0,0.77273,0,0,0,0,0,0,0,0,0,0,0,0,0.18485,0,0,0,0,0,0,0.042424,0.77727,0,0,0,0,0,0.080303,0,0,0,0,0,0,0.09697,0,0,0,0,0,0,0.045455,0.88636,0,0,0,0,0,0,0,0,0,0,0,0,0.054545,0,0,0,0,0,0,0.059091
0.92727,0,0,0,0,0,0.018182,0,0,0,0,0,0,0.045455,0,0,0,0,0,0,0.0090909,0.81818,0,0,0,0,0,0.0075758,0,0,0,0,0,0,0.080303,0,0,0,0,0,0,0.093939,0.81818,0,0,0,0,0,0.013636,0,0,0,0,0,0,0.14848,0,0,0,0,0,0,0.019697,0.90909,0,0,0,0,0,0.060606,0,0,0,0,0,0,0.030303,0,0,0,0,0,0,0,0.65909,0,0,0,0,0,0.056061,0,0,0,0,0,0,0.13485,0,0,0,0,0,0,0.15,0.0030303,0,0,0,0,0,0.018182,0,0,0,0,0,0,0.27424,0,0,0,0,0,0,0.70455,0,0,0,0,0,0,0.12121,0,0,0,0,0,0,0.35152,0,0,0,0,0,0,0.52727,0.62273,0,0,0,0,0,0.30152,0,0,0,0,0,0,0.065152,0,0,0,0,0,0,0.010606,1,0,0,0,0,0,0,0,0,0,0,0,0,0,0,0,0,0,0,0,0,0.14848,0,0,0,0,0,0.11061,0,0,0,0,0,0,0.25606,0,0,0,0,0,0,0.48485,0,0,0,0,0,0,0,0,0,0,0,0,0,0.12424,0,0,0,0,0,0,0.87576,0.5803,0,0,0,0,0,0.13939,0,0,0,0,0,0,0.20152,0,0,0,0,0,0,0.078788,1,0,0,0,0,0,0,0,0,0,0,0,0,0,0,0,0,0,0,0,0,0.8,0,0,0,0,0,0.031818,0,0,0,0,0,0,0.051515,0,0,0,0,0,0,0.11667,0.77273,0,0,0,0,0,0,0,0,0,0,0,0,0.078788,0,0,0,0,0,0,0.14848,0.88636,0,0,0,0,0,0.04697,0,0,0,0,0,0,0.04697,0,0,0,0,0,0,0.019697
0.93333,0,0,0,0,0,0.034848,0,0,0,0,0,0,0.024242,0,0,0,0,0,0,0.0075758,0.83636,0,0,0,0,0,0.090909,0,0,0,0,0,0,0.071212,0,0,0,0,0,0,0.0015152,0.82576,0,0,0,0,0,0.013636,0,0,0,0,0,0,0.081818,0,0,0,0,0,0,0.078788,0.98182,0,0,0,0,0,0.016667,0,0,0,0,0,0,0.0015152,0,0,0,0,0,0,0,0.63636,0,0,0,0,0,0.066667,0,0,0,0,0,0,0.19545,0,0,0,0,0,0,0.10152,0.036364,0,0,0,0,0,0.38788,0,0,0,0,0,0,0.44545,0,0,0,0,0,0,0.1303,0.0060606,0,0,0,0,0,0.048485,0,0,0,0,0,0,0.28333,0,0,0,0,0,0,0.66212,0.52121,0,0,0,0,0,0.068182,0,0,0,0,0,0,0.078788,0,0,0,0,0,0,0.33182,0.67727,0,0,0,0,0,0.26212,0,0,0,0,0,0,0.060606,0,0,0,0,0,0,0,0.16667,0,0,0,0,0,0.45455,0,0,0,0,0,0,0.37273,0,0,0,0,0,0,0.0060606,0.0015152,0,0,0,0,0,0.034848,0,0,0,0,0,0,0.26061,0,0,0,0,0,0,0.70303,0.5,0,0,0,0,0,0.024242,0,0,0,0,0,0,0.075758,0,0,0,0,0,0,0.4,0.91667,0,0,0,0,0,0.077273,0,0,0,0,0,0,0.0060606,0,0,0,0,0,0,0,0.77273,0,0,0,0,0,0.11364,0,0,0,0,0,0,0.10758,0,0,0,0,0,0,0.0060606,0.77273,0,0,0,0,0,0.0015152,0,0,0,0,0,0,0.040909,0,0,0,0,0,0,0.18485,0.88636,0,0,0,0,0,0,0,0,0,0,0,0,0,0,0,0,0,0,0,0.11364
0.93788,0,0,0,0,0,0.037879,0,0,0,0,0,0,0.018182,0,0,0,0,0,0,0.0060606,0.81818,0,0,0,0,0,0.065152,0,0,0,0,0,0,0.092424,0,0,0,0,0,0,0.024242,0.82273,0,0,0,0,0,0.034848,0,0,0,0,0,0,0.087879,0,0,0,0,0,0,0.054545,0.90909,0,0,0,0,0,0,0,0,0,0,0,0,0.034848,0,0,0,0,0,0,0.056061,0.66818,0,0,0,0,0,0.24394,0,0,0,0,0,0,0.056061,0,0,0,0,0,0,0.031818,0.0090909,0,0,0,0,0,0.34091,0,0,0,0,0,0,0.50455,0,0,0,0,0,0,0.14545,0.019697,0,0,0,0,0,0.1197,0,0,0,0,0,0,0.38636,0,0,0,0,0,0,0.47424,0.5,0,0,0,0,0,0,0,0,0,0,0,0,0.066667,0,0,0,0,0,0,0.43333,0.96364,0,0,0,0,0,0.019697,0,0,0,0,0,0,0.015152,0,0,0,0,0,0,0.0015152,0.42727,0,0,0,0,0,0.21364,0,0,0,0,0,0,0.22121,0,0,0,0,0,0,0.13788,0.11667,0,0,0,0,0,0.13182,0,0,0,0,0,0,0.15909,0,0,0,0,0,0,0.59242,0.5,0,0,0,0,0,0,0,0,0,0,0,0,0,0,0,0,0,0,0,0.5,1,0,0,0,0,0,0,0,0,0,0,0,0,0,0,0,0,0,0,0,0,0.94091,0,0,0,0,0,0.059091,0,0,0,0,0,0,0,0,0,0,0,0,0,0,0.87879,0,0,0,0,0,0.034848,0,0,0,0,0,0,0.039394,0,0,0,0,0,0,0.04697,0.88636,0,0,0,0,0,0,0,0,0,0,0,0,0,0,0,0,0,0,0,0.11364
0.92727,0,0,0,0,0,0.012121,0,0,0,0,0,0,0.054545,0,0,0,0,0,0,0.0060606,0.81818,0,0,0,0,0,0,0,0,0,0,0,0,0.043939,0,0,0,0,0,0,0.13788,0.82121,0,0,0,0,0,0.031818,0,0,0,0,0,0,0.077273,0,0,0,0,0,0,0.069697,0.90909,0,0,0,0,0,0,0,0,0,0,0,0,0.012121,0,0,0,0,0,0,0.078788,0.6,0,0,0,0,0,0.13333,0,0,0,0,0,0,0.23636,0,0,0,0,0,0,0.030303,0.0015152,0,0,0,0,0,0.060606,0,0,0,0,0,0,0.61667,0,0,0,0,0,0,0.32121,0.025758,0,0,0,0,0,0.10303,0,0,0,0,0,0,0.34848,0,0,0,0,0,0,0.52273,0.5,0,0,0,0,0,0.028788,0,0,0,0,0,0,0.1803,0,0,0,0,0,0,0.29091,0.6197,0,0,0,0,0,0.14848,0,0,0,0,0,0,0.22273,0,0,0,0,0,0,0.0090909,0.010606,0,0,0,0,0,0.20455,0,0,0,0,0,0,0.6303,0,0,0,0,0,0,0.15455,0,0,0,0,0,0,0.030303,0,0,0,0,0,0,0.37879,0,0,0,0,0,0,0.59091,0.5,0,0,0,0,0,0.027273,0,0,0,0,0,0,0.2,0,0,0,0,0,0,0.27273,0.91061,0,0,0,0,0,0.013636,0,0,0,0,0,0,0.075758,0,0,0,0,0,0,0,0.77273,0,0,0,0,0,0.081818,0,0,0,0,0,0,0.12121,0,0,0,0,0,0,0.024242,0.77727,0,0,0,0,0,0.031818,0,0,0,0,0,0,0.1197,0,0,0,0,0,0,0.071212,0.88636,0,0,0,0,0,0.0090909,0,0,0,0,0,0,0.062121,0,0,0,0,0,0,0.042424
1,0,0,0,0,0,0,0,0,0,0,0,0,0,0,0,0,0,0,0,0,0.98333,0,0,0,0,0,0.016667,0,0,0,0,0,0,0,0,0,0,0,0,0,0,0.8303,0,0,0,0,0,0.090909,0,0,0,0,0,0,0.057576,0,0,0,0,0,0,0.021212,0.90909,0,0,0,0,0,0.05,0,0,0,0,0,0,0.040909,0,0,0,0,0,0,0,0.9,0,0,0,0,0,0.1,0,0,0,0,0,0,0,0,0,0,0,0,0,0,0.91212,0,0,0,0,0,0.087879,0,0,0,0,0,0,0,0,0,0,0,0,0,0,0.013636,0,0,0,0,0,0.11515,0,0,0,0,0,0,0.33485,0,0,0,0,0,0,0.53636,0.5,0,0,0,0,0,0.028788,0,0,0,0,0,0,0.098485,0,0,0,0,0,0,0.37273,0.64848,0,0,0,0,0,0.11364,0,0,0,0,0,0,0.11818,0,0,0,0,0,0,0.1197,0.49394,0,0,0,0,0,0.30152,0,0,0,0,0,0,0.19091,0,0,0,0,0,0,0.013636,0,0,0,0,0,0,0.018182,0,0,0,0,0,0,0.25909,0,0,0,0,0,0,0.72273,0.5,0,0,0,0,0,0,0,0,0,0,0,0,0.045455,0,0,0,0,0,0,0.45455,0.90909,0,0,0,0,0,0,0,0,0,0,0,0,0.027273,0,0,0,0,0,0,0.063636,0.77273,0,0,0,0,0,0.078788,0,0,0,0,0,0,0.12424,0,0,0,0,0,0,0.024242,0.77273,0,0,0,0,0,0.0045455,0,0,0,0,0,0,0.034848,0,0,0,0,0,0,0.18788,0.88636,0,0,0,0,0,0,0,0,0,0,0,0,0,0,0,0,0,0,0,0.11364
0.92727,0,0,0,0,0,0,0,0,0,0,0,0,0,0,0,0,0,0,0,0.072727,0.81818,0,0,0,0,0,0.043939,0,0,0,0,0,0,0.081818,0,0,0,0,0,0,0.056061,0.81818,0,0,0,0,0,0.18182,0,0,0,0,0,0,0,0,0,0,0,0,0,0,0.90909,0,0,0,0,0,0.090909,0,0,0,0,0,0,0,0,0,0,0,0,0,0,0.6,0,0,0,0,0,0,0,0,0,0,0,0,0.087879,0,0,0,0,0,0,0.31212,0.0015152,0,0,0,0,0,0.10909,0,0,0,0,0,0,0.49697,0,0,0,0,0,0,0.39242,0.031818,0,0,0,0,0,0.89545,0,0,0,0,0,0,0.072727,0,0,0,0,0,0,0,0.54242,0,0,0,0,0,0.39545,0,0,0,0,0,0,0.062121,0,0,0,0,0,0,0,0.6,0,0,0,0,0,0.034848,0,0,0,0,0,0,0.17576,0,0,0,0,0,0,0.18939,0.051515,0,0,0,0,0,0.15152,0,0,0,0,0,0,0.38333,0,0,0,0,0,0,0.41364,0.30455,0,0,0,0,0,0.62879,0,0,0,0,0,0,0.066667,0,0,0,0,0,0,0,0.5197,0,0,0,0,0,0.4803,0,0,0,0,0,0,0,0,0,0,0,0,0,0,0.90909,0,0,0,0,0,0,0,0,0,0,0,0,0.069697,0,0,0,0,0,0,0.021212,0.78636,0,0,0,0,0,0.062121,0,0,0,0,0,0,0.11515,0,0,0,0,0,0,0.036364,0.85909,0,0,0,0,0,0.14091,0,0,0,0,0,0,0,0,0,0,0,0,0,0,0.88636,0,0,0,0,0,0.11364,0,0,0,0,0,0,0,0,0,0,0,0,0,0
0.92727,0,0,0,0,0,0.030303,0,0,0,0,0,0,0.042424,0,0,0,0,0,0,0,0.81818,0,0,0,0,0,0.0090909,0,0,0,0,0,0,0.065152,0,0,0,0,0,0,0.10758,0.87121,0,0,0,0,0,0.040909,0,0,0,0,0,0,0.080303,0,0,0,0,0,0,0.0075758,0.90909,0,0,0,0,0,0.027273,0,0,0,0,0,0,0.063636,0,0,0,0,0,0,0,0.6,0,0,0,0,0,0.016667,0,0,0,0,0,0,0.38333,0,0,0,0,0,0,0,0,0,0,0,0,0,0.0030303,0,0,0,0,0,0,0.065152,0,0,0,0,0,0,0.93182,0.071212,0,0,0,0,0,0.25,0,0,0,0,0,0,0.49848,0,0,0,0,0,0,0.1803,0.52727,0,0,0,0,0,0.11515,0,0,0,0,0,0,0.18939,0,0,0,0,0,0,0.16818,0.6,0,0,0,0,0,0.062121,0,0,0,0,0,0,0.31212,0,0,0,0,0,0,0.025758,0,0,0,0,0,0,0.0075758,0,0,0,0,0,0,0.092424,0,0,0,0,0,0,0.9,0,0,0,0,0,0,0.034848,0,0,0,0,0,0,0.27424,0,0,0,0,0,0,0.69091,0.5,0,0,0,0,0,0.024242,0,0,0,0,0,0,0.10455,0,0,0,0,0,0,0.37121,0.90909,0,0,0,0,0,0.051515,0,0,0,0,0,0,0.0030303,0,0,0,0,0,0,0.036364,0.77273,0,0,0,0,0,0.019697,0,0,0,0,0,0,0.087879,0,0,0,0,0,0,0.1197,0.77273,0,0,0,0,0,0,0,0,0,0,0,0,0.030303,0,0,0,0,0,0,0.19697,0.88636,0,0,0,0,0,0,0,0,0,0,0,0,0,0,0,0,0,0,0,0.11364
0.92727,0,0,0,0,0,0.012121,0,0,0,0,0,0,0.033333,0,0,0,0,0,0,0.027273,0.81818,0,0,0,0,0,0.033333,0,0,0,0,0,0,0.12727,0,0,0,0,0,0,0.021212,0.81818,0,0,0,0,0,0.065152,0,0,0,0,0,0,0.090909,0,0,0,0,0,0,0.025758,0.90909,0,0,0,0,0,0.036364,0,0,0,0,0,0,0.045455,0,0,0,0,0,0,0.0090909,0.6,0,0,0,0,0,0.051515,0,0,0,0,0,0,0.16667,0,0,0,0,0,0,0.18182,0.015152,0,0,0,0,0,0.28182,0,0,0,0,0,0,0.48182,0,0,0,0,0,0,0.22121,0,0,0,0,0,0,0.13636,0,0,0,0,0,0,0.42121,0,0,0,0,0,0,0.44242,0.5,0,0,0,0,0,0.060606,0,0,0,0,0,0,0.26515,0,0,0,0,0,0,0.17424,0.6,0,0,0,0,0,0.013636,0,0,0,0,0,0,0.10152,0,0,0,0,0,0,0.28485,0,0,0,0,0,0,0.054545,0,0,0,0,0,0,0.30303,0,0,0,0,0,0,0.64242,0,0,0,0,0,0,0.021212,0,0,0,0,0,0,0.28636,0,0,0,0,0,0,0.69242,0.5,0,0,0,0,0,0.0030303,0,0,0,0,0,0,0.16515,0,0,0,0,0,0,0.33182,0.90909,0,0,0,0,0,0,0,0,0,0,0,0,0.031818,0,0,0,0,0,0,0.059091,0.77273,0,0,0,0,0,0.0015152,0,0,0,0,0,0,0.05303,0,0,0,0,0,0,0.17273,0.77273,0,0,0,0,0,0,0,0,0,0,0,0,0.05,0,0,0,0,0,0,0.17727,0.88636,0,0,0,0,0,0,0,0,0,0,0,0,0.090909,0,0,0,0,0,0,0.022727
0.92727,0,0,0,0,0,0,0,0,0,0,0,0,0.066667,0,0,0,0,0,0,0.0060606,0.81818,0,0,0,0,0,0.04697,0,0,0,0,0,0,0.10606,0,0,0,0,0,0,0.028788,0.81818,0,0,0,0,0,0,0,0,0,0,0,0,0.043939,0,0,0,0,0,0,0.13788,0.90909,0,0,0,0,0,0,0,0,0,0,0,0,0,0,0,0,0,0,0,0.090909,0.6303,0,0,0,0,0,0.12727,0,0,0,0,0,0,0.22727,0,0,0,0,0,0,0.015152,0.015152,0,0,0,0,0,0.45909,0,0,0,0,0,0,0.42273,0,0,0,0,0,0,0.10303,0.0030303,0,0,0,0,0,0.021212,0,0,0,0,0,0,0.32121,0,0,0,0,0,0,0.65455,0.5,0,0,0,0,0,0.0030303,0,0,0,0,0,0,0.015152,0,0,0,0,0,0,0.48182,0.6,0,0,0,0,0,0.15152,0,0,0,0,0,0,0.18485,0,0,0,0,0,0,0.063636,0.0030303,0,0,0,0,0,0.074242,0,0,0,0,0,0,0.31061,0,0,0,0,0,0,0.61212,0,0,0,0,0,0,0.025758,0,0,0,0,0,0,0.31818,0,0,0,0,0,0,0.65606,0.50606,0,0,0,0,0,0.030303,0,0,0,0,0,0,0.10152,0,0,0,0,0,0,0.36212,0.90909,0,0,0,0,0,0.056061,0,0,0,0,0,0,0.028788,0,0,0,0,0,0,0.0060606,0.77273,0,0,0,0,0,0.083333,0,0,0,0,0,0,0.05,0,0,0,0,0,0,0.093939,0.77273,0,0,0,0,0,0,0,0,0,0,0,0,0.045455,0,0,0,0,0,0,0.18182,0.88636,0,0,0,0,0,0,0,0,0,0,0,0,0.11364,0,0,0,0,0,0,0
0.94848,0,0,0,0,0,0.043939,0,0,0,0,0,0,0.0075758,0,0,0,0,0,0,0,0.81818,0,0,0,0,0,0.0060606,0,0,0,0,0,0,0.17121,0,0,0,0,0,0,0.0045455,0.81818,0,0,0,0,0,0.0060606,0,0,0,0,0,0,0.14848,0,0,0,0,0,0,0.027273,0.90909,0,0,0,0,0,0.031818,0,0,0,0,0,0,0.059091,0,0,0,0,0,0,0,0.65909,0,0,0,0,0,0.2303,0,0,0,0,0,0,0.1,0,0,0,0,0,0,0.010606,0,0,0,0,0,0,0.037879,0,0,0,0,0,0,0.68333,0,0,0,0,0,0,0.27879,0,0,0,0,0,0,0.0015152,0,0,0,0,0,0,0.72576,0,0,0,0,0,0,0.27273,0.5,0,0,0,0,0,0.18939,0,0,0,0,0,0,0.31061,0,0,0,0,0,0,0,0.6,0,0,0,0,0,0.027273,0,0,0,0,0,0,0.1197,0,0,0,0,0,0,0.25303,0.0045455,0,0,0,0,0,0.10152,0,0,0,0,0,0,0.37879,0,0,0,0,0,0,0.51515,0.0045455,0,0,0,0,0,0.095455,0,0,0,0,0,0,0.43788,0,0,0,0,0,0,0.46212,0.5,0,0,0,0,0,0.29848,0,0,0,0,0,0,0.17424,0,0,0,0,0,0,0.027273,0.90909,0,0,0,0,0,0.039394,0,0,0,0,0,0,0.042424,0,0,0,0,0,0,0.0090909,0.77424,0,0,0,0,0,0.056061,0,0,0,0,0,0,0.11364,0,0,0,0,0,0,0.056061,0.77273,0,0,0,0,0,0.057576,0,0,0,0,0,0,0.10152,0,0,0,0,0,0,0.068182,0.88636,0,0,0,0,0,0.068182,0,0,0,0,0,0,0.039394,0,0,0,0,0,0,0.0060606
0.92727,0,0,0,0,0,0,0,0,0,0,0,0,0.015152,0,0,0,0,0,0,0.057576,0.81818,0,0,0,0,0,0.0030303,0,0,0,0,0,0,0.0060606,0,0,0,0,0,0,0.17273,0.85758,0,0,0,0,0,0.0060606,0,0,0,0,0,0,0.039394,0,0,0,0,0,0,0.09697,0.98939,0,0,0,0,0,0.010606,0,0,0,0,0,0,0,0,0,0,0,0,0,0,0.6,0,0,0,0,0,0.0045455,0,0,0,0,0,0,0.089394,0,0,0,0,0,0,0.30606,0.0060606,0,0,0,0,0,0.056061,0,0,0,0,0,0,0.37121,0,0,0,0,0,0,0.56667,0.05303,0,0,0,0,0,0.11818,0,0,0,0,0,0,0.46667,0,0,0,0,0,0,0.36212,0.65303,0,0,0,0,0,0.34545,0,0,0,0,0,0,0.0015152,0,0,0,0,0,0,0,0.6,0,0,0,0,0,0,0,0,0,0,0,0,0.069697,0,0,0,0,0,0,0.3303,0,0,0,0,0,0,0.11818,0,0,0,0,0,0,0.45,0,0,0,0,0,0,0.43182,0.012121,0,0,0,0,0,0.10606,0,0,0,0,0,0,0.48788,0,0,0,0,0,0,0.39394,0.77424,0,0,0,0,0,0.22576,0,0,0,0,0,0,0,0,0,0,0,0,0,0,0.90909,0,0,0,0,0,0,0,0,0,0,0,0,0.0045455,0,0,0,0,0,0,0.086364,0.77273,0,0,0,0,0,0.030303,0,0,0,0,0,0,0.09697,0,0,0,0,0,0,0.1,0.7803,0,0,0,0,0,0.012121,0,0,0,0,0,0,0.086364,0,0,0,0,0,0,0.12121,0.98485,0,0,0,0,0,0.015152,0,0,0,0,0,0,0,0,0,0,0,0,0,0
0.92727,0,0,0,0,0,0.060606,0,0,0,0,0,0,0.012121,0,0,0,0,0,0,0,0.81818,0,0,0,0,0,0,0,0,0,0,0,0,0.065152,0,0,0,0,0,0,0.11667,0.82424,0,0,0,0,0,0.021212,0,0,0,0,0,0,0.063636,0,0,0,0,0,0,0.090909,1,0,0,0,0,0,0,0,0,0,0,0,0,0,0,0,0,0,0,0,0,0.64545,0,0,0,0,0,0.29242,0,0,0,0,0,0,0.05,0,0,0,0,0,0,0.012121,0,0,0,0,0,0,0.010606,0,0,0,0,0,0,0.52576,0,0,0,0,0,0,0.46364,0.081818,0,0,0,0,0,0.037879,0,0,0,0,0,0,0.28939,0,0,0,0,0,0,0.59091,0.85152,0,0,0,0,0,0.14848,0,0,0,0,0,0,0,0,0,0,0,0,0,0,0.9303,0,0,0,0,0,0.040909,0,0,0,0,0,0,0.028788,0,0,0,0,0,0,0,0.048485,0,0,0,0,0,0.062121,0,0,0,0,0,0,0.76212,0,0,0,0,0,0,0.12727,0.056061,0,0,0,0,0,0.060606,0,0,0,0,0,0,0.45758,0,0,0,0,0,0,0.42576,0.73333,0,0,0,0,0,0.24394,0,0,0,0,0,0,0.022727,0,0,0,0,0,0,0,0.99242,0,0,0,0,0,0.0075758,0,0,0,0,0,0,0,0,0,0,0,0,0,0,0.79545,0,0,0,0,0,0.074242,0,0,0,0,0,0,0.098485,0,0,0,0,0,0,0.031818,0.7803,0,0,0,0,0,0.1303,0,0,0,0,0,0,0.057576,0,0,0,0,0,0,0.031818,0.98182,0,0,0,0,0,0.018182,0,0,0,0,0,0,0,0,0,0,0,0,0,0
0.92727,0,0,0,0,0,0,0,0,0,0,0,0,0.036364,0,0,0,0,0,0,0.036364,0.82576,0,0,0,0,0,0.051515,0,0,0,0,0,0,0.043939,0,0,0,0,0,0,0.078788,0.8303,0,0,0,0,0,0.0060606,0,0,0,0,0,0,0.025758,0,0,0,0,0,0,0.13788,1,0,0,0,0,0,0,0,0,0,0,0,0,0,0,0,0,0,0,0,0,0.6,0,0,0,0,0,0,0,0,0,0,0,0,0,0,0,0,0,0,0,0.4,0,0,0,0,0,0,0.063636,0,0,0,0,0,0,0.33939,0,0,0,0,0,0,0.59697,0.057576,0,0,0,0,0,0.043939,0,0,0,0,0,0,0.20152,0,0,0,0,0,0,0.69697,1,0,0,0,0,0,0,0,0,0,0,0,0,0,0,0,0,0,0,0,0,0.6,0,0,0,0,0,0,0,0,0,0,0,0,0.093939,0,0,0,0,0,0,0.30606,0,0,0,0,0,0,0.04697,0,0,0,0,0,0,0.39394,0,0,0,0,0,0,0.55909,0.056061,0,0,0,0,0,0.040909,0,0,0,0,0,0,0.46061,0,0,0,0,0,0,0.44242,1,0,0,0,0,0,0,0,0,0,0,0,0,0,0,0,0,0,0,0,0,0.90909,0,0,0,0,0,0,0,0,0,0,0,0,0.034848,0,0,0,0,0,0,0.056061,0.77273,0,0,0,0,0,0,0,0,0,0,0,0,0.087879,0,0,0,0,0,0,0.13939,0.78788,0,0,0,0,0,0.0075758,0,0,0,0,0,0,0.063636,0,0,0,0,0,0,0.14091,1,0,0,0,0,0,0,0,0,0,0,0,0,0,0,0,0,0,0,0,0
0.93485,0,0,0,0,0,0.065152,0,0,0,0,0,0,0,0,0,0,0,0,0,0,0.82879,0,0,0,0,0,0.090909,0,0,0,0,0,0,0.060606,0,0,0,0,0,0,0.019697,0.83939,0,0,0,0,0,0.080303,0,0,0,0,0,0,0.031818,0,0,0,0,0,0,0.048485,0.90909,0,0,0,0,0,0,0,0,0,0,0,0,0.031818,0,0,0,0,0,0,0.059091,0.61364,0,0,0,0,0,0.22879,0,0,0,0,0,0,0.095455,0,0,0,0,0,0,0.062121,0.037879,0,0,0,0,0,0.3697,0,0,0,0,0,0,0.37879,0,0,0,0,0,0,0.21364,0.084848,0,0,0,0,0,0.4303,0,0,0,0,0,0,0.26061,0,0,0,0,0,0,0.22424,0.5,0,0,0,0,0,0.0075758,0,0,0,0,0,0,0.16061,0,0,0,0,0,0,0.33182,0.6,0,0,0,0,0,0.036364,0,0,0,0,0,0,0.23939,0,0,0,0,0,0,0.12424,0.0015152,0,0,0,0,0,0.10303,0,0,0,0,0,0,0.51364,0,0,0,0,0,0,0.38182,0,0,0,0,0,0,0.11364,0,0,0,0,0,0,0.57879,0,0,0,0,0,0,0.30758,0.5,0,0,0,0,0,0.033333,0,0,0,0,0,0,0.21364,0,0,0,0,0,0,0.25303,0.92121,0,0,0,0,0,0.030303,0,0,0,0,0,0,0.048485,0,0,0,0,0,0,0,0.77576,0,0,0,0,0,0.043939,0,0,0,0,0,0,0.17273,0,0,0,0,0,0,0.0075758,0.77424,0,0,0,0,0,0.025758,0,0,0,0,0,0,0.090909,0,0,0,0,0,0,0.10909,0.88636,0,0,0,0,0,0,0,0,0,0,0,0,0.021212,0,0,0,0,0,0,0.092424
1,0,0,0,0,0,0,0,0,0,0,0,0,0,0,0,0,0,0,0,0,0.94091,0,0,0,0,0,0.059091,0,0,0,0,0,0,0,0,0,0,0,0,0,0,0.84242,0,0,0,0,0,0.15758,0,0,0,0,0,0,0,0,0,0,0,0,0,0,0.92121,0,0,0,0,0,0.071212,0,0,0,0,0,0,0.0075758,0,0,0,0,0,0,0,0.98485,0,0,0,0,0,0.015152,0,0,0,0,0,0,0,0,0,0,0,0,0,0,0.34848,0,0,0,0,0,0.45455,0,0,0,0,0,0,0.17273,0,0,0,0,0,0,0.024242,0.27879,0,0,0,0,0,0.14848,0,0,0,0,0,0,0.35152,0,0,0,0,0,0,0.22121,0.52727,0,0,0,0,0,0.084848,0,0,0,0,0,0,0.11515,0,0,0,0,0,0,0.27273,0.94242,0,0,0,0,0,0.054545,0,0,0,0,0,0,0.0030303,0,0,0,0,0,0,0,0.022727,0,0,0,0,0,0.14848,0,0,0,0,0,0,0.34394,0,0,0,0,0,0,0.48485,0.0015152,0,0,0,0,0,0.05303,0,0,0,0,0,0,0.34848,0,0,0,0,0,0,0.59697,0.5,0,0,0,0,0,0.0015152,0,0,0,0,0,0,0.089394,0,0,0,0,0,0,0.40909,0.99242,0,0,0,0,0,0,0,0,0,0,0,0,0.0075758,0,0,0,0,0,0,0,0.77273,0,0,0,0,0,0.0090909,0,0,0,0,0,0,0.037879,0,0,0,0,0,0,0.1803,0.77273,0,0,0,0,0,0.019697,0,0,0,0,0,0,0.12879,0,0,0,0,0,0,0.078788,0.88636,0,0,0,0,0,0,0,0,0,0,0,0,0.012121,0,0,0,0,0,0,0.10152
0.92727,0,0,0,0,0,0,0,0,0,0,0,0,0.05,0,0,0,0,0,0,0.022727,0.81818,0,0,0,0,0,0.0060606,0,0,0,0,0,0,0.15152,0,0,0,0,0,0,0.024242,0.81818,0,0,0,0,0,0,0,0,0,0,0,0,0.14545,0,0,0,0,0,0,0.036364,0.98182,0,0,0,0,0,0.018182,0,0,0,0,0,0,0,0,0,0,0,0,0,0,0.60758,0,0,0,0,0,0.012121,0,0,0,0,0,0,0.20909,0,0,0,0,0,0,0.17121,0.0045455,0,0,0,0,0,0.072727,0,0,0,0,0,0,0.69242,0,0,0,0,0,0,0.2303,0,0,0,0,0,0,0.05,0,0,0,0,0,0,0.68939,0,0,0,0,0,0,0.26061,0.73788,0,0,0,0,0,0.14394,0,0,0,0,0,0,0.10606,0,0,0,0,0,0,0.012121,0.62879,0,0,0,0,0,0.2303,0,0,0,0,0,0,0.14091,0,0,0,0,0,0,0,0.0030303,0,0,0,0,0,0.092424,0,0,0,0,0,0,0.3803,0,0,0,0,0,0,0.52424,0.0075758,0,0,0,0,0,0.063636,0,0,0,0,0,0,0.30455,0,0,0,0,0,0,0.62424,0.63333,0,0,0,0,0,0.12424,0,0,0,0,0,0,0.22273,0,0,0,0,0,0,0.019697,0.90909,0,0,0,0,0,0.045455,0,0,0,0,0,0,0.045455,0,0,0,0,0,0,0,0.77273,0,0,0,0,0,0.0090909,0,0,0,0,0,0,0.065152,0,0,0,0,0,0,0.15303,0.77576,0,0,0,0,0,0.0060606,0,0,0,0,0,0,0.043939,0,0,0,0,0,0,0.17424,0.9697,0,0,0,0,0,0,0,0,0,0,0,0,0.030303,0,0,0,0,0,0,0
0.92727,0,0,0,0,0,0,0,0,0,0,0,0,0.056061,0,0,0,0,0,0,0.016667,0.81818,0,0,0,0,0,0.012121,0,0,0,0,0,0,0.077273,0,0,0,0,0,0,0.092424,0.81818,0,0,0,0,0,0,0,0,0,0,0,0,0,0,0,0,0,0,0,0.18182,0.90909,0,0,0,0,0,0.018182,0,0,0,0,0,0,0.037879,0,0,0,0,0,0,0.034848,0.6,0,0,0,0,0,0,0,0,0,0,0,0,0.33485,0,0,0,0,0,0,0.065152,0,0,0,0,0,0,0.027273,0,0,0,0,0,0,0.44242,0,0,0,0,0,0,0.5303,0.0030303,0,0,0,0,0,0.0060606,0,0,0,0,0,0,0.28636,0,0,0,0,0,0,0.70455,0.5197,0,0,0,0,0,0.10758,0,0,0,0,0,0,0.17879,0,0,0,0,0,0,0.19394,0.66515,0,0,0,0,0,0.1803,0,0,0,0,0,0,0.15455,0,0,0,0,0,0,0,0.0015152,0,0,0,0,0,0.13788,0,0,0,0,0,0,0.46364,0,0,0,0,0,0,0.39697,0,0,0,0,0,0,0.021212,0,0,0,0,0,0,0.30909,0,0,0,0,0,0,0.6697,0.61364,0,0,0,0,0,0.034848,0,0,0,0,0,0,0.080303,0,0,0,0,0,0,0.27121,0.90909,0,0,0,0,0,0.015152,0,0,0,0,0,0,0.075758,0,0,0,0,0,0,0,0.77273,0,0,0,0,0,0.0060606,0,0,0,0,0,0,0.072727,0,0,0,0,0,0,0.14848,0.77273,0,0,0,0,0,0.0045455,0,0,0,0,0,0,0.039394,0,0,0,0,0,0,0.18333,0.95303,0,0,0,0,0,0.024242,0,0,0,0,0,0,0.022727,0,0,0,0,0,0,0
0.92727,0,0,0,0,0,0.072727,0,0,0,0,0,0,0,0,0,0,0,0,0,0,0.8303,0,0,0,0,0,0.084848,0,0,0,0,0,0,0.054545,0,0,0,0,0,0,0.030303,0.81818,0,0,0,0,0,0,0,0,0,0,0,0,0.17576,0,0,0,0,0,0,0.0060606,0.90909,0,0,0,0,0,0,0,0,0,0,0,0,0.024242,0,0,0,0,0,0,0.066667,0.6,0,0,0,0,0,0.32727,0,0,0,0,0,0,0.072727,0,0,0,0,0,0,0,0.081818,0,0,0,0,0,0.38333,0,0,0,0,0,0,0.37727,0,0,0,0,0,0,0.15758,0,0,0,0,0,0,0,0,0,0,0,0,0,0.80152,0,0,0,0,0,0,0.19848,0.5,0,0,0,0,0,0.0090909,0,0,0,0,0,0,0.21667,0,0,0,0,0,0,0.27424,0.6,0,0,0,0,0,0.083333,0,0,0,0,0,0,0.31667,0,0,0,0,0,0,0,0,0,0,0,0,0,0.37879,0,0,0,0,0,0,0.35909,0,0,0,0,0,0,0.26212,0,0,0,0,0,0,0.2697,0,0,0,0,0,0,0.23333,0,0,0,0,0,0,0.49697,0.50909,0,0,0,0,0,0.13333,0,0,0,0,0,0,0.14697,0,0,0,0,0,0,0.21061,0.90909,0,0,0,0,0,0.039394,0,0,0,0,0,0,0.051515,0,0,0,0,0,0,0,0.77273,0,0,0,0,0,0.1803,0,0,0,0,0,0,0.04697,0,0,0,0,0,0,0,0.77273,0,0,0,0,0,0.20303,0,0,0,0,0,0,0.024242,0,0,0,0,0,0,0,0.88636,0,0,0,0,0,0,0,0,0,0,0,0,0.11364,0,0,0,0,0,0,0
0.98485,0,0,0,0,0,0.015152,0,0,0,0,0,0,0,0,0,0,0,0,0,0,0.84242,0,0,0,0,0,0.075758,0,0,0,0,0,0,0.062121,0,0,0,0,0,0,0.019697,0.81818,0,0,0,0,0,0.059091,0,0,0,0,0,0,0.068182,0,0,0,0,0,0,0.054545,0.94697,0,0,0,0,0,0.019697,0,0,0,0,0,0,0.025758,0,0,0,0,0,0,0.0075758,0.60909,0,0,0,0,0,0.39091,0,0,0,0,0,0,0,0,0,0,0,0,0,0,0.083333,0,0,0,0,0,0.20758,0,0,0,0,0,0,0.34242,0,0,0,0,0,0,0.36667,0,0,0,0,0,0,0,0,0,0,0,0,0,0.36515,0,0,0,0,0,0,0.63485,0.64697,0,0,0,0,0,0.12273,0,0,0,0,0,0,0.12424,0,0,0,0,0,0,0.10606,0.6,0,0,0,0,0,0.4,0,0,0,0,0,0,0,0,0,0,0,0,0,0,0.0090909,0,0,0,0,0,0.15909,0,0,0,0,0,0,0.22424,0,0,0,0,0,0,0.60758,0,0,0,0,0,0,0,0,0,0,0,0,0,0.045455,0,0,0,0,0,0,0.95455,0.5,0,0,0,0,0,0.17424,0,0,0,0,0,0,0.14242,0,0,0,0,0,0,0.18333,0.90909,0,0,0,0,0,0.090909,0,0,0,0,0,0,0,0,0,0,0,0,0,0,0.77727,0,0,0,0,0,0.054545,0,0,0,0,0,0,0.068182,0,0,0,0,0,0,0.1,0.78636,0,0,0,0,0,0.056061,0,0,0,0,0,0,0.078788,0,0,0,0,0,0,0.078788,0.88636,0,0,0,0,0,0.057576,0,0,0,0,0,0,0.034848,0,0,0,0,0,0,0.021212
1,0,0,0,0,0,0,0,0,0,0,0,0,0,0,0,0,0,0,0,0,0.89091,0,0,0,0,0,0.027273,0,0,0,0,0,0,0.081818,0,0,0,0,0,0,0,0.9197,0,0,0,0,0,0.024242,0,0,0,0,0,0,0.056061,0,0,0,0,0,0,0,1,0,0,0,0,0,0,0,0,0,0,0,0,0,0,0,0,0,0,0,0,0.93636,0,0,0,0,0,0.031818,0,0,0,0,0,0,0.031818,0,0,0,0,0,0,0,0.0015152,0,0,0,0,0,0.0060606,0,0,0,0,0,0,0.14091,0,0,0,0,0,0,0.85152,0.051515,0,0,0,0,0,0.11364,0,0,0,0,0,0,0.28333,0,0,0,0,0,0,0.55152,0.82576,0,0,0,0,0,0.12424,0,0,0,0,0,0,0.05,0,0,0,0,0,0,0,0.84242,0,0,0,0,0,0.090909,0,0,0,0,0,0,0.037879,0,0,0,0,0,0,0.028788,0,0,0,0,0,0,0,0,0,0,0,0,0,0.078788,0,0,0,0,0,0,0.92121,0,0,0,0,0,0,0.030303,0,0,0,0,0,0,0.47879,0,0,0,0,0,0,0.49091,0.71364,0,0,0,0,0,0.11364,0,0,0,0,0,0,0.14242,0,0,0,0,0,0,0.030303,0.97727,0,0,0,0,0,0,0,0,0,0,0,0,0.0075758,0,0,0,0,0,0,0.015152,0.77273,0,0,0,0,0,0,0,0,0,0,0,0,0.069697,0,0,0,0,0,0,0.15758,0.77273,0,0,0,0,0,0.012121,0,0,0,0,0,0,0.078788,0,0,0,0,0,0,0.13636,0.93182,0,0,0,0,0,0.013636,0,0,0,0,0,0,0.054545,0,0,0,0,0,0,0
1,0,0,0,0,0,0,0,0,0,0,0,0,0,0,0,0,0,0,0,0,0.85455,0,0,0,0,0,0.039394,0,0,0,0,0,0,0.081818,0,0,0,0,0,0,0.024242,0.81818,0,0,0,0,0,0.034848,0,0,0,0,0,0,0.14545,0,0,0,0,0,0,0.0015152,0.94242,0,0,0,0,0,0.018182,0,0,0,0,0,0,0.013636,0,0,0,0,0,0,0.025758,0.83333,0,0,0,0,0,0.057576,0,0,0,0,0,0,0.057576,0,0,0,0,0,0,0.051515,0.13182,0,0,0,0,0,0.33333,0,0,0,0,0,0,0.46212,0,0,0,0,0,0,0.072727,0.13939,0,0,0,0,0,0.43636,0,0,0,0,0,0,0.37576,0,0,0,0,0,0,0.048485,0.57576,0,0,0,0,0,0.13182,0,0,0,0,0,0,0.1303,0,0,0,0,0,0,0.16212,0.60152,0,0,0,0,0,0.016667,0,0,0,0,0,0,0.13788,0,0,0,0,0,0,0.24394,0,0,0,0,0,0,0.05,0,0,0,0,0,0,0.42879,0,0,0,0,0,0,0.52121,0,0,0,0,0,0,0.098485,0,0,0,0,0,0,0.33485,0,0,0,0,0,0,0.56667,0.52576,0,0,0,0,0,0.095455,0,0,0,0,0,0,0.24394,0,0,0,0,0,0,0.13485,0.90909,0,0,0,0,0,0,0,0,0,0,0,0,0.037879,0,0,0,0,0,0,0.05303,0.77273,0,0,0,0,0,0,0,0,0,0,0,0,0.015152,0,0,0,0,0,0,0.21212,0.77273,0,0,0,0,0,0.012121,0,0,0,0,0,0,0.04697,0,0,0,0,0,0,0.16818,0.88636,0,0,0,0,0,0.013636,0,0,0,0,0,0,0.066667,0,0,0,0,0,0,0.033333
1,0,0,0,0,0,0,0,0,0,0,0,0,0,0,0,0,0,0,0,0,0.82121,0,0,0,0,0,0.045455,0,0,0,0,0,0,0.10606,0,0,0,0,0,0,0.027273,0.81818,0,0,0,0,0,0.0015152,0,0,0,0,0,0,0.077273,0,0,0,0,0,0,0.10303,0.91212,0,0,0,0,0,0.0075758,0,0,0,0,0,0,0.051515,0,0,0,0,0,0,0.028788,0.93333,0,0,0,0,0,0.066667,0,0,0,0,0,0,0,0,0,0,0,0,0,0,0.19545,0,0,0,0,0,0.093939,0,0,0,0,0,0,0.38485,0,0,0,0,0,0,0.32576,0,0,0,0,0,0,0,0,0,0,0,0,0,0.36818,0,0,0,0,0,0,0.63182,0.53333,0,0,0,0,0,0.059091,0,0,0,0,0,0,0.2303,0,0,0,0,0,0,0.17727,0.78788,0,0,0,0,0,0.19091,0,0,0,0,0,0,0.021212,0,0,0,0,0,0,0,0.20303,0,0,0,0,0,0.065152,0,0,0,0,0,0,0.43788,0,0,0,0,0,0,0.29394,0,0,0,0,0,0,0.0030303,0,0,0,0,0,0,0.56515,0,0,0,0,0,0,0.43182,0.55152,0,0,0,0,0,0.060606,0,0,0,0,0,0,0.17727,0,0,0,0,0,0,0.21061,0.97727,0,0,0,0,0,0.022727,0,0,0,0,0,0,0,0,0,0,0,0,0,0,0.7803,0,0,0,0,0,0.054545,0,0,0,0,0,0,0.086364,0,0,0,0,0,0,0.078788,0.77273,0,0,0,0,0,0,0,0,0,0,0,0,0.083333,0,0,0,0,0,0,0.14394,0.9,0,0,0,0,0,0.018182,0,0,0,0,0,0,0.048485,0,0,0,0,0,0,0.033333
0.92727,0,0,0,0,0,0.072727,0,0,0,0,0,0,0,0,0,0,0,0,0,0,0.81818,0,0,0,0,0,0.05303,0,0,0,0,0,0,0.040909,0,0,0,0,0,0,0.087879,0.81818,0,0,0,0,0,0,0,0,0,0,0,0,0,0,0,0,0,0,0,0.18182,0.90909,0,0,0,0,0,0,0,0,0,0,0,0,0,0,0,0,0,0,0,0.090909,0.60455,0,0,0,0,0,0.37576,0,0,0,0,0,0,0.016667,0,0,0,0,0,0,0.0030303,0.062121,0,0,0,0,0,0.21667,0,0,0,0,0,0,0.32576,0,0,0,0,0,0,0.39545,0,0,0,0,0,0,0.015152,0,0,0,0,0,0,0.10152,0,0,0,0,0,0,0.88333,0.5,0,0,0,0,0,0,0,0,0,0,0,0,0.031818,0,0,0,0,0,0,0.46818,0.7697,0,0,0,0,0,0.17727,0,0,0,0,0,0,0.05303,0,0,0,0,0,0,0,0.21061,0,0,0,0,0,0.056061,0,0,0,0,0,0,0.58333,0,0,0,0,0,0,0.15,0,0,0,0,0,0,0.021212,0,0,0,0,0,0,0.16818,0,0,0,0,0,0,0.81061,0.5,0,0,0,0,0,0.019697,0,0,0,0,0,0,0.051515,0,0,0,0,0,0,0.42879,0.99242,0,0,0,0,0,0.0075758,0,0,0,0,0,0,0,0,0,0,0,0,0,0,0.82576,0,0,0,0,0,0.015152,0,0,0,0,0,0,0.14545,0,0,0,0,0,0,0.013636,0.77273,0,0,0,0,0,0.0015152,0,0,0,0,0,0,0.075758,0,0,0,0,0,0,0.15,0.88636,0,0,0,0,0,0,0,0,0,0,0,0,0.062121,0,0,0,0,0,0,0.051515
0.92727,0,0,0,0,0,0,0,0,0,0,0,0,0.060606,0,0,0,0,0,0,0.012121,0.81818,0,0,0,0,0,0,0,0,0,0,0,0,0.092424,0,0,0,0,0,0,0.089394,0.81818,0,0,0,0,0,0.0060606,0,0,0,0,0,0,0.092424,0,0,0,0,0,0,0.083333,0.90909,0,0,0,0,0,0,0,0,0,0,0,0,0,0,0,0,0,0,0,0.090909,0.6,0,0,0,0,0,0,0,0,0,0,0,0,0.09697,0,0,0,0,0,0,0.30303,0.012121,0,0,0,0,0,0.11667,0,0,0,0,0,0,0.52879,0,0,0,0,0,0,0.34242,0,0,0,0,0,0,0.05,0,0,0,0,0,0,0.49394,0,0,0,0,0,0,0.45606,0.5,0,0,0,0,0,0.012121,0,0,0,0,0,0,0.090909,0,0,0,0,0,0,0.39697,0.6,0,0,0,0,0,0,0,0,0,0,0,0,0.23333,0,0,0,0,0,0,0.16667,0,0,0,0,0,0,0.27273,0,0,0,0,0,0,0.55909,0,0,0,0,0,0,0.16818,0,0,0,0,0,0,0.13636,0,0,0,0,0,0,0.47727,0,0,0,0,0,0,0.38636,0.5,0,0,0,0,0,0.043939,0,0,0,0,0,0,0.15455,0,0,0,0,0,0,0.30152,0.90909,0,0,0,0,0,0,0,0,0,0,0,0,0.084848,0,0,0,0,0,0,0.0060606,0.77273,0,0,0,0,0,0.12879,0,0,0,0,0,0,0.098485,0,0,0,0,0,0,0,0.77273,0,0,0,0,0,0.04697,0,0,0,0,0,0,0.10152,0,0,0,0,0,0,0.078788,0.88636,0,0,0,0,0,0.0030303,0,0,0,0,0,0,0.051515,0,0,0,0,0,0,0.059091
0.92727,0,0,0,0,0,0,0,0,0,0,0,0,0.072727,0,0,0,0,0,0,0,0.81818,0,0,0,0,0,0,0,0,0,0,0,0,0.095455,0,0,0,0,0,0,0.086364,0.81818,0,0,0,0,0,0,0,0,0,0,0,0,0.078788,0,0,0,0,0,0,0.10303,0.90909,0,0,0,0,0,0.062121,0,0,0,0,0,0,0.028788,0,0,0,0,0,0,0,0.6,0,0,0,0,0,0,0,0,0,0,0,0,0.39697,0,0,0,0,0,0,0.0030303,0,0,0,0,0,0,0.013636,0,0,0,0,0,0,0.36212,0,0,0,0,0,0,0.62424,0,0,0,0,0,0,0.15152,0,0,0,0,0,0,0.54697,0,0,0,0,0,0,0.30152,0.5,0,0,0,0,0,0.37121,0,0,0,0,0,0,0.11061,0,0,0,0,0,0,0.018182,0.6,0,0,0,0,0,0.066667,0,0,0,0,0,0,0.31515,0,0,0,0,0,0,0.018182,0,0,0,0,0,0,0.075758,0,0,0,0,0,0,0.41515,0,0,0,0,0,0,0.50909,0.0015152,0,0,0,0,0,0.084848,0,0,0,0,0,0,0.30606,0,0,0,0,0,0,0.60758,0.53333,0,0,0,0,0,0.36061,0,0,0,0,0,0,0.077273,0,0,0,0,0,0,0.028788,0.90909,0,0,0,0,0,0.010606,0,0,0,0,0,0,0.080303,0,0,0,0,0,0,0,0.77273,0,0,0,0,0,0.010606,0,0,0,0,0,0,0.15758,0,0,0,0,0,0,0.059091,0.77273,0,0,0,0,0,0.019697,0,0,0,0,0,0,0.086364,0,0,0,0,0,0,0.12121,0.88636,0,0,0,0,0,0.10303,0,0,0,0,0,0,0.010606,0,0,0,0,0,0,0
0.92727,0,0,0,0,0,0.072727,0,0,0,0,0,0,0,0,0,0,0,0,0,0,0.81818,0,0,0,0,0,0.036364,0,0,0,0,0,0,0.14545,0,0,0,0,0,0,0,0.81818,0,0,0,0,0,0.05303,0,0,0,0,0,0,0.12879,0,0,0,0,0,0,0,0.90909,0,0,0,0,0,0,0,0,0,0,0,0,0.090909,0,0,0,0,0,0,0,0.6,0,0,0,0,0,0.15455,0,0,0,0,0,0,0.20606,0,0,0,0,0,0,0.039394,0.0030303,0,0,0,0,0,0.11818,0,0,0,0,0,0,0.5,0,0,0,0,0,0,0.37879,0.0030303,0,0,0,0,0,0.033333,0,0,0,0,0,0,0.5803,0,0,0,0,0,0,0.38333,0.50152,0,0,0,0,0,0.051515,0,0,0,0,0,0,0.25455,0,0,0,0,0,0,0.19242,0.6,0,0,0,0,0,0.18182,0,0,0,0,0,0,0.19848,0,0,0,0,0,0,0.019697,0,0,0,0,0,0,0.2,0,0,0,0,0,0,0.34848,0,0,0,0,0,0,0.45152,0,0,0,0,0,0,0.0075758,0,0,0,0,0,0,0.083333,0,0,0,0,0,0,0.90909,0.51061,0,0,0,0,0,0.11212,0,0,0,0,0,0,0.25455,0,0,0,0,0,0,0.12273,0.90909,0,0,0,0,0,0.075758,0,0,0,0,0,0,0.015152,0,0,0,0,0,0,0,0.77273,0,0,0,0,0,0.031818,0,0,0,0,0,0,0.10455,0,0,0,0,0,0,0.090909,0.77273,0,0,0,0,0,0.0075758,0,0,0,0,0,0,0.016667,0,0,0,0,0,0,0.20303,0.89394,0,0,0,0,0,0.05,0,0,0,0,0,0,0.051515,0,0,0,0,0,0,0.0045455
0.92727,0,0,0,0,0,0.0060606,0,0,0,0,0,0,0.066667,0,0,0,0,0,0,0,0.81818,0,0,0,0,0,0.028788,0,0,0,0,0,0,0.14848,0,0,0,0,0,0,0.0045455,0.81818,0,0,0,0,0,0.030303,0,0,0,0,0,0,0.12727,0,0,0,0,0,0,0.024242,0.90909,0,0,0,0,0,0,0,0,0,0,0,0,0.090909,0,0,0,0,0,0,0,0.61667,0,0,0,0,0,0.27879,0,0,0,0,0,0,0.10455,0,0,0,0,0,0,0,0.016667,0,0,0,0,0,0.13333,0,0,0,0,0,0,0.35455,0,0,0,0,0,0,0.49545,0,0,0,0,0,0,0.025758,0,0,0,0,0,0,0.072727,0,0,0,0,0,0,0.90152,0.5,0,0,0,0,0,0.0045455,0,0,0,0,0,0,0.34545,0,0,0,0,0,0,0.15,0.73788,0,0,0,0,0,0.26212,0,0,0,0,0,0,0,0,0,0,0,0,0,0,0.059091,0,0,0,0,0,0.1197,0,0,0,0,0,0,0.37727,0,0,0,0,0,0,0.44394,0,0,0,0,0,0,0,0,0,0,0,0,0,0.048485,0,0,0,0,0,0,0.95152,0.65758,0,0,0,0,0,0.13182,0,0,0,0,0,0,0.15152,0,0,0,0,0,0,0.059091,0.90909,0,0,0,0,0,0.090909,0,0,0,0,0,0,0,0,0,0,0,0,0,0,0.80606,0,0,0,0,0,0.068182,0,0,0,0,0,0,0.078788,0,0,0,0,0,0,0.04697,0.77273,0,0,0,0,0,0.039394,0,0,0,0,0,0,0.10606,0,0,0,0,0,0,0.081818,0.98485,0,0,0,0,0,0,0,0,0,0,0,0,0.015152,0,0,0,0,0,0,0
0.94091,0,0,0,0,0,0.059091,0,0,0,0,0,0,0,0,0,0,0,0,0,0,0.8303,0,0,0,0,0,0.037879,0,0,0,0,0,0,0.05,0,0,0,0,0,0,0.081818,0.81818,0,0,0,0,0,0,0,0,0,0,0,0,0,0,0,0,0,0,0,0.18182,0.90909,0,0,0,0,0,0.042424,0,0,0,0,0,0,0.018182,0,0,0,0,0,0,0.030303,0.8197,0,0,0,0,0,0.1803,0,0,0,0,0,0,0,0,0,0,0,0,0,0,0.066667,0,0,0,0,0,0.21212,0,0,0,0,0,0,0.31364,0,0,0,0,0,0,0.40758,0,0,0,0,0,0,0.0030303,0,0,0,0,0,0,0.24545,0,0,0,0,0,0,0.75152,0.5,0,0,0,0,0,0.12727,0,0,0,0,0,0,0.17576,0,0,0,0,0,0,0.19697,1,0,0,0,0,0,0,0,0,0,0,0,0,0,0,0,0,0,0,0,0,0.38485,0,0,0,0,0,0.22424,0,0,0,0,0,0,0.14091,0,0,0,0,0,0,0.25,0.15,0,0,0,0,0,0.10303,0,0,0,0,0,0,0.49242,0,0,0,0,0,0,0.25455,0.5697,0,0,0,0,0,0.20152,0,0,0,0,0,0,0.083333,0,0,0,0,0,0,0.14545,1,0,0,0,0,0,0,0,0,0,0,0,0,0,0,0,0,0,0,0,0,1,0,0,0,0,0,0,0,0,0,0,0,0,0,0,0,0,0,0,0,0,0.93939,0,0,0,0,0,0.04697,0,0,0,0,0,0,0.013636,0,0,0,0,0,0,0,1,0,0,0,0,0,0,0,0,0,0,0,0,0,0,0,0,0,0,0,0
0.92727,0,0,0,0,0,0.072727,0,0,0,0,0,0,0,0,0,0,0,0,0,0,0.81818,0,0,0,0,0,0.056061,0,0,0,0,0,0,0.059091,0,0,0,0,0,0,0.066667,0.81818,0,0,0,0,0,0.0015152,0,0,0,0,0,0,0.024242,0,0,0,0,0,0,0.15606,0.90909,0,0,0,0,0,0,0,0,0,0,0,0,0,0,0,0,0,0,0,0.090909,0.6,0,0,0,0,0,0.25,0,0,0,0,0,0,0.15,0,0,0,0,0,0,0,0,0,0,0,0,0,0.063636,0,0,0,0,0,0,0.43939,0,0,0,0,0,0,0.49697,0,0,0,0,0,0,0.0060606,0,0,0,0,0,0,0.16364,0,0,0,0,0,0,0.8303,0.5,0,0,0,0,0,0,0,0,0,0,0,0,0.034848,0,0,0,0,0,0,0.46515,0.6,0,0,0,0,0,0.12727,0,0,0,0,0,0,0.27273,0,0,0,0,0,0,0,0.037879,0,0,0,0,0,0.16515,0,0,0,0,0,0,0.63788,0,0,0,0,0,0,0.15909,0.019697,0,0,0,0,0,0.069697,0,0,0,0,0,0,0.40455,0,0,0,0,0,0,0.50606,0.57121,0,0,0,0,0,0.22121,0,0,0,0,0,0,0.20758,0,0,0,0,0,0,0,0.90909,0,0,0,0,0,0.051515,0,0,0,0,0,0,0.039394,0,0,0,0,0,0,0,0.89091,0,0,0,0,0,0.098485,0,0,0,0,0,0,0.010606,0,0,0,0,0,0,0,0.84545,0,0,0,0,0,0.080303,0,0,0,0,0,0,0.060606,0,0,0,0,0,0,0.013636,0.88939,0,0,0,0,0,0.11061,0,0,0,0,0,0,0,0,0,0,0,0,0,0
0.92727,0,0,0,0,0,0,0,0,0,0,0,0,0.018182,0,0,0,0,0,0,0.054545,0.81818,0,0,0,0,0,0,0,0,0,0,0,0,0.095455,0,0,0,0,0,0,0.086364,0.81818,0,0,0,0,0,0,0,0,0,0,0,0,0.0060606,0,0,0,0,0,0,0.17576,0.90909,0,0,0,0,0,0,0,0,0,0,0,0,0,0,0,0,0,0,0,0.090909,0.6,0,0,0,0,0,0,0,0,0,0,0,0,0.14091,0,0,0,0,0,0,0.25909,0,0,0,0,0,0,0,0,0,0,0,0,0,0.31061,0,0,0,0,0,0,0.68939,0,0,0,0,0,0,0.016667,0,0,0,0,0,0,0.2697,0,0,0,0,0,0,0.71364,0.5,0,0,0,0,0,0.033333,0,0,0,0,0,0,0.35909,0,0,0,0,0,0,0.10758,0.6,0,0,0,0,0,0.22121,0,0,0,0,0,0,0.05303,0,0,0,0,0,0,0.12576,0,0,0,0,0,0,0.14242,0,0,0,0,0,0,0.31515,0,0,0,0,0,0,0.54242,0,0,0,0,0,0,0.081818,0,0,0,0,0,0,0.49848,0,0,0,0,0,0,0.4197,0.5,0,0,0,0,0,0.29091,0,0,0,0,0,0,0.1697,0,0,0,0,0,0,0.039394,0.90909,0,0,0,0,0,0.090909,0,0,0,0,0,0,0,0,0,0,0,0,0,0,0.77273,0,0,0,0,0,0.037879,0,0,0,0,0,0,0.056061,0,0,0,0,0,0,0.13333,0.77273,0,0,0,0,0,0,0,0,0,0,0,0,0.19091,0,0,0,0,0,0,0.036364,0.88788,0,0,0,0,0,0.11212,0,0,0,0,0,0,0,0,0,0,0,0,0,0
0.92727,0,0,0,0,0,0,0,0,0,0,0,0,0.036364,0,0,0,0,0,0,0.036364,0.81818,0,0,0,0,0,0.0060606,0,0,0,0,0,0,0.045455,0,0,0,0,0,0,0.1303,0.81818,0,0,0,0,0,0,0,0,0,0,0,0,0.028788,0,0,0,0,0,0,0.15303,0.90909,0,0,0,0,0,0,0,0,0,0,0,0,0.025758,0,0,0,0,0,0,0.065152,0.6,0,0,0,0,0,0,0,0,0,0,0,0,0.37121,0,0,0,0,0,0,0.028788,0.0015152,0,0,0,0,0,0.089394,0,0,0,0,0,0,0.47879,0,0,0,0,0,0,0.4303,0,0,0,0,0,0,0.0015152,0,0,0,0,0,0,0.098485,0,0,0,0,0,0,0.9,0.5,0,0,0,0,0,0.0015152,0,0,0,0,0,0,0.077273,0,0,0,0,0,0,0.42121,0.6,0,0,0,0,0,0,0,0,0,0,0,0,0.4,0,0,0,0,0,0,0,0,0,0,0,0,0,0.012121,0,0,0,0,0,0,0.84848,0,0,0,0,0,0,0.13939,0,0,0,0,0,0,0.030303,0,0,0,0,0,0,0.64242,0,0,0,0,0,0,0.32727,0.5,0,0,0,0,0,0.13182,0,0,0,0,0,0,0.17576,0,0,0,0,0,0,0.19242,0.90909,0,0,0,0,0,0,0,0,0,0,0,0,0.090909,0,0,0,0,0,0,0,0.77273,0,0,0,0,0,0,0,0,0,0,0,0,0.22727,0,0,0,0,0,0,0,0.77273,0,0,0,0,0,0.018182,0,0,0,0,0,0,0.20909,0,0,0,0,0,0,0,0.88636,0,0,0,0,0,0.11364,0,0,0,0,0,0,0,0,0,0,0,0,0,0
0.92727,0,0,0,0,0,0.066667,0,0,0,0,0,0,0.0060606,0,0,0,0,0,0,0,0.81818,0,0,0,0,0,0.036364,0,0,0,0,0,0,0.033333,0,0,0,0,0,0,0.11212,0.81818,0,0,0,0,0,0.0045455,0,0,0,0,0,0,0.05,0,0,0,0,0,0,0.12727,0.90909,0,0,0,0,0,0,0,0,0,0,0,0,0.090909,0,0,0,0,0,0,0,0.60152,0,0,0,0,0,0.39545,0,0,0,0,0,0,0.0030303,0,0,0,0,0,0,0,0,0,0,0,0,0,0.11667,0,0,0,0,0,0,0.1803,0,0,0,0,0,0,0.70303,0,0,0,0,0,0,0.012121,0,0,0,0,0,0,0.13485,0,0,0,0,0,0,0.85303,0.50758,0,0,0,0,0,0.04697,0,0,0,0,0,0,0.23333,0,0,0,0,0,0,0.21212,0.99394,0,0,0,0,0,0.0060606,0,0,0,0,0,0,0,0,0,0,0,0,0,0,0.13788,0,0,0,0,0,0.22121,0,0,0,0,0,0,0.57727,0,0,0,0,0,0,0.063636,0.013636,0,0,0,0,0,0.13182,0,0,0,0,0,0,0.36667,0,0,0,0,0,0,0.48788,0.75303,0,0,0,0,0,0.16667,0,0,0,0,0,0,0.069697,0,0,0,0,0,0,0.010606,1,0,0,0,0,0,0,0,0,0,0,0,0,0,0,0,0,0,0,0,0,0.96818,0,0,0,0,0,0.031818,0,0,0,0,0,0,0,0,0,0,0,0,0,0,0.83788,0,0,0,0,0,0.10606,0,0,0,0,0,0,0.042424,0,0,0,0,0,0,0.013636,1,0,0,0,0,0,0,0,0,0,0,0,0,0,0,0,0,0,0,0,0
0.92727,0,0,0,0,0,0,0,0,0,0,0,0,0.012121,0,0,0,0,0,0,0.060606,0.81818,0,0,0,0,0,0,0,0,0,0,0,0,0.05,0,0,0,0,0,0,0.13182,0.81818,0,0,0,0,0,0,0,0,0,0,0,0,0.036364,0,0,0,0,0,0,0.14545,0.90909,0,0,0,0,0,0,0,0,0,0,0,0,0.090909,0,0,0,0,0,0,0,0.6,0,0,0,0,0,0.12727,0,0,0,0,0,0,0.26667,0,0,0,0,0,0,0.0060606,0,0,0,0,0,0,0.18939,0,0,0,0,0,0,0.42879,0,0,0,0,0,0,0.38182,0,0,0,0,0,0,0.021212,0,0,0,0,0,0,0.29091,0,0,0,0,0,0,0.68788,0.5,0,0,0,0,0,0,0,0,0,0,0,0,0.46818,0,0,0,0,0,0,0.031818,0.6,0,0,0,0,0,0.28485,0,0,0,0,0,0,0.086364,0,0,0,0,0,0,0.028788,0,0,0,0,0,0,0.18485,0,0,0,0,0,0,0.77576,0,0,0,0,0,0,0.039394,0,0,0,0,0,0,0.019697,0,0,0,0,0,0,0.48485,0,0,0,0,0,0,0.49545,0.5,0,0,0,0,0,0.19848,0,0,0,0,0,0,0.1803,0,0,0,0,0,0,0.12121,0.90909,0,0,0,0,0,0.04697,0,0,0,0,0,0,0.039394,0,0,0,0,0,0,0.0045455,0.77879,0,0,0,0,0,0.077273,0,0,0,0,0,0,0.10455,0,0,0,0,0,0,0.039394,0.77273,0,0,0,0,0,0.0075758,0,0,0,0,0,0,0.1,0,0,0,0,0,0,0.1197,0.88636,0,0,0,0,0,0.093939,0,0,0,0,0,0,0.019697,0,0,0,0,0,0,0
0.92727,0,0,0,0,0,0,0,0,0,0,0,0,0.021212,0,0,0,0,0,0,0.051515,0.81818,0,0,0,0,0,0,0,0,0,0,0,0,0.05303,0,0,0,0,0,0,0.12879,0.81818,0,0,0,0,0,0,0,0,0,0,0,0,0.012121,0,0,0,0,0,0,0.1697,0.90909,0,0,0,0,0,0,0,0,0,0,0,0,0,0,0,0,0,0,0,0.090909,0.6,0,0,0,0,0,0,0,0,0,0,0,0,0.19091,0,0,0,0,0,0,0.20909,0,0,0,0,0,0,0,0,0,0,0,0,0,0.35303,0,0,0,0,0,0,0.64697,0,0,0,0,0,0,0.019697,0,0,0,0,0,0,0.21667,0,0,0,0,0,0,0.76364,0.5,0,0,0,0,0,0,0,0,0,0,0,0,0.087879,0,0,0,0,0,0,0.41212,0.64545,0,0,0,0,0,0.10606,0,0,0,0,0,0,0.24848,0,0,0,0,0,0,0,0,0,0,0,0,0,0.15909,0,0,0,0,0,0,0.18485,0,0,0,0,0,0,0.65606,0,0,0,0,0,0,0.45606,0,0,0,0,0,0,0.41667,0,0,0,0,0,0,0.12727,0.5,0,0,0,0,0,0.37273,0,0,0,0,0,0,0.1197,0,0,0,0,0,0,0.0075758,0.90909,0,0,0,0,0,0.090909,0,0,0,0,0,0,0,0,0,0,0,0,0,0,0.77273,0,0,0,0,0,0.22727,0,0,0,0,0,0,0,0,0,0,0,0,0,0,0.7803,0,0,0,0,0,0.2197,0,0,0,0,0,0,0,0,0,0,0,0,0,0,0.97121,0,0,0,0,0,0.028788,0,0,0,0,0,0,0,0,0,0,0,0,0,0
0.92727,0,0,0,0,0,0.0060606,0,0,0,0,0,0,0.013636,0,0,0,0,0,0,0.05303,0.81818,0,0,0,0,0,0,0,0,0,0,0,0,0.0060606,0,0,0,0,0,0,0.17576,0.81818,0,0,0,0,0,0,0,0,0,0,0,0,0.031818,0,0,0,0,0,0,0.15,0.90909,0,0,0,0,0,0,0,0,0,0,0,0,0.090909,0,0,0,0,0,0,0,0.6,0,0,0,0,0,0.031818,0,0,0,0,0,0,0.11364,0,0,0,0,0,0,0.25455,0,0,0,0,0,0,0.054545,0,0,0,0,0,0,0.14697,0,0,0,0,0,0,0.79848,0,0,0,0,0,0,0.016667,0,0,0,0,0,0,0.25758,0,0,0,0,0,0,0.72576,0.5,0,0,0,0,0,0.015152,0,0,0,0,0,0,0.43636,0,0,0,0,0,0,0.048485,0.89697,0,0,0,0,0,0.069697,0,0,0,0,0,0,0.022727,0,0,0,0,0,0,0.010606,0.2,0,0,0,0,0,0.38788,0,0,0,0,0,0,0.3197,0,0,0,0,0,0,0.092424,0.015152,0,0,0,0,0,0.31364,0,0,0,0,0,0,0.36212,0,0,0,0,0,0,0.30909,0.5,0,0,0,0,0,0.036364,0,0,0,0,0,0,0.35909,0,0,0,0,0,0,0.10455,1,0,0,0,0,0,0,0,0,0,0,0,0,0,0,0,0,0,0,0,0,0.81212,0,0,0,0,0,0.090909,0,0,0,0,0,0,0.09697,0,0,0,0,0,0,0,0.77273,0,0,0,0,0,0.090909,0,0,0,0,0,0,0.13636,0,0,0,0,0,0,0,0.88636,0,0,0,0,0,0.030303,0,0,0,0,0,0,0.083333,0,0,0,0,0,0,0
0.93636,0,0,0,0,0,0.045455,0,0,0,0,0,0,0.015152,0,0,0,0,0,0,0.0030303,0.84545,0,0,0,0,0,0.066667,0,0,0,0,0,0,0.036364,0,0,0,0,0,0,0.051515,0.84242,0,0,0,0,0,0.092424,0,0,0,0,0,0,0.04697,0,0,0,0,0,0,0.018182,0.91061,0,0,0,0,0,0.065152,0,0,0,0,0,0,0.010606,0,0,0,0,0,0,0.013636,0.6,0,0,0,0,0,0.018182,0,0,0,0,0,0,0.19242,0,0,0,0,0,0,0.18939,0.0045455,0,0,0,0,0,0.14394,0,0,0,0,0,0,0.50455,0,0,0,0,0,0,0.34697,0.15758,0,0,0,0,0,0.45,0,0,0,0,0,0,0.31364,0,0,0,0,0,0,0.078788,0.50152,0,0,0,0,0,0.18485,0,0,0,0,0,0,0.13788,0,0,0,0,0,0,0.17576,0.6,0,0,0,0,0,0,0,0,0,0,0,0,0.12576,0,0,0,0,0,0,0.27424,0,0,0,0,0,0,0.019697,0,0,0,0,0,0,0.49545,0,0,0,0,0,0,0.48485,0.17121,0,0,0,0,0,0.32424,0,0,0,0,0,0,0.42879,0,0,0,0,0,0,0.075758,0.5,0,0,0,0,0,0.11364,0,0,0,0,0,0,0.29545,0,0,0,0,0,0,0.090909,0.90909,0,0,0,0,0,0.0015152,0,0,0,0,0,0,0.0030303,0,0,0,0,0,0,0.086364,0.77273,0,0,0,0,0,0,0,0,0,0,0,0,0.037879,0,0,0,0,0,0,0.18939,0.78939,0,0,0,0,0,0.063636,0,0,0,0,0,0,0.093939,0,0,0,0,0,0,0.05303,0.88636,0,0,0,0,0,0.027273,0,0,0,0,0,0,0.043939,0,0,0,0,0,0,0.042424
0.92727,0,0,0,0,0,0.0030303,0,0,0,0,0,0,0.037879,0,0,0,0,0,0,0.031818,0.8197,0,0,0,0,0,0.065152,0,0,0,0,0,0,0.083333,0,0,0,0,0,0,0.031818,0.81818,0,0,0,0,0,0.018182,0,0,0,0,0,0,0.12273,0,0,0,0,0,0,0.040909,0.90909,0,0,0,0,0,0,0,0,0,0,0,0,0.074242,0,0,0,0,0,0,0.016667,0.6,0,0,0,0,0,0.013636,0,0,0,0,0,0,0.11515,0,0,0,0,0,0,0.27121,0.024242,0,0,0,0,0,0.33333,0,0,0,0,0,0,0.51818,0,0,0,0,0,0,0.12424,0.0030303,0,0,0,0,0,0.089394,0,0,0,0,0,0,0.54242,0,0,0,0,0,0,0.36515,0.5,0,0,0,0,0,0.031818,0,0,0,0,0,0,0.29394,0,0,0,0,0,0,0.17424,0.6,0,0,0,0,0,0,0,0,0,0,0,0,0.16364,0,0,0,0,0,0,0.23636,0.012121,0,0,0,0,0,0.14545,0,0,0,0,0,0,0.57424,0,0,0,0,0,0,0.26818,0.0030303,0,0,0,0,0,0.11667,0,0,0,0,0,0,0.3803,0,0,0,0,0,0,0.5,0.50152,0,0,0,0,0,0.022727,0,0,0,0,0,0,0.17121,0,0,0,0,0,0,0.30455,0.90909,0,0,0,0,0,0,0,0,0,0,0,0,0.040909,0,0,0,0,0,0,0.05,0.77727,0,0,0,0,0,0.034848,0,0,0,0,0,0,0.12121,0,0,0,0,0,0,0.066667,0.77273,0,0,0,0,0,0.012121,0,0,0,0,0,0,0.084848,0,0,0,0,0,0,0.1303,0.88636,0,0,0,0,0,0.0030303,0,0,0,0,0,0,0.028788,0,0,0,0,0,0,0.081818
0.97879,0,0,0,0,0,0.0045455,0,0,0,0,0,0,0.0045455,0,0,0,0,0,0,0.012121,0.81818,0,0,0,0,0,0.010606,0,0,0,0,0,0,0.063636,0,0,0,0,0,0,0.10758,0.81818,0,0,0,0,0,0.013636,0,0,0,0,0,0,0.068182,0,0,0,0,0,0,0.1,0.90909,0,0,0,0,0,0,0,0,0,0,0,0,0.019697,0,0,0,0,0,0,0.071212,0.64394,0,0,0,0,0,0.25455,0,0,0,0,0,0,0.039394,0,0,0,0,0,0,0.062121,0,0,0,0,0,0,0.025758,0,0,0,0,0,0,0.52424,0,0,0,0,0,0,0.45,0.013636,0,0,0,0,0,0.10758,0,0,0,0,0,0,0.25,0,0,0,0,0,0,0.62879,0.5,0,0,0,0,0,0.0045455,0,0,0,0,0,0,0.20152,0,0,0,0,0,0,0.29394,0.6,0,0,0,0,0,0.25909,0,0,0,0,0,0,0.04697,0,0,0,0,0,0,0.093939,0,0,0,0,0,0,0.021212,0,0,0,0,0,0,0.4803,0,0,0,0,0,0,0.49848,0.11364,0,0,0,0,0,0.18636,0,0,0,0,0,0,0.15455,0,0,0,0,0,0,0.54545,0.50909,0,0,0,0,0,0.056061,0,0,0,0,0,0,0.18636,0,0,0,0,0,0,0.24848,0.90909,0,0,0,0,0,0.043939,0,0,0,0,0,0,0.042424,0,0,0,0,0,0,0.0045455,0.77727,0,0,0,0,0,0.018182,0,0,0,0,0,0,0.090909,0,0,0,0,0,0,0.11364,0.84394,0,0,0,0,0,0.093939,0,0,0,0,0,0,0.040909,0,0,0,0,0,0,0.021212,0.9197,0,0,0,0,0,0.036364,0,0,0,0,0,0,0.013636,0,0,0,0,0,0,0.030303
0.92727,0,0,0,0,0,0.0060606,0,0,0,0,0,0,0.012121,0,0,0,0,0,0,0.054545,0.81818,0,0,0,0,0,0,0,0,0,0,0,0,0,0,0,0,0,0,0,0.18182,0.81818,0,0,0,0,0,0,0,0,0,0,0,0,0.025758,0,0,0,0,0,0,0.15606,0.90909,0,0,0,0,0,0.0060606,0,0,0,0,0,0,0.0060606,0,0,0,0,0,0,0.078788,0.61212,0,0,0,0,0,0.068182,0,0,0,0,0,0,0.15758,0,0,0,0,0,0,0.16212,0,0,0,0,0,0,0.021212,0,0,0,0,0,0,0.16212,0,0,0,0,0,0,0.81667,0,0,0,0,0,0,0,0,0,0,0,0,0,0.11061,0,0,0,0,0,0,0.88939,0.5,0,0,0,0,0,0.039394,0,0,0,0,0,0,0.027273,0,0,0,0,0,0,0.43333,0.82273,0,0,0,0,0,0.15909,0,0,0,0,0,0,0.018182,0,0,0,0,0,0,0,0.21364,0,0,0,0,0,0.49394,0,0,0,0,0,0,0.18182,0,0,0,0,0,0,0.11061,0.35152,0,0,0,0,0,0.31364,0,0,0,0,0,0,0.089394,0,0,0,0,0,0,0.24545,0.82727,0,0,0,0,0,0.010606,0,0,0,0,0,0,0.059091,0,0,0,0,0,0,0.10303,0.94091,0,0,0,0,0,0.059091,0,0,0,0,0,0,0,0,0,0,0,0,0,0,0.91364,0,0,0,0,0,0.086364,0,0,0,0,0,0,0,0,0,0,0,0,0,0,0.95455,0,0,0,0,0,0.045455,0,0,0,0,0,0,0,0,0,0,0,0,0,0,1,0,0,0,0,0,0,0,0,0,0,0,0,0,0,0,0,0,0,0,0
0.92727,0,0,0,0,0,0.024242,0,0,0,0,0,0,0.048485,0,0,0,0,0,0,0,0.81818,0,0,0,0,0,0.012121,0,0,0,0,0,0,0.057576,0,0,0,0,0,0,0.11212,0.81818,0,0,0,0,0,0.019697,0,0,0,0,0,0,0.083333,0,0,0,0,0,0,0.078788,0.90909,0,0,0,0,0,0.013636,0,0,0,0,0,0,0.066667,0,0,0,0,0,0,0.010606,0.6,0,0,0,0,0,0.13788,0,0,0,0,0,0,0.21212,0,0,0,0,0,0,0.05,0,0,0,0,0,0,0.087879,0,0,0,0,0,0,0.25,0,0,0,0,0,0,0.66212,0,0,0,0,0,0,0.11818,0,0,0,0,0,0,0.25455,0,0,0,0,0,0,0.62727,0.51364,0,0,0,0,0,0.10909,0,0,0,0,0,0,0.1197,0,0,0,0,0,0,0.25758,0.6,0,0,0,0,0,0.19848,0,0,0,0,0,0,0.12879,0,0,0,0,0,0,0.072727,0,0,0,0,0,0,0.12576,0,0,0,0,0,0,0.40606,0,0,0,0,0,0,0.46818,0,0,0,0,0,0,0.016667,0,0,0,0,0,0,0.31515,0,0,0,0,0,0,0.66818,0.5,0,0,0,0,0,0.040909,0,0,0,0,0,0,0.21515,0,0,0,0,0,0,0.24394,0.90909,0,0,0,0,0,0.077273,0,0,0,0,0,0,0.013636,0,0,0,0,0,0,0,0.77273,0,0,0,0,0,0.05303,0,0,0,0,0,0,0.13485,0,0,0,0,0,0,0.039394,0.77273,0,0,0,0,0,0,0,0,0,0,0,0,0.054545,0,0,0,0,0,0,0.17273,0.88636,0,0,0,0,0,0.05303,0,0,0,0,0,0,0.015152,0,0,0,0,0,0,0.045455
0.95152,0,0,0,0,0,0.048485,0,0,0,0,0,0,0,0,0,0,0,0,0,0,0.8197,0,0,0,0,0,0.10606,0,0,0,0,0,0,0.066667,0,0,0,0,0,0,0.0075758,0.87727,0,0,0,0,0,0.084848,0,0,0,0,0,0,0.034848,0,0,0,0,0,0,0.0030303,0.90909,0,0,0,0,0,0.036364,0,0,0,0,0,0,0.054545,0,0,0,0,0,0,0,0.60455,0,0,0,0,0,0.019697,0,0,0,0,0,0,0.20606,0,0,0,0,0,0,0.1697,0,0,0,0,0,0,0.018182,0,0,0,0,0,0,0.50152,0,0,0,0,0,0,0.4803,0.14697,0,0,0,0,0,0.25606,0,0,0,0,0,0,0.41667,0,0,0,0,0,0,0.1803,0.5,0,0,0,0,0,0,0,0,0,0,0,0,0.4303,0,0,0,0,0,0,0.069697,0.6,0,0,0,0,0,0.0015152,0,0,0,0,0,0,0.025758,0,0,0,0,0,0,0.37273,0,0,0,0,0,0,0.048485,0,0,0,0,0,0,0.25455,0,0,0,0,0,0,0.69697,0,0,0,0,0,0,0.081818,0,0,0,0,0,0,0.50909,0,0,0,0,0,0,0.40909,0.5,0,0,0,0,0,0,0,0,0,0,0,0,0.068182,0,0,0,0,0,0,0.43182,0.90909,0,0,0,0,0,0,0,0,0,0,0,0,0,0,0,0,0,0,0,0.090909,0.77273,0,0,0,0,0,0.013636,0,0,0,0,0,0,0.037879,0,0,0,0,0,0,0.17576,0.77273,0,0,0,0,0,0.0060606,0,0,0,0,0,0,0.039394,0,0,0,0,0,0,0.18182,0.88636,0,0,0,0,0,0,0,0,0,0,0,0,0,0,0,0,0,0,0,0.11364
0.92727,0,0,0,0,0,0,0,0,0,0,0,0,0.072727,0,0,0,0,0,0,0,0.8303,0,0,0,0,0,0.078788,0,0,0,0,0,0,0.080303,0,0,0,0,0,0,0.010606,0.81818,0,0,0,0,0,0.022727,0,0,0,0,0,0,0.15758,0,0,0,0,0,0,0.0015152,0.90909,0,0,0,0,0,0,0,0,0,0,0,0,0.090909,0,0,0,0,0,0,0,0.60152,0,0,0,0,0,0.13636,0,0,0,0,0,0,0.17424,0,0,0,0,0,0,0.087879,0.015152,0,0,0,0,0,0.21667,0,0,0,0,0,0,0.39394,0,0,0,0,0,0,0.37424,0,0,0,0,0,0,0.054545,0,0,0,0,0,0,0.48182,0,0,0,0,0,0,0.46364,0.5,0,0,0,0,0,0.031818,0,0,0,0,0,0,0.060606,0,0,0,0,0,0,0.40758,0.6,0,0,0,0,0,0.062121,0,0,0,0,0,0,0.19848,0,0,0,0,0,0,0.13939,0,0,0,0,0,0,0.16515,0,0,0,0,0,0,0.43485,0,0,0,0,0,0,0.4,0.010606,0,0,0,0,0,0.045455,0,0,0,0,0,0,0.30909,0,0,0,0,0,0,0.63485,0.5,0,0,0,0,0,0,0,0,0,0,0,0,0.0075758,0,0,0,0,0,0,0.49242,0.90909,0,0,0,0,0,0.025758,0,0,0,0,0,0,0.034848,0,0,0,0,0,0,0.030303,0.77273,0,0,0,0,0,0.037879,0,0,0,0,0,0,0.12727,0,0,0,0,0,0,0.062121,0.77273,0,0,0,0,0,0.015152,0,0,0,0,0,0,0.060606,0,0,0,0,0,0,0.15152,0.88636,0,0,0,0,0,0,0,0,0,0,0,0,0,0,0,0,0,0,0,0.11364
0.92727,0,0,0,0,0,0,0,0,0,0,0,0,0.018182,0,0,0,0,0,0,0.054545,0.81818,0,0,0,0,0,0.024242,0,0,0,0,0,0,0.077273,0,0,0,0,0,0,0.080303,0.85152,0,0,0,0,0,0.05,0,0,0,0,0,0,0.098485,0,0,0,0,0,0,0,0.90909,0,0,0,0,0,0,0,0,0,0,0,0,0.090909,0,0,0,0,0,0,0,0.6,0,0,0,0,0,0.0030303,0,0,0,0,0,0,0.05303,0,0,0,0,0,0,0.34394,0.0015152,0,0,0,0,0,0.030303,0,0,0,0,0,0,0.19394,0,0,0,0,0,0,0.77424,0.11515,0,0,0,0,0,0.22121,0,0,0,0,0,0,0.63636,0,0,0,0,0,0,0.027273,0.5,0,0,0,0,0,0.04697,0,0,0,0,0,0,0.45303,0,0,0,0,0,0,0,0.6,0,0,0,0,0,0,0,0,0,0,0,0,0.15,0,0,0,0,0,0,0.25,0,0,0,0,0,0,0.022727,0,0,0,0,0,0,0.29697,0,0,0,0,0,0,0.6803,0.21364,0,0,0,0,0,0.35152,0,0,0,0,0,0,0.38333,0,0,0,0,0,0,0.051515,0.60152,0,0,0,0,0,0.077273,0,0,0,0,0,0,0.32121,0,0,0,0,0,0,0,0.90909,0,0,0,0,0,0,0,0,0,0,0,0,0.016667,0,0,0,0,0,0,0.074242,0.77273,0,0,0,0,0,0.013636,0,0,0,0,0,0,0.060606,0,0,0,0,0,0,0.15303,0.81364,0,0,0,0,0,0.13182,0,0,0,0,0,0,0.040909,0,0,0,0,0,0,0.013636,0.88636,0,0,0,0,0,0.025758,0,0,0,0,0,0,0.087879,0,0,0,0,0,0,0
0.92727,0,0,0,0,0,0.0090909,0,0,0,0,0,0,0.054545,0,0,0,0,0,0,0.0090909,0.85758,0,0,0,0,0,0.065152,0,0,0,0,0,0,0.043939,0,0,0,0,0,0,0.033333,0.98788,0,0,0,0,0,0.012121,0,0,0,0,0,0,0,0,0,0,0,0,0,0,1,0,0,0,0,0,0,0,0,0,0,0,0,0,0,0,0,0,0,0,0,0.60152,0,0,0,0,0,0.048485,0,0,0,0,0,0,0.12727,0,0,0,0,0,0,0.22273,0.015152,0,0,0,0,0,0.15758,0,0,0,0,0,0,0.18788,0,0,0,0,0,0,0.63939,0.10758,0,0,0,0,0,0.89242,0,0,0,0,0,0,0,0,0,0,0,0,0,0,0.61515,0,0,0,0,0,0.38485,0,0,0,0,0,0,0,0,0,0,0,0,0,0,0.6,0,0,0,0,0,0.0015152,0,0,0,0,0,0,0.16364,0,0,0,0,0,0,0.23485,0.0090909,0,0,0,0,0,0.022727,0,0,0,0,0,0,0.27424,0,0,0,0,0,0,0.69394,0.13333,0,0,0,0,0,0.58485,0,0,0,0,0,0,0.11818,0,0,0,0,0,0,0.16364,0.68333,0,0,0,0,0,0.31667,0,0,0,0,0,0,0,0,0,0,0,0,0,0,0.90909,0,0,0,0,0,0,0,0,0,0,0,0,0.033333,0,0,0,0,0,0,0.057576,0.77273,0,0,0,0,0,0,0,0,0,0,0,0,0.066667,0,0,0,0,0,0,0.16061,0.79697,0,0,0,0,0,0.089394,0,0,0,0,0,0,0.063636,0,0,0,0,0,0,0.05,0.98788,0,0,0,0,0,0.012121,0,0,0,0,0,0,0,0,0,0,0,0,0,0
0.92727,0,0,0,0,0,0,0,0,0,0,0,0,0,0,0,0,0,0,0,0.072727,0.81818,0,0,0,0,0,0,0,0,0,0,0,0,0,0,0,0,0,0,0,0.18182,0.81818,0,0,0,0,0,0,0,0,0,0,0,0,0,0,0,0,0,0,0,0.18182,0.90909,0,0,0,0,0,0,0,0,0,0,0,0,0,0,0,0,0,0,0,0.090909,0.6,0,0,0,0,0,0,0,0,0,0,0,0,0,0,0,0,0,0,0,0.4,0,0,0,0,0,0,0,0,0,0,0,0,0,0,0,0,0,0,0,0,1,0,0,0,0,0,0,0,0,0,0,0,0,0,0,0,0,0,0,0,0,1,0.5,0,0,0,0,0,0,0,0,0,0,0,0,0,0,0,0,0,0,0,0.5,0.6,0,0,0,0,0,0,0,0,0,0,0,0,0,0,0,0,0,0,0,0.4,0,0,0,0,0,0,0,0,0,0,0,0,0,0.0030303,0,0,0,0,0,0,0.99697,0,0,0,0,0,0,0,0,0,0,0,0,0,0,0,0,0,0,0,0,1,0.5,0,0,0,0,0,0,0,0,0,0,0,0,0,0,0,0,0,0,0,0.5,0.90909,0,0,0,0,0,0,0,0,0,0,0,0,0,0,0,0,0,0,0,0.090909,0.77273,0,0,0,0,0,0,0,0,0,0,0,0,0.010606,0,0,0,0,0,0,0.21667,0.77273,0,0,0,0,0,0,0,0,0,0,0,0,0.016667,0,0,0,0,0,0,0.21061,0.88636,0,0,0,0,0,0,0,0,0,0,0,0,0,0,0,0,0,0,0,0.11364
0.92727,0,0,0,0,0,0,0,0,0,0,0,0,0.021212,0,0,0,0,0,0,0.051515,0.81818,0,0,0,0,0,0,0,0,0,0,0,0,0,0,0,0,0,0,0,0.18182,0.81818,0,0,0,0,0,0,0,0,0,0,0,0,0,0,0,0,0,0,0,0.18182,0.90909,0,0,0,0,0,0,0,0,0,0,0,0,0.0075758,0,0,0,0,0,0,0.083333,0.6,0,0,0,0,0,0,0,0,0,0,0,0,0.022727,0,0,0,0,0,0,0.37727,0,0,0,0,0,0,0,0,0,0,0,0,0,0.0015152,0,0,0,0,0,0,0.99848,0,0,0,0,0,0,0,0,0,0,0,0,0,0,0,0,0,0,0,0,1,0.5,0,0,0,0,0,0,0,0,0,0,0,0,0.1803,0,0,0,0,0,0,0.3197,0.6,0,0,0,0,0,0,0,0,0,0,0,0,0,0,0,0,0,0,0,0.4,0,0,0,0,0,0,0,0,0,0,0,0,0,0.024242,0,0,0,0,0,0,0.97576,0,0,0,0,0,0,0,0,0,0,0,0,0,0.2197,0,0,0,0,0,0,0.7803,0.5,0,0,0,0,0,0.039394,0,0,0,0,0,0,0.27727,0,0,0,0,0,0,0.18333,0.90909,0,0,0,0,0,0,0,0,0,0,0,0,0,0,0,0,0,0,0,0.090909,0.77273,0,0,0,0,0,0,0,0,0,0,0,0,0.021212,0,0,0,0,0,0,0.20606,0.77273,0,0,0,0,0,0.0030303,0,0,0,0,0,0,0.05303,0,0,0,0,0,0,0.17121,0.88636,0,0,0,0,0,0,0,0,0,0,0,0,0,0,0,0,0,0,0,0.11364
1,0,0,0,0,0,0,0,0,0,0,0,0,0,0,0,0,0,0,0,0,0.84242,0,0,0,0,0,0.078788,0,0,0,0,0,0,0.078788,0,0,0,0,0,0,0,0.86212,0,0,0,0,0,0.13788,0,0,0,0,0,0,0,0,0,0,0,0,0,0,0.98939,0,0,0,0,0,0.010606,0,0,0,0,0,0,0,0,0,0,0,0,0,0,1,0,0,0,0,0,0,0,0,0,0,0,0,0,0,0,0,0,0,0,0,0.19697,0,0,0,0,0,0.62121,0,0,0,0,0,0,0.18182,0,0,0,0,0,0,0,0.033333,0,0,0,0,0,0.25303,0,0,0,0,0,0,0.19545,0,0,0,0,0,0,0.51818,0.5,0,0,0,0,0,0.025758,0,0,0,0,0,0,0.043939,0,0,0,0,0,0,0.4303,1,0,0,0,0,0,0,0,0,0,0,0,0,0,0,0,0,0,0,0,0,0.35,0,0,0,0,0,0.39091,0,0,0,0,0,0,0.23333,0,0,0,0,0,0,0.025758,0,0,0,0,0,0,0.027273,0,0,0,0,0,0,0.18939,0,0,0,0,0,0,0.78333,0.5,0,0,0,0,0,0,0,0,0,0,0,0,0,0,0,0,0,0,0,0.5,1,0,0,0,0,0,0,0,0,0,0,0,0,0,0,0,0,0,0,0,0,0.94545,0,0,0,0,0,0.04697,0,0,0,0,0,0,0.0075758,0,0,0,0,0,0,0,0.77273,0,0,0,0,0,0.0030303,0,0,0,0,0,0,0.062121,0,0,0,0,0,0,0.16212,0.88636,0,0,0,0,0,0,0,0,0,0,0,0,0.019697,0,0,0,0,0,0,0.093939
0.93788,0,0,0,0,0,0.062121,0,0,0,0,0,0,0,0,0,0,0,0,0,0,0.82576,0,0,0,0,0,0.039394,0,0,0,0,0,0,0.051515,0,0,0,0,0,0,0.083333,0.8197,0,0,0,0,0,0.016667,0,0,0,0,0,0,0.068182,0,0,0,0,0,0,0.095455,0.92727,0,0,0,0,0,0.036364,0,0,0,0,0,0,0.019697,0,0,0,0,0,0,0.016667,0.61061,0,0,0,0,0,0.38939,0,0,0,0,0,0,0,0,0,0,0,0,0,0,0.036364,0,0,0,0,0,0.18939,0,0,0,0,0,0,0.49697,0,0,0,0,0,0,0.27727,0,0,0,0,0,0,0.022727,0,0,0,0,0,0,0.43636,0,0,0,0,0,0,0.54091,0.5,0,0,0,0,0,0.018182,0,0,0,0,0,0,0.27879,0,0,0,0,0,0,0.20303,0.72121,0,0,0,0,0,0.27879,0,0,0,0,0,0,0,0,0,0,0,0,0,0,0.080303,0,0,0,0,0,0.14091,0,0,0,0,0,0,0.29242,0,0,0,0,0,0,0.48636,0,0,0,0,0,0,0.010606,0,0,0,0,0,0,0.16212,0,0,0,0,0,0,0.82727,0.5,0,0,0,0,0,0.018182,0,0,0,0,0,0,0.27576,0,0,0,0,0,0,0.20606,1,0,0,0,0,0,0,0,0,0,0,0,0,0,0,0,0,0,0,0,0,0.81667,0,0,0,0,0,0.043939,0,0,0,0,0,0,0.075758,0,0,0,0,0,0,0.063636,0.77273,0,0,0,0,0,0.0030303,0,0,0,0,0,0,0.074242,0,0,0,0,0,0,0.15,0.88636,0,0,0,0,0,0,0,0,0,0,0,0,0.045455,0,0,0,0,0,0,0.068182
0.9697,0,0,0,0,0,0.024242,0,0,0,0,0,0,0.0060606,0,0,0,0,0,0,0,0.81818,0,0,0,0,0,0.013636,0,0,0,0,0,0,0.090909,0,0,0,0,0,0,0.077273,0.81818,0,0,0,0,0,0.018182,0,0,0,0,0,0,0.09697,0,0,0,0,0,0,0.066667,0.9197,0,0,0,0,0,0.031818,0,0,0,0,0,0,0.0060606,0,0,0,0,0,0,0.042424,0.91667,0,0,0,0,0,0.081818,0,0,0,0,0,0,0.0015152,0,0,0,0,0,0,0,0,0,0,0,0,0,0.083333,0,0,0,0,0,0,0.16364,0,0,0,0,0,0,0.75303,0,0,0,0,0,0,0.068182,0,0,0,0,0,0,0.36212,0,0,0,0,0,0,0.5697,0.54091,0,0,0,0,0,0.15606,0,0,0,0,0,0,0.19848,0,0,0,0,0,0,0.10455,0.93636,0,0,0,0,0,0.057576,0,0,0,0,0,0,0.0060606,0,0,0,0,0,0,0,0.030303,0,0,0,0,0,0.11667,0,0,0,0,0,0,0.63636,0,0,0,0,0,0,0.21667,0.0090909,0,0,0,0,0,0.18485,0,0,0,0,0,0,0.48485,0,0,0,0,0,0,0.32121,0.5,0,0,0,0,0,0.12879,0,0,0,0,0,0,0.37121,0,0,0,0,0,0,0,0.99545,0,0,0,0,0,0.0045455,0,0,0,0,0,0,0,0,0,0,0,0,0,0,0.80303,0,0,0,0,0,0.022727,0,0,0,0,0,0,0.17424,0,0,0,0,0,0,0,0.77273,0,0,0,0,0,0.086364,0,0,0,0,0,0,0.14091,0,0,0,0,0,0,0,0.88636,0,0,0,0,0,0.060606,0,0,0,0,0,0,0.05303,0,0,0,0,0,0,0
1,0,0,0,0,0,0,0,0,0,0,0,0,0,0,0,0,0,0,0,0,0.85455,0,0,0,0,0,0.11061,0,0,0,0,0,0,0.031818,0,0,0,0,0,0,0.0030303,0.89242,0,0,0,0,0,0.05303,0,0,0,0,0,0,0.037879,0,0,0,0,0,0,0.016667,0.99697,0,0,0,0,0,0.0030303,0,0,0,0,0,0,0,0,0,0,0,0,0,0,0.72879,0,0,0,0,0,0.16061,0,0,0,0,0,0,0.075758,0,0,0,0,0,0,0.034848,0.14091,0,0,0,0,0,0.21212,0,0,0,0,0,0,0.31515,0,0,0,0,0,0,0.33182,0.19242,0,0,0,0,0,0.13939,0,0,0,0,0,0,0.21364,0,0,0,0,0,0,0.45455,0.72727,0,0,0,0,0,0.019697,0,0,0,0,0,0,0.030303,0,0,0,0,0,0,0.22273,0.62727,0,0,0,0,0,0.18939,0,0,0,0,0,0,0.11667,0,0,0,0,0,0,0.066667,0,0,0,0,0,0,0,0,0,0,0,0,0,0.22727,0,0,0,0,0,0,0.77273,0,0,0,0,0,0,0,0,0,0,0,0,0,0.10758,0,0,0,0,0,0,0.89242,0.5,0,0,0,0,0,0,0,0,0,0,0,0,0,0,0,0,0,0,0,0.5,0.91667,0,0,0,0,0,0.031818,0,0,0,0,0,0,0.045455,0,0,0,0,0,0,0.0060606,0.77273,0,0,0,0,0,0,0,0,0,0,0,0,0.0060606,0,0,0,0,0,0,0.22121,0.77273,0,0,0,0,0,0,0,0,0,0,0,0,0.010606,0,0,0,0,0,0,0.21667,0.88636,0,0,0,0,0,0,0,0,0,0,0,0,0,0,0,0,0,0,0,0.11364
1,0,0,0,0,0,0,0,0,0,0,0,0,0,0,0,0,0,0,0,0,0.9803,0,0,0,0,0,0.018182,0,0,0,0,0,0,0.0015152,0,0,0,0,0,0,0,0.82424,0,0,0,0,0,0.15606,0,0,0,0,0,0,0.019697,0,0,0,0,0,0,0,0.92121,0,0,0,0,0,0.05,0,0,0,0,0,0,0.028788,0,0,0,0,0,0,0,1,0,0,0,0,0,0,0,0,0,0,0,0,0,0,0,0,0,0,0,0,0.52424,0,0,0,0,0,0.38333,0,0,0,0,0,0,0.054545,0,0,0,0,0,0,0.037879,0.069697,0,0,0,0,0,0.38636,0,0,0,0,0,0,0.19848,0,0,0,0,0,0,0.34545,0.52879,0,0,0,0,0,0.13788,0,0,0,0,0,0,0.17273,0,0,0,0,0,0,0.16061,1,0,0,0,0,0,0,0,0,0,0,0,0,0,0,0,0,0,0,0,0,0.31061,0,0,0,0,0,0.42727,0,0,0,0,0,0,0.09697,0,0,0,0,0,0,0.16515,0,0,0,0,0,0,0,0,0,0,0,0,0,0.060606,0,0,0,0,0,0,0.93939,0.5,0,0,0,0,0,0.0015152,0,0,0,0,0,0,0.066667,0,0,0,0,0,0,0.43182,1,0,0,0,0,0,0,0,0,0,0,0,0,0,0,0,0,0,0,0,0,0.84091,0,0,0,0,0,0.087879,0,0,0,0,0,0,0.04697,0,0,0,0,0,0,0.024242,0.77273,0,0,0,0,0,0,0,0,0,0,0,0,0,0,0,0,0,0,0,0.22727,0.88636,0,0,0,0,0,0,0,0,0,0,0,0,0,0,0,0,0,0,0,0.11364
1,0,0,0,0,0,0,0,0,0,0,0,0,0,0,0,0,0,0,0,0,0.98788,0,0,0,0,0,0.012121,0,0,0,0,0,0,0,0,0,0,0,0,0,0,0.81818,0,0,0,0,0,0.016667,0,0,0,0,0,0,0.11364,0,0,0,0,0,0,0.051515,0.90909,0,0,0,0,0,0,0,0,0,0,0,0,0.045455,0,0,0,0,0,0,0.045455,0.89091,0,0,0,0,0,0.066667,0,0,0,0,0,0,0.042424,0,0,0,0,0,0,0,0.87424,0,0,0,0,0,0.12576,0,0,0,0,0,0,0,0,0,0,0,0,0,0,0.022727,0,0,0,0,0,0.071212,0,0,0,0,0,0,0.55909,0,0,0,0,0,0,0.34697,0.5,0,0,0,0,0,0.010606,0,0,0,0,0,0,0.29394,0,0,0,0,0,0,0.19545,0.72727,0,0,0,0,0,0.26212,0,0,0,0,0,0,0.010606,0,0,0,0,0,0,0,0.39242,0,0,0,0,0,0.52273,0,0,0,0,0,0,0.072727,0,0,0,0,0,0,0.012121,0.0060606,0,0,0,0,0,0.11061,0,0,0,0,0,0,0.30606,0,0,0,0,0,0,0.57727,0.5,0,0,0,0,0,0,0,0,0,0,0,0,0.078788,0,0,0,0,0,0,0.42121,0.95303,0,0,0,0,0,0.04697,0,0,0,0,0,0,0,0,0,0,0,0,0,0,0.85455,0,0,0,0,0,0.087879,0,0,0,0,0,0,0.057576,0,0,0,0,0,0,0,0.77273,0,0,0,0,0,0.012121,0,0,0,0,0,0,0.087879,0,0,0,0,0,0,0.12727,0.88636,0,0,0,0,0,0.024242,0,0,0,0,0,0,0.089394,0,0,0,0,0,0,0
1,0,0,0,0,0,0,0,0,0,0,0,0,0,0,0,0,0,0,0,0,0.90606,0,0,0,0,0,0.069697,0,0,0,0,0,0,0.024242,0,0,0,0,0,0,0,0.81818,0,0,0,0,0,0.036364,0,0,0,0,0,0,0.045455,0,0,0,0,0,0,0.1,0.90909,0,0,0,0,0,0.0060606,0,0,0,0,0,0,0.022727,0,0,0,0,0,0,0.062121,0.92121,0,0,0,0,0,0.078788,0,0,0,0,0,0,0,0,0,0,0,0,0,0,0.41212,0,0,0,0,0,0.35455,0,0,0,0,0,0,0.23182,0,0,0,0,0,0,0.0015152,0.0060606,0,0,0,0,0,0.039394,0,0,0,0,0,0,0.24242,0,0,0,0,0,0,0.71212,0.5,0,0,0,0,0,0.0090909,0,0,0,0,0,0,0.077273,0,0,0,0,0,0,0.41364,0.65758,0,0,0,0,0,0.039394,0,0,0,0,0,0,0.3,0,0,0,0,0,0,0.0030303,0.10455,0,0,0,0,0,0.29545,0,0,0,0,0,0,0.31061,0,0,0,0,0,0,0.28939,0,0,0,0,0,0,0.030303,0,0,0,0,0,0,0.38333,0,0,0,0,0,0,0.58636,0.5,0,0,0,0,0,0.018182,0,0,0,0,0,0,0.13333,0,0,0,0,0,0,0.34848,0.90909,0,0,0,0,0,0,0,0,0,0,0,0,0.089394,0,0,0,0,0,0,0.0015152,0.77424,0,0,0,0,0,0.012121,0,0,0,0,0,0,0.090909,0,0,0,0,0,0,0.12273,0.77273,0,0,0,0,0,0.0015152,0,0,0,0,0,0,0.057576,0,0,0,0,0,0,0.16818,0.88636,0,0,0,0,0,0,0,0,0,0,0,0,0.015152,0,0,0,0,0,0,0.098485
0.92727,0,0,0,0,0,0,0,0,0,0,0,0,0,0,0,0,0,0,0,0.072727,0.8197,0,0,0,0,0,0.021212,0,0,0,0,0,0,0.016667,0,0,0,0,0,0,0.14242,0.86818,0,0,0,0,0,0.10455,0,0,0,0,0,0,0.027273,0,0,0,0,0,0,0,0.90909,0,0,0,0,0,0.016667,0,0,0,0,0,0,0.074242,0,0,0,0,0,0,0,0.6,0,0,0,0,0,0,0,0,0,0,0,0,0.065152,0,0,0,0,0,0,0.33485,0.012121,0,0,0,0,0,0.048485,0,0,0,0,0,0,0.33788,0,0,0,0,0,0,0.60152,0.23485,0,0,0,0,0,0.51212,0,0,0,0,0,0,0.20606,0,0,0,0,0,0,0.04697,0.62273,0,0,0,0,0,0.31364,0,0,0,0,0,0,0.063636,0,0,0,0,0,0,0,0.6,0,0,0,0,0,0,0,0,0,0,0,0,0.081818,0,0,0,0,0,0,0.31818,0,0,0,0,0,0,0.0075758,0,0,0,0,0,0,0.34091,0,0,0,0,0,0,0.65152,0,0,0,0,0,0,0.090909,0,0,0,0,0,0,0.38333,0,0,0,0,0,0,0.52576,0.5,0,0,0,0,0,0.25758,0,0,0,0,0,0,0.2303,0,0,0,0,0,0,0.012121,0.90909,0,0,0,0,0,0,0,0,0,0,0,0,0.0075758,0,0,0,0,0,0,0.083333,0.77273,0,0,0,0,0,0,0,0,0,0,0,0,0.019697,0,0,0,0,0,0,0.20758,0.77273,0,0,0,0,0,0.059091,0,0,0,0,0,0,0.10909,0,0,0,0,0,0,0.059091,0.88636,0,0,0,0,0,0.04697,0,0,0,0,0,0,0.060606,0,0,0,0,0,0,0.0060606
1,0,0,0,0,0,0,0,0,0,0,0,0,0,0,0,0,0,0,0,0,0.88939,0,0,0,0,0,0.042424,0,0,0,0,0,0,0.05303,0,0,0,0,0,0,0.015152,0.81818,0,0,0,0,0,0.015152,0,0,0,0,0,0,0.04697,0,0,0,0,0,0,0.1197,0.90909,0,0,0,0,0,0.034848,0,0,0,0,0,0,0.05,0,0,0,0,0,0,0.0060606,1,0,0,0,0,0,0,0,0,0,0,0,0,0,0,0,0,0,0,0,0,0.16212,0,0,0,0,0,0.67424,0,0,0,0,0,0,0.13182,0,0,0,0,0,0,0.031818,0,0,0,0,0,0,0.077273,0,0,0,0,0,0,0.43485,0,0,0,0,0,0,0.48788,0.5,0,0,0,0,0,0.037879,0,0,0,0,0,0,0.14394,0,0,0,0,0,0,0.31818,1,0,0,0,0,0,0,0,0,0,0,0,0,0,0,0,0,0,0,0,0,0.086364,0,0,0,0,0,0.46515,0,0,0,0,0,0,0.42121,0,0,0,0,0,0,0.027273,0,0,0,0,0,0,0.030303,0,0,0,0,0,0,0.31212,0,0,0,0,0,0,0.65758,0.5,0,0,0,0,0,0,0,0,0,0,0,0,0.15909,0,0,0,0,0,0,0.34091,1,0,0,0,0,0,0,0,0,0,0,0,0,0,0,0,0,0,0,0,0,0.78939,0,0,0,0,0,0.037879,0,0,0,0,0,0,0.16818,0,0,0,0,0,0,0.0045455,0.77273,0,0,0,0,0,0,0,0,0,0,0,0,0.027273,0,0,0,0,0,0,0.2,0.88636,0,0,0,0,0,0,0,0,0,0,0,0,0.027273,0,0,0,0,0,0,0.086364
0.92727,0,0,0,0,0,0,0,0,0,0,0,0,0.033333,0,0,0,0,0,0,0.039394,0.81818,0,0,0,0,0,0,0,0,0,0,0,0,0,0,0,0,0,0,0,0.18182,0.81818,0,0,0,0,0,0.0060606,0,0,0,0,0,0,0.062121,0,0,0,0,0,0,0.11364,0.90909,0,0,0,0,0,0,0,0,0,0,0,0,0.078788,0,0,0,0,0,0,0.012121,0.6,0,0,0,0,0,0.084848,0,0,0,0,0,0,0.19545,0,0,0,0,0,0,0.1197,0,0,0,0,0,0,0.024242,0,0,0,0,0,0,0.33485,0,0,0,0,0,0,0.64091,0,0,0,0,0,0,0.016667,0,0,0,0,0,0,0.36061,0,0,0,0,0,0,0.62273,0.5,0,0,0,0,0,0,0,0,0,0,0,0,0.27121,0,0,0,0,0,0,0.22879,0.61212,0,0,0,0,0,0.27727,0,0,0,0,0,0,0.10909,0,0,0,0,0,0,0.0015152,0.13636,0,0,0,0,0,0.21515,0,0,0,0,0,0,0.22424,0,0,0,0,0,0,0.42424,0.17727,0,0,0,0,0,0.17273,0,0,0,0,0,0,0.24848,0,0,0,0,0,0,0.40152,0.5,0,0,0,0,0,0.12273,0,0,0,0,0,0,0.16364,0,0,0,0,0,0,0.21364,0.9197,0,0,0,0,0,0.066667,0,0,0,0,0,0,0.013636,0,0,0,0,0,0,0,1,0,0,0,0,0,0,0,0,0,0,0,0,0,0,0,0,0,0,0,0,0.93485,0,0,0,0,0,0.027273,0,0,0,0,0,0,0.037879,0,0,0,0,0,0,0,0.88636,0,0,0,0,0,0.019697,0,0,0,0,0,0,0.093939,0,0,0,0,0,0,0
1,0,0,0,0,0,0,0,0,0,0,0,0,0,0,0,0,0,0,0,0,0.9697,0,0,0,0,0,0.018182,0,0,0,0,0,0,0.012121,0,0,0,0,0,0,0,0.81818,0,0,0,0,0,0,0,0,0,0,0,0,0.022727,0,0,0,0,0,0,0.15909,0.90909,0,0,0,0,0,0,0,0,0,0,0,0,0.0015152,0,0,0,0,0,0,0.089394,1,0,0,0,0,0,0,0,0,0,0,0,0,0,0,0,0,0,0,0,0,0.83333,0,0,0,0,0,0.087879,0,0,0,0,0,0,0.078788,0,0,0,0,0,0,0,0,0,0,0,0,0,0,0,0,0,0,0,0,0.066667,0,0,0,0,0,0,0.93333,0.5,0,0,0,0,0,0,0,0,0,0,0,0,0.0015152,0,0,0,0,0,0,0.49848,0.95606,0,0,0,0,0,0.043939,0,0,0,0,0,0,0,0,0,0,0,0,0,0,0.89545,0,0,0,0,0,0.089394,0,0,0,0,0,0,0.015152,0,0,0,0,0,0,0,0.025758,0,0,0,0,0,0.065152,0,0,0,0,0,0,0.37121,0,0,0,0,0,0,0.53788,0.5,0,0,0,0,0,0,0,0,0,0,0,0,0.2197,0,0,0,0,0,0,0.2803,1,0,0,0,0,0,0,0,0,0,0,0,0,0,0,0,0,0,0,0,0,0.98182,0,0,0,0,0,0.018182,0,0,0,0,0,0,0,0,0,0,0,0,0,0,0.8,0,0,0,0,0,0.048485,0,0,0,0,0,0,0.071212,0,0,0,0,0,0,0.080303,0.88636,0,0,0,0,0,0.0030303,0,0,0,0,0,0,0.045455,0,0,0,0,0,0,0.065152
0.98182,0,0,0,0,0,0.018182,0,0,0,0,0,0,0,0,0,0,0,0,0,0,0.90909,0,0,0,0,0,0.065152,0,0,0,0,0,0,0.025758,0,0,0,0,0,0,0,0.81818,0,0,0,0,0,0.0045455,0,0,0,0,0,0,0.095455,0,0,0,0,0,0,0.081818,0.90909,0,0,0,0,0,0.0060606,0,0,0,0,0,0,0.024242,0,0,0,0,0,0,0.060606,0.69394,0,0,0,0,0,0.092424,0,0,0,0,0,0,0.21212,0,0,0,0,0,0,0.0015152,0.12576,0,0,0,0,0,0.23939,0,0,0,0,0,0,0.40909,0,0,0,0,0,0,0.22576,0.0060606,0,0,0,0,0,0.036364,0,0,0,0,0,0,0.29848,0,0,0,0,0,0,0.65909,0.5,0,0,0,0,0,0.036364,0,0,0,0,0,0,0.04697,0,0,0,0,0,0,0.41667,0.6,0,0,0,0,0,0.056061,0,0,0,0,0,0,0.2197,0,0,0,0,0,0,0.12424,0.0045455,0,0,0,0,0,0.080303,0,0,0,0,0,0,0.38485,0,0,0,0,0,0,0.5303,0.0045455,0,0,0,0,0,0.1,0,0,0,0,0,0,0.34697,0,0,0,0,0,0,0.54848,0.5,0,0,0,0,0,0.016667,0,0,0,0,0,0,0.060606,0,0,0,0,0,0,0.42273,0.90909,0,0,0,0,0,0,0,0,0,0,0,0,0.037879,0,0,0,0,0,0,0.05303,0.77273,0,0,0,0,0,0,0,0,0,0,0,0,0.042424,0,0,0,0,0,0,0.18485,0.77273,0,0,0,0,0,0.018182,0,0,0,0,0,0,0.081818,0,0,0,0,0,0,0.12727,0.90303,0,0,0,0,0,0.062121,0,0,0,0,0,0,0.031818,0,0,0,0,0,0,0.0030303
0.92727,0,0,0,0,0,0,0,0,0,0,0,0,0.04697,0,0,0,0,0,0,0.025758,0.81818,0,0,0,0,0,0.021212,0,0,0,0,0,0,0.11061,0,0,0,0,0,0,0.05,0.81818,0,0,0,0,0,0.012121,0,0,0,0,0,0,0.057576,0,0,0,0,0,0,0.11212,0.90909,0,0,0,0,0,0.019697,0,0,0,0,0,0,0.069697,0,0,0,0,0,0,0.0015152,0.6,0,0,0,0,0,0,0,0,0,0,0,0,0.022727,0,0,0,0,0,0,0.37727,0.0015152,0,0,0,0,0,0.084848,0,0,0,0,0,0,0.46364,0,0,0,0,0,0,0.45,0,0,0,0,0,0,0.057576,0,0,0,0,0,0,0.52576,0,0,0,0,0,0,0.41667,0.54697,0,0,0,0,0,0.20303,0,0,0,0,0,0,0.2303,0,0,0,0,0,0,0.019697,0.6,0,0,0,0,0,0.019697,0,0,0,0,0,0,0.31061,0,0,0,0,0,0,0.069697,0.012121,0,0,0,0,0,0.15758,0,0,0,0,0,0,0.50606,0,0,0,0,0,0,0.32424,0.019697,0,0,0,0,0,0.22879,0,0,0,0,0,0,0.28333,0,0,0,0,0,0,0.46818,0.54394,0,0,0,0,0,0.16061,0,0,0,0,0,0,0.25152,0,0,0,0,0,0,0.043939,0.90909,0,0,0,0,0,0,0,0,0,0,0,0,0.089394,0,0,0,0,0,0,0.0015152,0.77273,0,0,0,0,0,0.040909,0,0,0,0,0,0,0.11818,0,0,0,0,0,0,0.068182,0.77273,0,0,0,0,0,0.080303,0,0,0,0,0,0,0.080303,0,0,0,0,0,0,0.066667,0.91364,0,0,0,0,0,0.027273,0,0,0,0,0,0,0.036364,0,0,0,0,0,0,0.022727
0.92727,0,0,0,0,0,0.072727,0,0,0,0,0,0,0,0,0,0,0,0,0,0,0.81818,0,0,0,0,0,0.025758,0,0,0,0,0,0,0.12424,0,0,0,0,0,0,0.031818,0.81818,0,0,0,0,0,0,0,0,0,0,0,0,0.087879,0,0,0,0,0,0,0.093939,0.90909,0,0,0,0,0,0,0,0,0,0,0,0,0.057576,0,0,0,0,0,0,0.033333,0.6,0,0,0,0,0,0.093939,0,0,0,0,0,0,0.30606,0,0,0,0,0,0,0,0,0,0,0,0,0,0.20909,0,0,0,0,0,0,0.66818,0,0,0,0,0,0,0.12273,0,0,0,0,0,0,0,0,0,0,0,0,0,0.25758,0,0,0,0,0,0,0.74242,0.5,0,0,0,0,0,0.056061,0,0,0,0,0,0,0.35758,0,0,0,0,0,0,0.086364,0.6,0,0,0,0,0,0.32424,0,0,0,0,0,0,0.075758,0,0,0,0,0,0,0,0.0045455,0,0,0,0,0,0.26667,0,0,0,0,0,0,0.6197,0,0,0,0,0,0,0.10909,0,0,0,0,0,0,0.089394,0,0,0,0,0,0,0.48182,0,0,0,0,0,0,0.42879,0.50455,0,0,0,0,0,0.18939,0,0,0,0,0,0,0.17879,0,0,0,0,0,0,0.12727,0.90909,0,0,0,0,0,0.054545,0,0,0,0,0,0,0.036364,0,0,0,0,0,0,0,0.79545,0,0,0,0,0,0.043939,0,0,0,0,0,0,0.15758,0,0,0,0,0,0,0.0030303,0.79697,0,0,0,0,0,0.10455,0,0,0,0,0,0,0.090909,0,0,0,0,0,0,0.0075758,0.88939,0,0,0,0,0,0.042424,0,0,0,0,0,0,0.04697,0,0,0,0,0,0,0.021212
0.92727,0,0,0,0,0,0.012121,0,0,0,0,0,0,0.012121,0,0,0,0,0,0,0.048485,0.81818,0,0,0,0,0,0,0,0,0,0,0,0,0.092424,0,0,0,0,0,0,0.089394,0.84242,0,0,0,0,0,0.042424,0,0,0,0,0,0,0.05303,0,0,0,0,0,0,0.062121,1,0,0,0,0,0,0,0,0,0,0,0,0,0,0,0,0,0,0,0,0,0.63485,0,0,0,0,0,0.074242,0,0,0,0,0,0,0.081818,0,0,0,0,0,0,0.20909,0,0,0,0,0,0,0,0,0,0,0,0,0,0.61818,0,0,0,0,0,0,0.38182,0.069697,0,0,0,0,0,0.29697,0,0,0,0,0,0,0.30909,0,0,0,0,0,0,0.32424,1,0,0,0,0,0,0,0,0,0,0,0,0,0,0,0,0,0,0,0,0,0.64848,0,0,0,0,0,0.15455,0,0,0,0,0,0,0.13636,0,0,0,0,0,0,0.060606,0,0,0,0,0,0,0.0090909,0,0,0,0,0,0,0.40606,0,0,0,0,0,0,0.58485,0.086364,0,0,0,0,0,0.36818,0,0,0,0,0,0,0.28788,0,0,0,0,0,0,0.25758,1,0,0,0,0,0,0,0,0,0,0,0,0,0,0,0,0,0,0,0,0,0.90909,0,0,0,0,0,0.030303,0,0,0,0,0,0,0.057576,0,0,0,0,0,0,0.0030303,0.78485,0,0,0,0,0,0.13333,0,0,0,0,0,0,0.074242,0,0,0,0,0,0,0.0075758,0.88182,0,0,0,0,0,0.11818,0,0,0,0,0,0,0,0,0,0,0,0,0,0,1,0,0,0,0,0,0,0,0,0,0,0,0,0,0,0,0,0,0,0,0
0.92727,0,0,0,0,0,0,0,0,0,0,0,0,0.019697,0,0,0,0,0,0,0.05303,0.81818,0,0,0,0,0,0,0,0,0,0,0,0,0,0,0,0,0,0,0,0.18182,0.84242,0,0,0,0,0,0.012121,0,0,0,0,0,0,0.010606,0,0,0,0,0,0,0.13485,1,0,0,0,0,0,0,0,0,0,0,0,0,0,0,0,0,0,0,0,0,0.6,0,0,0,0,0,0.010606,0,0,0,0,0,0,0.10152,0,0,0,0,0,0,0.28788,0,0,0,0,0,0,0,0,0,0,0,0,0,0.031818,0,0,0,0,0,0,0.96818,0.066667,0,0,0,0,0,0.14697,0,0,0,0,0,0,0.22424,0,0,0,0,0,0,0.56212,0.9697,0,0,0,0,0,0.030303,0,0,0,0,0,0,0,0,0,0,0,0,0,0,0.60758,0,0,0,0,0,0.069697,0,0,0,0,0,0,0.18333,0,0,0,0,0,0,0.13939,0.0015152,0,0,0,0,0,0.040909,0,0,0,0,0,0,0.21364,0,0,0,0,0,0,0.74394,0.17424,0,0,0,0,0,0.23182,0,0,0,0,0,0,0.38333,0,0,0,0,0,0,0.21061,0.99697,0,0,0,0,0,0.0030303,0,0,0,0,0,0,0,0,0,0,0,0,0,0,0.90909,0,0,0,0,0,0.0045455,0,0,0,0,0,0,0.05303,0,0,0,0,0,0,0.033333,0.77273,0,0,0,0,0,0,0,0,0,0,0,0,0.025758,0,0,0,0,0,0,0.20152,0.81818,0,0,0,0,0,0.028788,0,0,0,0,0,0,0.10455,0,0,0,0,0,0,0.048485,1,0,0,0,0,0,0,0,0,0,0,0,0,0,0,0,0,0,0,0,0
0.92727,0,0,0,0,0,0.022727,0,0,0,0,0,0,0.033333,0,0,0,0,0,0,0.016667,0.81818,0,0,0,0,0,0.062121,0,0,0,0,0,0,0.10152,0,0,0,0,0,0,0.018182,0.81818,0,0,0,0,0,0.0075758,0,0,0,0,0,0,0.042424,0,0,0,0,0,0,0.13182,0.90909,0,0,0,0,0,0.0030303,0,0,0,0,0,0,0.084848,0,0,0,0,0,0,0.0030303,0.6,0,0,0,0,0,0.0090909,0,0,0,0,0,0,0.15303,0,0,0,0,0,0,0.23788,0.0015152,0,0,0,0,0,0.15303,0,0,0,0,0,0,0.46212,0,0,0,0,0,0,0.38333,0,0,0,0,0,0,0.09697,0,0,0,0,0,0,0.57273,0,0,0,0,0,0,0.3303,0.5,0,0,0,0,0,0.22424,0,0,0,0,0,0,0.12576,0,0,0,0,0,0,0.15,0.6,0,0,0,0,0,0.015152,0,0,0,0,0,0,0.15909,0,0,0,0,0,0,0.22576,0,0,0,0,0,0,0.066667,0,0,0,0,0,0,0.35606,0,0,0,0,0,0,0.57727,0,0,0,0,0,0,0.065152,0,0,0,0,0,0,0.55909,0,0,0,0,0,0,0.37576,0.5,0,0,0,0,0,0.0015152,0,0,0,0,0,0,0.12727,0,0,0,0,0,0,0.37121,0.90909,0,0,0,0,0,0.0030303,0,0,0,0,0,0,0.028788,0,0,0,0,0,0,0.059091,0.77273,0,0,0,0,0,0.010606,0,0,0,0,0,0,0.069697,0,0,0,0,0,0,0.14697,0.77273,0,0,0,0,0,0.0060606,0,0,0,0,0,0,0.080303,0,0,0,0,0,0,0.14091,0.88636,0,0,0,0,0,0.0030303,0,0,0,0,0,0,0.057576,0,0,0,0,0,0,0.05303
0.92727,0,0,0,0,0,0,0,0,0,0,0,0,0.072727,0,0,0,0,0,0,0,0.81818,0,0,0,0,0,0,0,0,0,0,0,0,0.060606,0,0,0,0,0,0,0.12121,0.81818,0,0,0,0,0,0,0,0,0,0,0,0,0.089394,0,0,0,0,0,0,0.092424,0.91515,0,0,0,0,0,0.028788,0,0,0,0,0,0,0.039394,0,0,0,0,0,0,0.016667,0.60758,0,0,0,0,0,0.25152,0,0,0,0,0,0,0.14091,0,0,0,0,0,0,0,0.031818,0,0,0,0,0,0.028788,0,0,0,0,0,0,0.35909,0,0,0,0,0,0,0.5803,0,0,0,0,0,0,0.0060606,0,0,0,0,0,0,0.15152,0,0,0,0,0,0,0.84242,0.5,0,0,0,0,0,0.14394,0,0,0,0,0,0,0.24697,0,0,0,0,0,0,0.10909,0.6,0,0,0,0,0,0.4,0,0,0,0,0,0,0,0,0,0,0,0,0,0,0.14091,0,0,0,0,0,0.36515,0,0,0,0,0,0,0.25909,0,0,0,0,0,0,0.23485,0.21515,0,0,0,0,0,0.34545,0,0,0,0,0,0,0.28939,0,0,0,0,0,0,0.15,0.5,0,0,0,0,0,0.33939,0,0,0,0,0,0,0.11515,0,0,0,0,0,0,0.045455,0.90909,0,0,0,0,0,0.090909,0,0,0,0,0,0,0,0,0,0,0,0,0,0,0.7803,0,0,0,0,0,0.13788,0,0,0,0,0,0,0.065152,0,0,0,0,0,0,0.016667,0.78788,0,0,0,0,0,0.078788,0,0,0,0,0,0,0.084848,0,0,0,0,0,0,0.048485,0.88636,0,0,0,0,0,0.11364,0,0,0,0,0,0,0,0,0,0,0,0,0,0
1,0,0,0,0,0,0,0,0,0,0,0,0,0,0,0,0,0,0,0,0,0.99697,0,0,0,0,0,0.0030303,0,0,0,0,0,0,0,0,0,0,0,0,0,0,0.84091,0,0,0,0,0,0.11818,0,0,0,0,0,0,0.025758,0,0,0,0,0,0,0.015152,0.92879,0,0,0,0,0,0.045455,0,0,0,0,0,0,0.0060606,0,0,0,0,0,0,0.019697,0.95606,0,0,0,0,0,0.043939,0,0,0,0,0,0,0,0,0,0,0,0,0,0,0.39091,0,0,0,0,0,0.27121,0,0,0,0,0,0,0.26061,0,0,0,0,0,0,0.077273,0,0,0,0,0,0,0.021212,0,0,0,0,0,0,0.42727,0,0,0,0,0,0,0.55152,0.5,0,0,0,0,0,0.0075758,0,0,0,0,0,0,0.15152,0,0,0,0,0,0,0.34091,1,0,0,0,0,0,0,0,0,0,0,0,0,0,0,0,0,0,0,0,0,0.0075758,0,0,0,0,0,0.072727,0,0,0,0,0,0,0.72121,0,0,0,0,0,0,0.19848,0,0,0,0,0,0,0.081818,0,0,0,0,0,0,0.3197,0,0,0,0,0,0,0.59848,0.5,0,0,0,0,0,0.0030303,0,0,0,0,0,0,0.11061,0,0,0,0,0,0,0.38636,1,0,0,0,0,0,0,0,0,0,0,0,0,0,0,0,0,0,0,0,0,0.77273,0,0,0,0,0,0.030303,0,0,0,0,0,0,0.17121,0,0,0,0,0,0,0.025758,0.77273,0,0,0,0,0,0.0015152,0,0,0,0,0,0,0.04697,0,0,0,0,0,0,0.17879,0.88636,0,0,0,0,0,0.0045455,0,0,0,0,0,0,0.031818,0,0,0,0,0,0,0.077273
1,0,0,0,0,0,0,0,0,0,0,0,0,0,0,0,0,0,0,0,0,0.94545,0,0,0,0,0,0.054545,0,0,0,0,0,0,0,0,0,0,0,0,0,0,0.81818,0,0,0,0,0,0.072727,0,0,0,0,0,0,0.10909,0,0,0,0,0,0,0,0.96061,0,0,0,0,0,0.031818,0,0,0,0,0,0,0.0075758,0,0,0,0,0,0,0,0.66515,0,0,0,0,0,0.2,0,0,0,0,0,0,0.081818,0,0,0,0,0,0,0.05303,0.13788,0,0,0,0,0,0.25606,0,0,0,0,0,0,0.39697,0,0,0,0,0,0,0.20909,0,0,0,0,0,0,0.012121,0,0,0,0,0,0,0.48788,0,0,0,0,0,0,0.5,0.56212,0,0,0,0,0,0.11061,0,0,0,0,0,0,0.25606,0,0,0,0,0,0,0.071212,0.97879,0,0,0,0,0,0.021212,0,0,0,0,0,0,0,0,0,0,0,0,0,0,0.084848,0,0,0,0,0,0.1803,0,0,0,0,0,0,0.40152,0,0,0,0,0,0,0.33333,0,0,0,0,0,0,0.0045455,0,0,0,0,0,0,0.12879,0,0,0,0,0,0,0.86667,0.5,0,0,0,0,0,0.021212,0,0,0,0,0,0,0.11515,0,0,0,0,0,0,0.36364,0.99242,0,0,0,0,0,0.0075758,0,0,0,0,0,0,0,0,0,0,0,0,0,0,0.77273,0,0,0,0,0,0.022727,0,0,0,0,0,0,0.071212,0,0,0,0,0,0,0.13333,0.77273,0,0,0,0,0,0,0,0,0,0,0,0,0.018182,0,0,0,0,0,0,0.20909,0.88636,0,0,0,0,0,0,0,0,0,0,0,0,0.012121,0,0,0,0,0,0,0.10152
0.92727,0,0,0,0,0,0.015152,0,0,0,0,0,0,0.045455,0,0,0,0,0,0,0.012121,0.81818,0,0,0,0,0,0.0045455,0,0,0,0,0,0,0.063636,0,0,0,0,0,0,0.11364,0.81818,0,0,0,0,0,0.0075758,0,0,0,0,0,0,0.12879,0,0,0,0,0,0,0.045455,0.96818,0,0,0,0,0,0.025758,0,0,0,0,0,0,0.0060606,0,0,0,0,0,0,0,0.61061,0,0,0,0,0,0.063636,0,0,0,0,0,0,0.17576,0,0,0,0,0,0,0.15,0,0,0,0,0,0,0.0060606,0,0,0,0,0,0,0.26515,0,0,0,0,0,0,0.72879,0,0,0,0,0,0,0.0045455,0,0,0,0,0,0,0.29394,0,0,0,0,0,0,0.70152,0.83636,0,0,0,0,0,0.12879,0,0,0,0,0,0,0.019697,0,0,0,0,0,0,0.015152,0.9303,0,0,0,0,0,0.062121,0,0,0,0,0,0,0.0075758,0,0,0,0,0,0,0,0.059091,0,0,0,0,0,0.22879,0,0,0,0,0,0,0.38788,0,0,0,0,0,0,0.32424,0.025758,0,0,0,0,0,0.066667,0,0,0,0,0,0,0.25303,0,0,0,0,0,0,0.65455,0.71667,0,0,0,0,0,0.18485,0,0,0,0,0,0,0.081818,0,0,0,0,0,0,0.016667,0.99242,0,0,0,0,0,0.0075758,0,0,0,0,0,0,0,0,0,0,0,0,0,0,0.77424,0,0,0,0,0,0.077273,0,0,0,0,0,0,0.14848,0,0,0,0,0,0,0,0.81818,0,0,0,0,0,0.056061,0,0,0,0,0,0,0.11061,0,0,0,0,0,0,0.015152,1,0,0,0,0,0,0,0,0,0,0,0,0,0,0,0,0,0,0,0,0
0.92727,0,0,0,0,0,0.039394,0,0,0,0,0,0,0.033333,0,0,0,0,0,0,0,0.81818,0,0,0,0,0,0.024242,0,0,0,0,0,0,0.05303,0,0,0,0,0,0,0.10455,0.82727,0,0,0,0,0,0.095455,0,0,0,0,0,0,0.059091,0,0,0,0,0,0,0.018182,0.97727,0,0,0,0,0,0.022727,0,0,0,0,0,0,0,0,0,0,0,0,0,0,0.6,0,0,0,0,0,0.16061,0,0,0,0,0,0,0.21364,0,0,0,0,0,0,0.025758,0.024242,0,0,0,0,0,0.14848,0,0,0,0,0,0,0.42273,0,0,0,0,0,0,0.40455,0.013636,0,0,0,0,0,0.16364,0,0,0,0,0,0,0.38182,0,0,0,0,0,0,0.44091,0.59848,0,0,0,0,0,0.095455,0,0,0,0,0,0,0.1697,0,0,0,0,0,0,0.13636,0.6,0,0,0,0,0,0,0,0,0,0,0,0,0.21364,0,0,0,0,0,0,0.18636,0.18485,0,0,0,0,0,0.13939,0,0,0,0,0,0,0.39697,0,0,0,0,0,0,0.27879,0,0,0,0,0,0,0.074242,0,0,0,0,0,0,0.24848,0,0,0,0,0,0,0.67727,0.5,0,0,0,0,0,0.016667,0,0,0,0,0,0,0.13939,0,0,0,0,0,0,0.34394,0.90909,0,0,0,0,0,0,0,0,0,0,0,0,0,0,0,0,0,0,0,0.090909,0.78636,0,0,0,0,0,0.024242,0,0,0,0,0,0,0.05303,0,0,0,0,0,0,0.13636,0.77273,0,0,0,0,0,0.010606,0,0,0,0,0,0,0.030303,0,0,0,0,0,0,0.18636,0.88636,0,0,0,0,0,0,0,0,0,0,0,0,0,0,0,0,0,0,0,0.11364
1,0,0,0,0,0,0,0,0,0,0,0,0,0,0,0,0,0,0,0,0,0.83636,0,0,0,0,0,0.078788,0,0,0,0,0,0,0.084848,0,0,0,0,0,0,0,0.85909,0,0,0,0,0,0.05303,0,0,0,0,0,0,0.037879,0,0,0,0,0,0,0.05,1,0,0,0,0,0,0,0,0,0,0,0,0,0,0,0,0,0,0,0,0,0.67121,0,0,0,0,0,0.10455,0,0,0,0,0,0,0.11515,0,0,0,0,0,0,0.10909,0.093939,0,0,0,0,0,0.40455,0,0,0,0,0,0,0.25,0,0,0,0,0,0,0.25152,0.20758,0,0,0,0,0,0.44697,0,0,0,0,0,0,0.28636,0,0,0,0,0,0,0.059091,0.99697,0,0,0,0,0,0.0030303,0,0,0,0,0,0,0,0,0,0,0,0,0,0,0.6,0,0,0,0,0,0.0030303,0,0,0,0,0,0,0.045455,0,0,0,0,0,0,0.35152,0,0,0,0,0,0,0.0030303,0,0,0,0,0,0,0.12879,0,0,0,0,0,0,0.86818,0.14394,0,0,0,0,0,0.37727,0,0,0,0,0,0,0.23333,0,0,0,0,0,0,0.24545,0.68485,0,0,0,0,0,0.29394,0,0,0,0,0,0,0.021212,0,0,0,0,0,0,0,0.90909,0,0,0,0,0,0,0,0,0,0,0,0,0,0,0,0,0,0,0,0.090909,0.77273,0,0,0,0,0,0,0,0,0,0,0,0,0.030303,0,0,0,0,0,0,0.19697,0.77576,0,0,0,0,0,0.027273,0,0,0,0,0,0,0.059091,0,0,0,0,0,0,0.13788,0.92576,0,0,0,0,0,0.074242,0,0,0,0,0,0,0,0,0,0,0,0,0,0
0.99394,0,0,0,0,0,0.0060606,0,0,0,0,0,0,0,0,0,0,0,0,0,0,0.87879,0,0,0,0,0,0.066667,0,0,0,0,0,0,0.048485,0,0,0,0,0,0,0.0060606,0.81818,0,0,0,0,0,0.043939,0,0,0,0,0,0,0.1,0,0,0,0,0,0,0.037879,0.96818,0,0,0,0,0,0.031818,0,0,0,0,0,0,0,0,0,0,0,0,0,0,0.71667,0,0,0,0,0,0.10303,0,0,0,0,0,0,0.081818,0,0,0,0,0,0,0.098485,0.022727,0,0,0,0,0,0.14242,0,0,0,0,0,0,0.55303,0,0,0,0,0,0,0.28182,0.0045455,0,0,0,0,0,0.28939,0,0,0,0,0,0,0.46212,0,0,0,0,0,0,0.24394,0.68788,0,0,0,0,0,0.17273,0,0,0,0,0,0,0.1197,0,0,0,0,0,0,0.019697,0.6,0,0,0,0,0,0,0,0,0,0,0,0,0.030303,0,0,0,0,0,0,0.3697,0,0,0,0,0,0,0,0,0,0,0,0,0,0.1803,0,0,0,0,0,0,0.8197,0.012121,0,0,0,0,0,0.1197,0,0,0,0,0,0,0.49394,0,0,0,0,0,0,0.37424,0.56667,0,0,0,0,0,0.20455,0,0,0,0,0,0,0.18636,0,0,0,0,0,0,0.042424,0.90909,0,0,0,0,0,0,0,0,0,0,0,0,0.0075758,0,0,0,0,0,0,0.083333,0.77273,0,0,0,0,0,0,0,0,0,0,0,0,0.0075758,0,0,0,0,0,0,0.2197,0.7803,0,0,0,0,0,0.024242,0,0,0,0,0,0,0.072727,0,0,0,0,0,0,0.12273,0.89394,0,0,0,0,0,0.075758,0,0,0,0,0,0,0.027273,0,0,0,0,0,0,0.0030303
0.9303,0,0,0,0,0,0.069697,0,0,0,0,0,0,0,0,0,0,0,0,0,0,0.83636,0,0,0,0,0,0.10152,0,0,0,0,0,0,0.051515,0,0,0,0,0,0,0.010606,0.81818,0,0,0,0,0,0.015152,0,0,0,0,0,0,0.045455,0,0,0,0,0,0,0.12121,0.90909,0,0,0,0,0,0.0015152,0,0,0,0,0,0,0.045455,0,0,0,0,0,0,0.043939,0.65152,0,0,0,0,0,0.21818,0,0,0,0,0,0,0.12576,0,0,0,0,0,0,0.0045455,0.0075758,0,0,0,0,0,0.22879,0,0,0,0,0,0,0.44242,0,0,0,0,0,0,0.32121,0.018182,0,0,0,0,0,0.069697,0,0,0,0,0,0,0.4,0,0,0,0,0,0,0.51212,0.5,0,0,0,0,0,0.057576,0,0,0,0,0,0,0.20909,0,0,0,0,0,0,0.23333,0.60152,0,0,0,0,0,0.027273,0,0,0,0,0,0,0.13182,0,0,0,0,0,0,0.23939,0,0,0,0,0,0,0.04697,0,0,0,0,0,0,0.23485,0,0,0,0,0,0,0.71818,0.0045455,0,0,0,0,0,0.16818,0,0,0,0,0,0,0.43788,0,0,0,0,0,0,0.38939,0.50455,0,0,0,0,0,0.11061,0,0,0,0,0,0,0.24091,0,0,0,0,0,0,0.14394,0.90909,0,0,0,0,0,0.0030303,0,0,0,0,0,0,0.040909,0,0,0,0,0,0,0.04697,0.77273,0,0,0,0,0,0,0,0,0,0,0,0,0.024242,0,0,0,0,0,0,0.20303,0.77273,0,0,0,0,0,0.013636,0,0,0,0,0,0,0.083333,0,0,0,0,0,0,0.1303,0.88939,0,0,0,0,0,0.028788,0,0,0,0,0,0,0.068182,0,0,0,0,0,0,0.013636
0.92727,0,0,0,0,0,0.036364,0,0,0,0,0,0,0.036364,0,0,0,0,0,0,0,0.87727,0,0,0,0,0,0.05,0,0,0,0,0,0,0.033333,0,0,0,0,0,0,0.039394,0.81818,0,0,0,0,0,0.022727,0,0,0,0,0,0,0.024242,0,0,0,0,0,0,0.13485,0.90909,0,0,0,0,0,0.021212,0,0,0,0,0,0,0.068182,0,0,0,0,0,0,0.0015152,0.63182,0,0,0,0,0,0.17727,0,0,0,0,0,0,0.17879,0,0,0,0,0,0,0.012121,0.04697,0,0,0,0,0,0.20303,0,0,0,0,0,0,0.37727,0,0,0,0,0,0,0.37273,0,0,0,0,0,0,0.0045455,0,0,0,0,0,0,0.33485,0,0,0,0,0,0,0.66061,0.53182,0,0,0,0,0,0.16364,0,0,0,0,0,0,0.25152,0,0,0,0,0,0,0.05303,0.61364,0,0,0,0,0,0.089394,0,0,0,0,0,0,0.14091,0,0,0,0,0,0,0.15606,0,0,0,0,0,0,0.037879,0,0,0,0,0,0,0.39697,0,0,0,0,0,0,0.56515,0,0,0,0,0,0,0.034848,0,0,0,0,0,0,0.36061,0,0,0,0,0,0,0.60455,0.54242,0,0,0,0,0,0.060606,0,0,0,0,0,0,0.16818,0,0,0,0,0,0,0.22879,0.90909,0,0,0,0,0,0,0,0,0,0,0,0,0.0090909,0,0,0,0,0,0,0.081818,0.77273,0,0,0,0,0,0,0,0,0,0,0,0,0.10152,0,0,0,0,0,0,0.12576,0.77273,0,0,0,0,0,0.0075758,0,0,0,0,0,0,0.077273,0,0,0,0,0,0,0.14242,0.88636,0,0,0,0,0,0.0090909,0,0,0,0,0,0,0.065152,0,0,0,0,0,0,0.039394
0.96364,0,0,0,0,0,0.0090909,0,0,0,0,0,0,0.027273,0,0,0,0,0,0,0,0.82121,0,0,0,0,0,0.024242,0,0,0,0,0,0,0.089394,0,0,0,0,0,0,0.065152,0.81818,0,0,0,0,0,0,0,0,0,0,0,0,0.013636,0,0,0,0,0,0,0.16818,0.90909,0,0,0,0,0,0,0,0,0,0,0,0,0.028788,0,0,0,0,0,0,0.062121,0.69091,0,0,0,0,0,0.20606,0,0,0,0,0,0,0.098485,0,0,0,0,0,0,0.0045455,0.0060606,0,0,0,0,0,0.033333,0,0,0,0,0,0,0.57424,0,0,0,0,0,0,0.38636,0,0,0,0,0,0,0.025758,0,0,0,0,0,0,0.41061,0,0,0,0,0,0,0.56364,0.5,0,0,0,0,0,0,0,0,0,0,0,0,0.1303,0,0,0,0,0,0,0.3697,0.74242,0,0,0,0,0,0.043939,0,0,0,0,0,0,0.10909,0,0,0,0,0,0,0.10455,0.11364,0,0,0,0,0,0.13485,0,0,0,0,0,0,0.33636,0,0,0,0,0,0,0.41515,0,0,0,0,0,0,0.028788,0,0,0,0,0,0,0.32121,0,0,0,0,0,0,0.65,0.5,0,0,0,0,0,0.018182,0,0,0,0,0,0,0.16364,0,0,0,0,0,0,0.31818,0.97879,0,0,0,0,0,0.018182,0,0,0,0,0,0,0.0030303,0,0,0,0,0,0,0,0.84545,0,0,0,0,0,0.033333,0,0,0,0,0,0,0.09697,0,0,0,0,0,0,0.024242,0.77424,0,0,0,0,0,0.081818,0,0,0,0,0,0,0.095455,0,0,0,0,0,0,0.048485,0.88939,0,0,0,0,0,0.027273,0,0,0,0,0,0,0.039394,0,0,0,0,0,0,0.043939
0.95606,0,0,0,0,0,0.021212,0,0,0,0,0,0,0.022727,0,0,0,0,0,0,0,0.81818,0,0,0,0,0,0.057576,0,0,0,0,0,0,0.042424,0,0,0,0,0,0,0.081818,0.81818,0,0,0,0,0,0.0015152,0,0,0,0,0,0,0.1197,0,0,0,0,0,0,0.060606,0.97879,0,0,0,0,0,0.016667,0,0,0,0,0,0,0.0045455,0,0,0,0,0,0,0,0.67727,0,0,0,0,0,0.17727,0,0,0,0,0,0,0.14394,0,0,0,0,0,0,0.0015152,0,0,0,0,0,0,0.20909,0,0,0,0,0,0,0.23333,0,0,0,0,0,0,0.55758,0,0,0,0,0,0,0.0015152,0,0,0,0,0,0,0.0075758,0,0,0,0,0,0,0.99091,0.59394,0,0,0,0,0,0.30455,0,0,0,0,0,0,0.075758,0,0,0,0,0,0,0.025758,0.72727,0,0,0,0,0,0.018182,0,0,0,0,0,0,0.17576,0,0,0,0,0,0,0.078788,0.098485,0,0,0,0,0,0.086364,0,0,0,0,0,0,0.28182,0,0,0,0,0,0,0.53333,0,0,0,0,0,0,0,0,0,0,0,0,0,0,0,0,0,0,0,0,1,0.5,0,0,0,0,0,0.069697,0,0,0,0,0,0,0.21667,0,0,0,0,0,0,0.21364,1,0,0,0,0,0,0,0,0,0,0,0,0,0,0,0,0,0,0,0,0,0.79697,0,0,0,0,0,0.10455,0,0,0,0,0,0,0.095455,0,0,0,0,0,0,0.0030303,0.77273,0,0,0,0,0,0.024242,0,0,0,0,0,0,0.11818,0,0,0,0,0,0,0.084848,0.88636,0,0,0,0,0,0,0,0,0,0,0,0,0.093939,0,0,0,0,0,0,0.019697
0.97576,0,0,0,0,0,0.024242,0,0,0,0,0,0,0,0,0,0,0,0,0,0,0.8197,0,0,0,0,0,0.016667,0,0,0,0,0,0,0.054545,0,0,0,0,0,0,0.10909,0.81818,0,0,0,0,0,0,0,0,0,0,0,0,0.010606,0,0,0,0,0,0,0.17121,0.90909,0,0,0,0,0,0.010606,0,0,0,0,0,0,0.068182,0,0,0,0,0,0,0.012121,0.77273,0,0,0,0,0,0.17727,0,0,0,0,0,0,0.05,0,0,0,0,0,0,0,0,0,0,0,0,0,0.078788,0,0,0,0,0,0,0.30606,0,0,0,0,0,0,0.61515,0,0,0,0,0,0,0.015152,0,0,0,0,0,0,0.28182,0,0,0,0,0,0,0.70303,0.51212,0,0,0,0,0,0.054545,0,0,0,0,0,0,0.24091,0,0,0,0,0,0,0.19242,0.76515,0,0,0,0,0,0.17121,0,0,0,0,0,0,0.057576,0,0,0,0,0,0,0.0060606,0,0,0,0,0,0,0.077273,0,0,0,0,0,0,0.19848,0,0,0,0,0,0,0.72424,0,0,0,0,0,0,0.05,0,0,0,0,0,0,0.28485,0,0,0,0,0,0,0.66515,0.51818,0,0,0,0,0,0.063636,0,0,0,0,0,0,0.084848,0,0,0,0,0,0,0.33333,0.99848,0,0,0,0,0,0.0015152,0,0,0,0,0,0,0,0,0,0,0,0,0,0,0.79091,0,0,0,0,0,0.031818,0,0,0,0,0,0,0.074242,0,0,0,0,0,0,0.10303,0.77576,0,0,0,0,0,0.024242,0,0,0,0,0,0,0.10606,0,0,0,0,0,0,0.093939,0.88636,0,0,0,0,0,0.0045455,0,0,0,0,0,0,0.025758,0,0,0,0,0,0,0.083333
0.98333,0,0,0,0,0,0.015152,0,0,0,0,0,0,0.0015152,0,0,0,0,0,0,0,0.85606,0,0,0,0,0,0.013636,0,0,0,0,0,0,0.060606,0,0,0,0,0,0,0.069697,0.81818,0,0,0,0,0,0.0075758,0,0,0,0,0,0,0.051515,0,0,0,0,0,0,0.12273,0.91061,0,0,0,0,0,0.018182,0,0,0,0,0,0,0.066667,0,0,0,0,0,0,0.0045455,0.69242,0,0,0,0,0,0.18636,0,0,0,0,0,0,0.10606,0,0,0,0,0,0,0.015152,0.12121,0,0,0,0,0,0.084848,0,0,0,0,0,0,0.1197,0,0,0,0,0,0,0.67424,0,0,0,0,0,0,0,0,0,0,0,0,0,0.10606,0,0,0,0,0,0,0.89394,0.55152,0,0,0,0,0,0.12879,0,0,0,0,0,0,0.31515,0,0,0,0,0,0,0.0045455,0.6303,0,0,0,0,0,0.15152,0,0,0,0,0,0,0.1697,0,0,0,0,0,0,0.048485,0,0,0,0,0,0,0.084848,0,0,0,0,0,0,0.2197,0,0,0,0,0,0,0.69545,0,0,0,0,0,0,0.0075758,0,0,0,0,0,0,0.10758,0,0,0,0,0,0,0.88485,0.74545,0,0,0,0,0,0.11364,0,0,0,0,0,0,0.098485,0,0,0,0,0,0,0.042424,0.96667,0,0,0,0,0,0.031818,0,0,0,0,0,0,0.0015152,0,0,0,0,0,0,0,0.80909,0,0,0,0,0,0.025758,0,0,0,0,0,0,0.065152,0,0,0,0,0,0,0.1,0.77879,0,0,0,0,0,0.036364,0,0,0,0,0,0,0.09697,0,0,0,0,0,0,0.087879,1,0,0,0,0,0,0,0,0,0,0,0,0,0,0,0,0,0,0,0,0
0.93485,0,0,0,0,0,0.056061,0,0,0,0,0,0,0.0045455,0,0,0,0,0,0,0.0045455,0.81818,0,0,0,0,0,0.031818,0,0,0,0,0,0,0.080303,0,0,0,0,0,0,0.069697,0.86364,0,0,0,0,0,0.054545,0,0,0,0,0,0,0.060606,0,0,0,0,0,0,0.021212,0.98788,0,0,0,0,0,0.012121,0,0,0,0,0,0,0,0,0,0,0,0,0,0,0.61061,0,0,0,0,0,0.26061,0,0,0,0,0,0,0.12727,0,0,0,0,0,0,0.0015152,0.015152,0,0,0,0,0,0.083333,0,0,0,0,0,0,0.2697,0,0,0,0,0,0,0.63182,0.031818,0,0,0,0,0,0.090909,0,0,0,0,0,0,0.15152,0,0,0,0,0,0,0.72576,0.53182,0,0,0,0,0,0.29545,0,0,0,0,0,0,0.16818,0,0,0,0,0,0,0.0045455,0.73636,0,0,0,0,0,0.12576,0,0,0,0,0,0,0.1303,0,0,0,0,0,0,0.0075758,0.027273,0,0,0,0,0,0.11818,0,0,0,0,0,0,0.2,0,0,0,0,0,0,0.65455,0.05303,0,0,0,0,0,0.036364,0,0,0,0,0,0,0.15,0,0,0,0,0,0,0.76061,0.59545,0,0,0,0,0,0.20606,0,0,0,0,0,0,0.19848,0,0,0,0,0,0,0,1,0,0,0,0,0,0,0,0,0,0,0,0,0,0,0,0,0,0,0,0,0.80455,0,0,0,0,0,0.037879,0,0,0,0,0,0,0.071212,0,0,0,0,0,0,0.086364,0.77273,0,0,0,0,0,0.042424,0,0,0,0,0,0,0.060606,0,0,0,0,0,0,0.12424,0.92879,0,0,0,0,0,0.043939,0,0,0,0,0,0,0.022727,0,0,0,0,0,0,0.0045455
1,0,0,0,0,0,0,0,0,0,0,0,0,0,0,0,0,0,0,0,0,0.87879,0,0,0,0,0,0.068182,0,0,0,0,0,0,0.05303,0,0,0,0,0,0,0,0.82727,0,0,0,0,0,0.077273,0,0,0,0,0,0,0.093939,0,0,0,0,0,0,0.0015152,0.98182,0,0,0,0,0,0.018182,0,0,0,0,0,0,0,0,0,0,0,0,0,0,0.74242,0,0,0,0,0,0.087879,0,0,0,0,0,0,0.16667,0,0,0,0,0,0,0.0030303,0.10152,0,0,0,0,0,0.20303,0,0,0,0,0,0,0.47727,0,0,0,0,0,0,0.21818,0.10152,0,0,0,0,0,0.39091,0,0,0,0,0,0,0.45303,0,0,0,0,0,0,0.054545,0.86667,0,0,0,0,0,0.089394,0,0,0,0,0,0,0.030303,0,0,0,0,0,0,0.013636,0.6,0,0,0,0,0,0,0,0,0,0,0,0,0.059091,0,0,0,0,0,0,0.34091,0,0,0,0,0,0,0,0,0,0,0,0,0,0.048485,0,0,0,0,0,0,0.95152,0.0030303,0,0,0,0,0,0.27727,0,0,0,0,0,0,0.40455,0,0,0,0,0,0,0.31515,0.82879,0,0,0,0,0,0.056061,0,0,0,0,0,0,0.062121,0,0,0,0,0,0,0.05303,0.90909,0,0,0,0,0,0,0,0,0,0,0,0,0,0,0,0,0,0,0,0.090909,0.77273,0,0,0,0,0,0,0,0,0,0,0,0,0.0030303,0,0,0,0,0,0,0.22424,0.77273,0,0,0,0,0,0.024242,0,0,0,0,0,0,0.080303,0,0,0,0,0,0,0.12273,0.95909,0,0,0,0,0,0.0060606,0,0,0,0,0,0,0.012121,0,0,0,0,0,0,0.022727
0.92727,0,0,0,0,0,0.072727,0,0,0,0,0,0,0,0,0,0,0,0,0,0,0.83333,0,0,0,0,0,0.10758,0,0,0,0,0,0,0.05303,0,0,0,0,0,0,0.0060606,0.84394,0,0,0,0,0,0.084848,0,0,0,0,0,0,0.051515,0,0,0,0,0,0,0.019697,0.93485,0,0,0,0,0,0.056061,0,0,0,0,0,0,0.0075758,0,0,0,0,0,0,0.0015152,0.6,0,0,0,0,0,0.12273,0,0,0,0,0,0,0.18939,0,0,0,0,0,0,0.087879,0.063636,0,0,0,0,0,0.19091,0,0,0,0,0,0,0.17121,0,0,0,0,0,0,0.57424,0.15303,0,0,0,0,0,0.45909,0,0,0,0,0,0,0.30758,0,0,0,0,0,0,0.080303,0.75909,0,0,0,0,0,0.2303,0,0,0,0,0,0,0.010606,0,0,0,0,0,0,0,0.6,0,0,0,0,0,0.0090909,0,0,0,0,0,0,0.084848,0,0,0,0,0,0,0.30606,0,0,0,0,0,0,0.019697,0,0,0,0,0,0,0.24697,0,0,0,0,0,0,0.73333,0.027273,0,0,0,0,0,0.12424,0,0,0,0,0,0,0.59545,0,0,0,0,0,0,0.25303,0.51515,0,0,0,0,0,0.18333,0,0,0,0,0,0,0.17273,0,0,0,0,0,0,0.12879,0.90909,0,0,0,0,0,0,0,0,0,0,0,0,0,0,0,0,0,0,0,0.090909,0.77273,0,0,0,0,0,0,0,0,0,0,0,0,0.015152,0,0,0,0,0,0,0.21212,0.77273,0,0,0,0,0,0.022727,0,0,0,0,0,0,0.072727,0,0,0,0,0,0,0.13182,0.88636,0,0,0,0,0,0,0,0,0,0,0,0,0.087879,0,0,0,0,0,0,0.025758
0.92727,0,0,0,0,0,0.054545,0,0,0,0,0,0,0.018182,0,0,0,0,0,0,0,0.84242,0,0,0,0,0,0.13333,0,0,0,0,0,0,0.024242,0,0,0,0,0,0,0,0.82576,0,0,0,0,0,0.1,0,0,0,0,0,0,0.043939,0,0,0,0,0,0,0.030303,0.90909,0,0,0,0,0,0.051515,0,0,0,0,0,0,0.039394,0,0,0,0,0,0,0,0.6,0,0,0,0,0,0.25909,0,0,0,0,0,0,0.13182,0,0,0,0,0,0,0.0090909,0.092424,0,0,0,0,0,0.71667,0,0,0,0,0,0,0.18636,0,0,0,0,0,0,0.0045455,0.0015152,0,0,0,0,0,0.78333,0,0,0,0,0,0,0.21212,0,0,0,0,0,0,0.0030303,0.5,0,0,0,0,0,0.18636,0,0,0,0,0,0,0.30152,0,0,0,0,0,0,0.012121,0.6,0,0,0,0,0,0.0075758,0,0,0,0,0,0,0.38182,0,0,0,0,0,0,0.010606,0.071212,0,0,0,0,0,0.34242,0,0,0,0,0,0,0.47879,0,0,0,0,0,0,0.10758,0,0,0,0,0,0,0.0030303,0,0,0,0,0,0,0.63485,0,0,0,0,0,0,0.36212,0.53636,0,0,0,0,0,0.072727,0,0,0,0,0,0,0.14242,0,0,0,0,0,0,0.24848,0.90909,0,0,0,0,0,0,0,0,0,0,0,0,0.090909,0,0,0,0,0,0,0,0.81061,0,0,0,0,0,0.12576,0,0,0,0,0,0,0.063636,0,0,0,0,0,0,0,0.77273,0,0,0,0,0,0.10455,0,0,0,0,0,0,0.12273,0,0,0,0,0,0,0,0.90909,0,0,0,0,0,0.045455,0,0,0,0,0,0,0.045455,0,0,0,0,0,0,0
0.92727,0,0,0,0,0,0.060606,0,0,0,0,0,0,0.0060606,0,0,0,0,0,0,0.0060606,0.81818,0,0,0,0,0,0,0,0,0,0,0,0,0.0060606,0,0,0,0,0,0,0.17576,0.81818,0,0,0,0,0,0.0045455,0,0,0,0,0,0,0.14091,0,0,0,0,0,0,0.036364,0.98182,0,0,0,0,0,0,0,0,0,0,0,0,0.018182,0,0,0,0,0,0,0,0.64091,0,0,0,0,0,0.23485,0,0,0,0,0,0,0.10152,0,0,0,0,0,0,0.022727,0,0,0,0,0,0,0.13939,0,0,0,0,0,0,0.2697,0,0,0,0,0,0,0.59091,0,0,0,0,0,0,0.071212,0,0,0,0,0,0,0.74545,0,0,0,0,0,0,0.18333,0.83333,0,0,0,0,0,0.087879,0,0,0,0,0,0,0.022727,0,0,0,0,0,0,0.056061,0.83182,0,0,0,0,0,0.021212,0,0,0,0,0,0,0.13788,0,0,0,0,0,0,0.0090909,0.27727,0,0,0,0,0,0.25455,0,0,0,0,0,0,0.34394,0,0,0,0,0,0,0.12424,0.10606,0,0,0,0,0,0.41818,0,0,0,0,0,0,0.40758,0,0,0,0,0,0,0.068182,0.94091,0,0,0,0,0,0.039394,0,0,0,0,0,0,0.0075758,0,0,0,0,0,0,0.012121,1,0,0,0,0,0,0,0,0,0,0,0,0,0,0,0,0,0,0,0,0,1,0,0,0,0,0,0,0,0,0,0,0,0,0,0,0,0,0,0,0,0,0.86515,0,0,0,0,0,0.083333,0,0,0,0,0,0,0.036364,0,0,0,0,0,0,0.015152,1,0,0,0,0,0,0,0,0,0,0,0,0,0,0,0,0,0,0,0,0
1,0,0,0,0,0,0,0,0,0,0,0,0,0,0,0,0,0,0,0,0,0.82879,0,0,0,0,0,0.016667,0,0,0,0,0,0,0.11212,0,0,0,0,0,0,0.042424,0.8197,0,0,0,0,0,0.027273,0,0,0,0,0,0,0.12879,0,0,0,0,0,0,0.024242,0.98182,0,0,0,0,0,0.012121,0,0,0,0,0,0,0.0060606,0,0,0,0,0,0,0,0.84242,0,0,0,0,0,0.069697,0,0,0,0,0,0,0.072727,0,0,0,0,0,0,0.015152,0.033333,0,0,0,0,0,0.17121,0,0,0,0,0,0,0.46667,0,0,0,0,0,0,0.32879,0,0,0,0,0,0,0.065152,0,0,0,0,0,0,0.63182,0,0,0,0,0,0,0.30303,0.77576,0,0,0,0,0,0.14848,0,0,0,0,0,0,0.072727,0,0,0,0,0,0,0.0030303,0.84545,0,0,0,0,0,0.074242,0,0,0,0,0,0,0.056061,0,0,0,0,0,0,0.024242,0.0075758,0,0,0,0,0,0.05303,0,0,0,0,0,0,0.21818,0,0,0,0,0,0,0.72121,0,0,0,0,0,0,0.013636,0,0,0,0,0,0,0.10455,0,0,0,0,0,0,0.88182,0.53788,0,0,0,0,0,0.26061,0,0,0,0,0,0,0.14242,0,0,0,0,0,0,0.059091,0.94848,0,0,0,0,0,0.045455,0,0,0,0,0,0,0.0060606,0,0,0,0,0,0,0,0.77273,0,0,0,0,0,0,0,0,0,0,0,0,0.022727,0,0,0,0,0,0,0.20455,0.77273,0,0,0,0,0,0,0,0,0,0,0,0,0.054545,0,0,0,0,0,0,0.17273,0.88636,0,0,0,0,0,0.069697,0,0,0,0,0,0,0.040909,0,0,0,0,0,0,0.0030303
0.9697,0,0,0,0,0,0.012121,0,0,0,0,0,0,0.018182,0,0,0,0,0,0,0,0.81818,0,0,0,0,0,0,0,0,0,0,0,0,0.069697,0,0,0,0,0,0,0.11212,0.83333,0,0,0,0,0,0.034848,0,0,0,0,0,0,0.066667,0,0,0,0,0,0,0.065152,0.93636,0,0,0,0,0,0.036364,0,0,0,0,0,0,0.019697,0,0,0,0,0,0,0.0075758,0.74242,0,0,0,0,0,0.10758,0,0,0,0,0,0,0.12273,0,0,0,0,0,0,0.027273,0,0,0,0,0,0,0.027273,0,0,0,0,0,0,0.24545,0,0,0,0,0,0,0.72727,0.080303,0,0,0,0,0,0.16818,0,0,0,0,0,0,0.30152,0,0,0,0,0,0,0.45,0.61818,0,0,0,0,0,0.15303,0,0,0,0,0,0,0.15,0,0,0,0,0,0,0.078788,0.7,0,0,0,0,0,0.13182,0,0,0,0,0,0,0.10455,0,0,0,0,0,0,0.063636,0,0,0,0,0,0,0.054545,0,0,0,0,0,0,0.25455,0,0,0,0,0,0,0.69091,0.036364,0,0,0,0,0,0.12727,0,0,0,0,0,0,0.53485,0,0,0,0,0,0,0.30152,0.56515,0,0,0,0,0,0.15455,0,0,0,0,0,0,0.1697,0,0,0,0,0,0,0.11061,0.94697,0,0,0,0,0,0.05303,0,0,0,0,0,0,0,0,0,0,0,0,0,0,0.77273,0,0,0,0,0,0.024242,0,0,0,0,0,0,0.11818,0,0,0,0,0,0,0.084848,0.77273,0,0,0,0,0,0.012121,0,0,0,0,0,0,0.022727,0,0,0,0,0,0,0.19242,0.90303,0,0,0,0,0,0.022727,0,0,0,0,0,0,0.024242,0,0,0,0,0,0,0.05
0.97121,0,0,0,0,0,0.019697,0,0,0,0,0,0,0.0075758,0,0,0,0,0,0,0.0015152,0.8197,0,0,0,0,0,0.048485,0,0,0,0,0,0,0.054545,0,0,0,0,0,0,0.077273,0.81818,0,0,0,0,0,0.018182,0,0,0,0,0,0,0.05,0,0,0,0,0,0,0.11364,0.94242,0,0,0,0,0,0.042424,0,0,0,0,0,0,0.015152,0,0,0,0,0,0,0,0.76212,0,0,0,0,0,0.060606,0,0,0,0,0,0,0.033333,0,0,0,0,0,0,0.14394,0.0015152,0,0,0,0,0,0.063636,0,0,0,0,0,0,0.37879,0,0,0,0,0,0,0.55606,0,0,0,0,0,0,0.057576,0,0,0,0,0,0,0.33788,0,0,0,0,0,0,0.60455,0.64545,0,0,0,0,0,0.098485,0,0,0,0,0,0,0.15152,0,0,0,0,0,0,0.10455,0.71818,0,0,0,0,0,0.12273,0,0,0,0,0,0,0.043939,0,0,0,0,0,0,0.11515,0,0,0,0,0,0,0.031818,0,0,0,0,0,0,0.30606,0,0,0,0,0,0,0.66212,0,0,0,0,0,0,0.045455,0,0,0,0,0,0,0.3697,0,0,0,0,0,0,0.58485,0.65909,0,0,0,0,0,0.14697,0,0,0,0,0,0,0.12121,0,0,0,0,0,0,0.072727,0.96667,0,0,0,0,0,0.024242,0,0,0,0,0,0,0.0015152,0,0,0,0,0,0,0.0075758,0.77273,0,0,0,0,0,0,0,0,0,0,0,0,0.069697,0,0,0,0,0,0,0.15758,0.77273,0,0,0,0,0,0.012121,0,0,0,0,0,0,0.086364,0,0,0,0,0,0,0.12879,0.93182,0,0,0,0,0,0.054545,0,0,0,0,0,0,0.0060606,0,0,0,0,0,0,0.0075758
0.92879,0,0,0,0,0,0.068182,0,0,0,0,0,0,0.0030303,0,0,0,0,0,0,0,0.81818,0,0,0,0,0,0.034848,0,0,0,0,0,0,0.13939,0,0,0,0,0,0,0.0075758,0.81818,0,0,0,0,0,0.077273,0,0,0,0,0,0,0.09697,0,0,0,0,0,0,0.0075758,0.90909,0,0,0,0,0,0.090909,0,0,0,0,0,0,0,0,0,0,0,0,0,0,0.6,0,0,0,0,0,0.2697,0,0,0,0,0,0,0.12121,0,0,0,0,0,0,0.0090909,0,0,0,0,0,0,0.0075758,0,0,0,0,0,0,0.53939,0,0,0,0,0,0,0.45303,0,0,0,0,0,0,0.1303,0,0,0,0,0,0,0.47576,0,0,0,0,0,0,0.39394,0.50455,0,0,0,0,0,0.31667,0,0,0,0,0,0,0.15303,0,0,0,0,0,0,0.025758,0.6,0,0,0,0,0,0.27273,0,0,0,0,0,0,0.060606,0,0,0,0,0,0,0.066667,0,0,0,0,0,0,0,0,0,0,0,0,0,0.16818,0,0,0,0,0,0,0.83182,0.0015152,0,0,0,0,0,0.025758,0,0,0,0,0,0,0.25909,0,0,0,0,0,0,0.71364,0.5,0,0,0,0,0,0.042424,0,0,0,0,0,0,0.18939,0,0,0,0,0,0,0.26818,0.90909,0,0,0,0,0,0.056061,0,0,0,0,0,0,0.030303,0,0,0,0,0,0,0.0045455,0.77273,0,0,0,0,0,0.0015152,0,0,0,0,0,0,0.042424,0,0,0,0,0,0,0.18333,0.77273,0,0,0,0,0,0.0090909,0,0,0,0,0,0,0.04697,0,0,0,0,0,0,0.17121,0.88636,0,0,0,0,0,0,0,0,0,0,0,0,0.022727,0,0,0,0,0,0,0.090909
0.92727,0,0,0,0,0,0.036364,0,0,0,0,0,0,0.024242,0,0,0,0,0,0,0.012121,0.81818,0,0,0,0,0,0.0060606,0,0,0,0,0,0,0.022727,0,0,0,0,0,0,0.15303,0.81818,0,0,0,0,0,0.048485,0,0,0,0,0,0,0.060606,0,0,0,0,0,0,0.072727,0.90909,0,0,0,0,0,0.090909,0,0,0,0,0,0,0,0,0,0,0,0,0,0,0.6,0,0,0,0,0,0.19697,0,0,0,0,0,0,0.13636,0,0,0,0,0,0,0.066667,0,0,0,0,0,0,0.033333,0,0,0,0,0,0,0.19394,0,0,0,0,0,0,0.77273,0,0,0,0,0,0,0.22727,0,0,0,0,0,0,0.20455,0,0,0,0,0,0,0.56818,0.5,0,0,0,0,0,0.5,0,0,0,0,0,0,0,0,0,0,0,0,0,0,0.60152,0,0,0,0,0,0.2,0,0,0,0,0,0,0.10606,0,0,0,0,0,0,0.092424,0.0015152,0,0,0,0,0,0.030303,0,0,0,0,0,0,0.13939,0,0,0,0,0,0,0.82879,0,0,0,0,0,0,0.20455,0,0,0,0,0,0,0.18333,0,0,0,0,0,0,0.61212,0.5,0,0,0,0,0,0.5,0,0,0,0,0,0,0,0,0,0,0,0,0,0,0.90909,0,0,0,0,0,0.045455,0,0,0,0,0,0,0.030303,0,0,0,0,0,0,0.015152,0.77273,0,0,0,0,0,0.0015152,0,0,0,0,0,0,0.078788,0,0,0,0,0,0,0.14697,0.7803,0,0,0,0,0,0.059091,0,0,0,0,0,0,0.071212,0,0,0,0,0,0,0.089394,0.88636,0,0,0,0,0,0.11364,0,0,0,0,0,0,0,0,0,0,0,0,0,0
0.92727,0,0,0,0,0,0,0,0,0,0,0,0,0.045455,0,0,0,0,0,0,0.027273,0.81818,0,0,0,0,0,0.034848,0,0,0,0,0,0,0.066667,0,0,0,0,0,0,0.080303,0.81818,0,0,0,0,0,0,0,0,0,0,0,0,0.063636,0,0,0,0,0,0,0.11818,0.90909,0,0,0,0,0,0.016667,0,0,0,0,0,0,0.034848,0,0,0,0,0,0,0.039394,0.6,0,0,0,0,0,0,0,0,0,0,0,0,0.21212,0,0,0,0,0,0,0.18788,0,0,0,0,0,0,0.22879,0,0,0,0,0,0,0.30909,0,0,0,0,0,0,0.46212,0,0,0,0,0,0,0.090909,0,0,0,0,0,0,0.48182,0,0,0,0,0,0,0.42727,0.5,0,0,0,0,0,0.043939,0,0,0,0,0,0,0.15152,0,0,0,0,0,0,0.30455,0.6,0,0,0,0,0,0.028788,0,0,0,0,0,0,0.27121,0,0,0,0,0,0,0.1,0,0,0,0,0,0,0.066667,0,0,0,0,0,0,0.42424,0,0,0,0,0,0,0.50909,0,0,0,0,0,0,0.14091,0,0,0,0,0,0,0.40455,0,0,0,0,0,0,0.45455,0.5,0,0,0,0,0,0.045455,0,0,0,0,0,0,0.17273,0,0,0,0,0,0,0.28182,0.90909,0,0,0,0,0,0.0015152,0,0,0,0,0,0,0.087879,0,0,0,0,0,0,0.0015152,0.77273,0,0,0,0,0,0.0060606,0,0,0,0,0,0,0.12424,0,0,0,0,0,0,0.09697,0.77273,0,0,0,0,0,0.0060606,0,0,0,0,0,0,0.068182,0,0,0,0,0,0,0.15303,0.88636,0,0,0,0,0,0.0090909,0,0,0,0,0,0,0.022727,0,0,0,0,0,0,0.081818
0.92879,0,0,0,0,0,0.031818,0,0,0,0,0,0,0.033333,0,0,0,0,0,0,0.0060606,0.81818,0,0,0,0,0,0.14242,0,0,0,0,0,0,0.022727,0,0,0,0,0,0,0.016667,0.86515,0,0,0,0,0,0.13485,0,0,0,0,0,0,0,0,0,0,0,0,0,0,1,0,0,0,0,0,0,0,0,0,0,0,0,0,0,0,0,0,0,0,0,0.85758,0,0,0,0,0,0.1197,0,0,0,0,0,0,0.022727,0,0,0,0,0,0,0,0.27424,0,0,0,0,0,0.6303,0,0,0,0,0,0,0.075758,0,0,0,0,0,0,0.019697,0.12727,0,0,0,0,0,0.35909,0,0,0,0,0,0,0.27121,0,0,0,0,0,0,0.24242,0.6197,0,0,0,0,0,0.05303,0,0,0,0,0,0,0.090909,0,0,0,0,0,0,0.23636,0.6,0,0,0,0,0,0.086364,0,0,0,0,0,0,0.18182,0,0,0,0,0,0,0.13182,0.013636,0,0,0,0,0,0.071212,0,0,0,0,0,0,0.31818,0,0,0,0,0,0,0.59697,0,0,0,0,0,0,0,0,0,0,0,0,0,0.13636,0,0,0,0,0,0,0.86364,0.5,0,0,0,0,0,0.010606,0,0,0,0,0,0,0.080303,0,0,0,0,0,0,0.40909,0.90909,0,0,0,0,0,0,0,0,0,0,0,0,0.037879,0,0,0,0,0,0,0.05303,0.77273,0,0,0,0,0,0,0,0,0,0,0,0,0.072727,0,0,0,0,0,0,0.15455,0.77273,0,0,0,0,0,0,0,0,0,0,0,0,0.024242,0,0,0,0,0,0,0.20303,0.88636,0,0,0,0,0,0,0,0,0,0,0,0,0.0075758,0,0,0,0,0,0,0.10606
0.92727,0,0,0,0,0,0.024242,0,0,0,0,0,0,0.048485,0,0,0,0,0,0,0,0.81818,0,0,0,0,0,0.13636,0,0,0,0,0,0,0.045455,0,0,0,0,0,0,0,0.83788,0,0,0,0,0,0.13636,0,0,0,0,0,0,0.025758,0,0,0,0,0,0,0,0.95455,0,0,0,0,0,0.021212,0,0,0,0,0,0,0.024242,0,0,0,0,0,0,0,0.83788,0,0,0,0,0,0.12576,0,0,0,0,0,0,0.028788,0,0,0,0,0,0,0.0075758,0.21212,0,0,0,0,0,0.34242,0,0,0,0,0,0,0.2197,0,0,0,0,0,0,0.22576,0.17727,0,0,0,0,0,0.29091,0,0,0,0,0,0,0.21061,0,0,0,0,0,0,0.32121,0.59848,0,0,0,0,0,0.17727,0,0,0,0,0,0,0.14545,0,0,0,0,0,0,0.078788,0.66212,0,0,0,0,0,0.15152,0,0,0,0,0,0,0.15303,0,0,0,0,0,0,0.033333,0.012121,0,0,0,0,0,0.12121,0,0,0,0,0,0,0.33939,0,0,0,0,0,0,0.52727,0.0030303,0,0,0,0,0,0.045455,0,0,0,0,0,0,0.15,0,0,0,0,0,0,0.80152,0.5,0,0,0,0,0,0.081818,0,0,0,0,0,0,0.21061,0,0,0,0,0,0,0.20758,0.91667,0,0,0,0,0,0.024242,0,0,0,0,0,0,0.051515,0,0,0,0,0,0,0.0075758,0.77273,0,0,0,0,0,0.024242,0,0,0,0,0,0,0.10606,0,0,0,0,0,0,0.09697,0.77273,0,0,0,0,0,0.0075758,0,0,0,0,0,0,0.037879,0,0,0,0,0,0,0.18182,0.88636,0,0,0,0,0,0,0,0,0,0,0,0,0.043939,0,0,0,0,0,0,0.069697
0.92727,0,0,0,0,0,0,0,0,0,0,0,0,0.021212,0,0,0,0,0,0,0.051515,0.81818,0,0,0,0,0,0.0045455,0,0,0,0,0,0,0.05303,0,0,0,0,0,0,0.12424,0.81818,0,0,0,0,0,0.025758,0,0,0,0,0,0,0.092424,0,0,0,0,0,0,0.063636,0.90909,0,0,0,0,0,0.024242,0,0,0,0,0,0,0.034848,0,0,0,0,0,0,0.031818,0.6,0,0,0,0,0,0.010606,0,0,0,0,0,0,0.13485,0,0,0,0,0,0,0.25455,0,0,0,0,0,0,0.14091,0,0,0,0,0,0,0.37273,0,0,0,0,0,0,0.48636,0.019697,0,0,0,0,0,0.15,0,0,0,0,0,0,0.56364,0,0,0,0,0,0,0.26667,0.58788,0,0,0,0,0,0.15152,0,0,0,0,0,0,0.22576,0,0,0,0,0,0,0.034848,0.62576,0,0,0,0,0,0.040909,0,0,0,0,0,0,0.19697,0,0,0,0,0,0,0.13636,0.022727,0,0,0,0,0,0.081818,0,0,0,0,0,0,0.46212,0,0,0,0,0,0,0.43333,0,0,0,0,0,0,0.084848,0,0,0,0,0,0,0.41061,0,0,0,0,0,0,0.50455,0.50758,0,0,0,0,0,0.092424,0,0,0,0,0,0,0.13485,0,0,0,0,0,0,0.26515,0.92424,0,0,0,0,0,0.0075758,0,0,0,0,0,0,0.042424,0,0,0,0,0,0,0.025758,0.77273,0,0,0,0,0,0,0,0,0,0,0,0,0.056061,0,0,0,0,0,0,0.17121,0.77273,0,0,0,0,0,0.0090909,0,0,0,0,0,0,0.068182,0,0,0,0,0,0,0.15,0.88636,0,0,0,0,0,0,0,0,0,0,0,0,0.013636,0,0,0,0,0,0,0.1
0.92727,0,0,0,0,0,0,0,0,0,0,0,0,0.039394,0,0,0,0,0,0,0.033333,0.81818,0,0,0,0,0,0,0,0,0,0,0,0,0.05,0,0,0,0,0,0,0.13182,0.83939,0,0,0,0,0,0.087879,0,0,0,0,0,0,0.018182,0,0,0,0,0,0,0.054545,0.90909,0,0,0,0,0,0.090909,0,0,0,0,0,0,0,0,0,0,0,0,0,0,0.6,0,0,0,0,0,0.0060606,0,0,0,0,0,0,0.17273,0,0,0,0,0,0,0.22121,0,0,0,0,0,0,0.0090909,0,0,0,0,0,0,0.33182,0,0,0,0,0,0,0.65909,0.056061,0,0,0,0,0,0.44697,0,0,0,0,0,0,0.13939,0,0,0,0,0,0,0.35758,0.5,0,0,0,0,0,0.5,0,0,0,0,0,0,0,0,0,0,0,0,0,0,0.6,0,0,0,0,0,0.015152,0,0,0,0,0,0,0.2,0,0,0,0,0,0,0.18485,0,0,0,0,0,0,0.037879,0,0,0,0,0,0,0.35455,0,0,0,0,0,0,0.60758,0.018182,0,0,0,0,0,0.48636,0,0,0,0,0,0,0.30758,0,0,0,0,0,0,0.18788,0.5,0,0,0,0,0,0.17727,0,0,0,0,0,0,0.12879,0,0,0,0,0,0,0.19394,0.90909,0,0,0,0,0,0,0,0,0,0,0,0,0.039394,0,0,0,0,0,0,0.051515,0.77273,0,0,0,0,0,0.021212,0,0,0,0,0,0,0.081818,0,0,0,0,0,0,0.12424,0.77273,0,0,0,0,0,0.18182,0,0,0,0,0,0,0.045455,0,0,0,0,0,0,0,0.88636,0,0,0,0,0,0,0,0,0,0,0,0,0.05,0,0,0,0,0,0,0.063636
0.92727,0,0,0,0,0,0,0,0,0,0,0,0,0,0,0,0,0,0,0,0.072727,0.81818,0,0,0,0,0,0,0,0,0,0,0,0,0.05303,0,0,0,0,0,0,0.12879,0.8303,0,0,0,0,0,0.030303,0,0,0,0,0,0,0.095455,0,0,0,0,0,0,0.043939,0.92121,0,0,0,0,0,0.063636,0,0,0,0,0,0,0.015152,0,0,0,0,0,0,0,0.6,0,0,0,0,0,0,0,0,0,0,0,0,0.081818,0,0,0,0,0,0,0.31818,0,0,0,0,0,0,0,0,0,0,0,0,0,0.22273,0,0,0,0,0,0,0.77727,0.022727,0,0,0,0,0,0.1,0,0,0,0,0,0,0.42576,0,0,0,0,0,0,0.45152,0.55152,0,0,0,0,0,0.28182,0,0,0,0,0,0,0.14394,0,0,0,0,0,0,0.022727,0.6,0,0,0,0,0,0,0,0,0,0,0,0,0.16364,0,0,0,0,0,0,0.23636,0.018182,0,0,0,0,0,0.19848,0,0,0,0,0,0,0.43788,0,0,0,0,0,0,0.34545,0.093939,0,0,0,0,0,0.28636,0,0,0,0,0,0,0.33485,0,0,0,0,0,0,0.28485,0.50455,0,0,0,0,0,0.072727,0,0,0,0,0,0,0.18485,0,0,0,0,0,0,0.23788,0.90909,0,0,0,0,0,0.018182,0,0,0,0,0,0,0.072727,0,0,0,0,0,0,0,0.78182,0,0,0,0,0,0.075758,0,0,0,0,0,0,0.14242,0,0,0,0,0,0,0,0.77273,0,0,0,0,0,0.12121,0,0,0,0,0,0,0.048485,0,0,0,0,0,0,0.057576,0.88636,0,0,0,0,0,0,0,0,0,0,0,0,0.015152,0,0,0,0,0,0,0.098485
0.92727,0,0,0,0,0,0.042424,0,0,0,0,0,0,0.024242,0,0,0,0,0,0,0.0060606,0.81818,0,0,0,0,0,0.034848,0,0,0,0,0,0,0.071212,0,0,0,0,0,0,0.075758,0.90758,0,0,0,0,0,0.039394,0,0,0,0,0,0,0.028788,0,0,0,0,0,0,0.024242,0.97727,0,0,0,0,0,0.022727,0,0,0,0,0,0,0,0,0,0,0,0,0,0,0.61212,0,0,0,0,0,0.15,0,0,0,0,0,0,0.13333,0,0,0,0,0,0,0.10455,0.0015152,0,0,0,0,0,0.16061,0,0,0,0,0,0,0.33485,0,0,0,0,0,0,0.50303,0.35455,0,0,0,0,0,0.18636,0,0,0,0,0,0,0.28939,0,0,0,0,0,0,0.1697,0.74848,0,0,0,0,0,0.25152,0,0,0,0,0,0,0,0,0,0,0,0,0,0,0.6,0,0,0,0,0,0,0,0,0,0,0,0,0.051515,0,0,0,0,0,0,0.34848,0,0,0,0,0,0,0,0,0,0,0,0,0,0.0015152,0,0,0,0,0,0,0.99848,0.12121,0,0,0,0,0,0.12424,0,0,0,0,0,0,0.5197,0,0,0,0,0,0,0.23485,0.60606,0,0,0,0,0,0.32273,0,0,0,0,0,0,0.071212,0,0,0,0,0,0,0,0.90909,0,0,0,0,0,0,0,0,0,0,0,0,0.0015152,0,0,0,0,0,0,0.089394,0.77273,0,0,0,0,0,0,0,0,0,0,0,0,0.0045455,0,0,0,0,0,0,0.22273,0.79394,0,0,0,0,0,0.027273,0,0,0,0,0,0,0.15455,0,0,0,0,0,0,0.024242,0.9197,0,0,0,0,0,0.05303,0,0,0,0,0,0,0.027273,0,0,0,0,0,0,0
0.92727,0,0,0,0,0,0,0,0,0,0,0,0,0.0060606,0,0,0,0,0,0,0.066667,0.81818,0,0,0,0,0,0.0075758,0,0,0,0,0,0,0.063636,0,0,0,0,0,0,0.11061,0.82727,0,0,0,0,0,0.045455,0,0,0,0,0,0,0.077273,0,0,0,0,0,0,0.05,0.99394,0,0,0,0,0,0.0060606,0,0,0,0,0,0,0,0,0,0,0,0,0,0,0.6,0,0,0,0,0,0.0060606,0,0,0,0,0,0,0.060606,0,0,0,0,0,0,0.33333,0,0,0,0,0,0,0.039394,0,0,0,0,0,0,0.55152,0,0,0,0,0,0,0.40909,0.016667,0,0,0,0,0,0.28788,0,0,0,0,0,0,0.43485,0,0,0,0,0,0,0.26061,0.96061,0,0,0,0,0,0.039394,0,0,0,0,0,0,0,0,0,0,0,0,0,0,0.6,0,0,0,0,0,0,0,0,0,0,0,0,0.09697,0,0,0,0,0,0,0.30303,0.013636,0,0,0,0,0,0.071212,0,0,0,0,0,0,0.34545,0,0,0,0,0,0,0.5697,0.22424,0,0,0,0,0,0.18333,0,0,0,0,0,0,0.29394,0,0,0,0,0,0,0.29848,0.63788,0,0,0,0,0,0.2,0,0,0,0,0,0,0.15758,0,0,0,0,0,0,0.0045455,0.90909,0,0,0,0,0,0,0,0,0,0,0,0,0.0075758,0,0,0,0,0,0,0.083333,0.77273,0,0,0,0,0,0.013636,0,0,0,0,0,0,0.045455,0,0,0,0,0,0,0.16818,0.91515,0,0,0,0,0,0.063636,0,0,0,0,0,0,0.021212,0,0,0,0,0,0,0,0.88636,0,0,0,0,0,0.030303,0,0,0,0,0,0,0.083333,0,0,0,0,0,0,0
